reference_joconde,match_status,match_method,rights_status,license,titre_joconde,musee_joconde,artistes,wikidata_qid,commons_file,source_page_url,file_url,credit,creator,license_url,match_evidence,verified_by,verified_at,note_verification
00000077353,a_verifier,inventory_number,open,Public domain,AMOUR REPANDANT DES FLEURS,musée Condé,Annibale Carracci,Q64651948,Annibale Carracci La Notte Museo Condé Chantilly.jpg,https://commons.wikimedia.org/wiki/File:Annibale_Carracci_La_Notte_Museo_Cond%C3%A9_Chantilly.jpg,https://upload.wikimedia.org/wikipedia/commons/f/fe/Annibale_Carracci_La_Notte_Museo_Cond%C3%A9_Chantilly.jpg,Joconde database : entry 00000077354,Annibale Carracci,,inventory_match;institution_match,auto,2026-07-29,
00000103010,a_verifier,inventory_number,unknown,,JUDITH TENANT LA TETE D'HOLOPHERNE,musée du Louvre,Guido Reni,Q115673014,,,,,,,inventory_match;institution_match;title_match,auto,2026-07-29,
000DE006757,a_verifier,inventory_number,unknown,,LA NOURRICE,musée des beaux-arts,Greuze,Q138415095,,,,,,,inventory_match;institution_match,auto,2026-07-29,
000DE006757,a_verifier,inventory_number,unknown,,LA NOURRICE,musée des beaux-arts,Greuze,Q120685750,,,,,,,inventory_match;institution_match,auto,2026-07-29,
000DE006757,a_verifier,inventory_number,open,Public domain,LA NOURRICE,musée des beaux-arts,Greuze,Q123598654,Theodor van Loon - L'assomption de la Vierge.jpg,https://commons.wikimedia.org/wiki/File:Theodor_van_Loon_-_L%27assomption_de_la_Vierge.jpg,https://upload.wikimedia.org/wikipedia/commons/7/74/Theodor_van_Loon_-_L%27assomption_de_la_Vierge.jpg,This illustration was made by Antoine Motte dit Falisse alias M0tty but it is in the public domain because it is a faithful photographic reproduction of an original two-dimensional work of art and the work of art itself is in the public domain . English | français | +/−,Theodoor van Loon,,inventory_match;institution_match,auto,2026-07-29,
000DE006757,a_verifier,inventory_number,open,Public domain,LA NOURRICE,musée des beaux-arts,Greuze,Q24284077,Nicolaes Maes - Christ before Pilate - Szépművészeti Múzeum.jpg,https://commons.wikimedia.org/wiki/File:Nicolaes_Maes_-_Christ_before_Pilate_-_Sz%C3%A9pm%C5%B1v%C3%A9szeti_M%C3%BAzeum.jpg,https://upload.wikimedia.org/wikipedia/commons/4/4a/Nicolaes_Maes_-_Christ_before_Pilate_-_Sz%C3%A9pm%C5%B1v%C3%A9szeti_M%C3%BAzeum.jpg,https://www.szepmuveszeti.hu/adatlap_eng/christ_before_pilate_regnier_van_9794,Nicolaes Maes / Attributed to Reynier van Gherwen,,inventory_match;institution_match,auto,2026-07-29,
000DE006830,a_verifier,inventory_number,unknown,,PROJET DE MEDAILLE EN MEMOIRE DE LA CESSATION DE LA PESTE A MARSEILLE,musée des beaux-arts,Bouchardon,Q138428832,,,,,,,inventory_match;institution_match,auto,2026-07-29,
000DE006830,a_verifier,inventory_number,open,CC BY-SA 4.0,PROJET DE MEDAILLE EN MEMOIRE DE LA CESSATION DE LA PESTE A MARSEILLE,musée des beaux-arts,Bouchardon,Q120675164,PMa B 646 Tournai.jpg,https://commons.wikimedia.org/wiki/File:PMa_B_646_Tournai.jpg,https://upload.wikimedia.org/wikipedia/commons/8/88/PMa_B_646_Tournai.jpg,Own work,PMRMaeyaert,https://creativecommons.org/licenses/by-sa/4.0,inventory_match;institution_match,auto,2026-07-29,
000DE006830,a_verifier,inventory_number,open,Public domain,PROJET DE MEDAILLE EN MEMOIRE DE LA CESSATION DE LA PESTE A MARSEILLE,musée des beaux-arts,Bouchardon,Q94657444,"Félix Vallotton, 1925 - Paysage de la Creuse.png","https://commons.wikimedia.org/wiki/File:F%C3%A9lix_Vallotton,_1925_-_Paysage_de_la_Creuse.png",https://upload.wikimedia.org/wikipedia/commons/2/26/F%C3%A9lix_Vallotton%2C_1925_-_Paysage_de_la_Creuse.png,http://wetreesinart.tumblr.com/post/80902963548/f%C3%A9lix-vallotton-suisse-1865-1925-paysage-de-la,Félix Vallotton,,inventory_match;institution_match;title_match,auto,2026-07-29,
000DE006830,a_verifier,inventory_number,open,Public domain,PROJET DE MEDAILLE EN MEMOIRE DE LA CESSATION DE LA PESTE A MARSEILLE,musée des beaux-arts,Bouchardon,Q106091670,Waltmann Strasbourg pasce oves meas.jpg,https://commons.wikimedia.org/wiki/File:Waltmann_Strasbourg_pasce_oves_meas.jpg,https://upload.wikimedia.org/wikipedia/commons/1/1a/Waltmann_Strasbourg_pasce_oves_meas.jpg,Own work,Abraham van Diepenbeeck,,inventory_match;institution_match,auto,2026-07-29,
000DE006899,a_verifier,inventory_number,open,Public domain,GUERRIERS AU COMBAT,musée des beaux-arts,Annibale Carracci,Q111731605,Rubens Portrait de femme.jpg,https://commons.wikimedia.org/wiki/File:Rubens_Portrait_de_femme.jpg,https://upload.wikimedia.org/wikipedia/commons/d/dc/Rubens_Portrait_de_femme.jpg,Own work,Peter Paul Rubens,,inventory_match;institution_match,auto,2026-07-29,
000DE006899,a_verifier,inventory_number,unknown,,GUERRIERS AU COMBAT,musée des beaux-arts,Annibale Carracci,Q120686225,,,,,,,inventory_match;institution_match,auto,2026-07-29,
000DE006899,a_verifier,inventory_number,unknown,,GUERRIERS AU COMBAT,musée des beaux-arts,Annibale Carracci,Q59512364,,,,,,,inventory_match;institution_match,auto,2026-07-29,
000DE006899,a_verifier,inventory_number,open,Public domain,GUERRIERS AU COMBAT,musée des beaux-arts,Annibale Carracci,Q60052265,PMa B 571 Tournai.jpg,https://commons.wikimedia.org/wiki/File:PMa_B_571_Tournai.jpg,https://upload.wikimedia.org/wikipedia/commons/4/49/PMa_B_571_Tournai.jpg,Own work,Fernand Khnopff,,inventory_match;institution_match,auto,2026-07-29,
000PE014504,a_verifier,inventory_number,open,Public domain,PAYSAGE ET GUERRIERS,musée des beaux-arts,Salvator Rosa,Q116296398,Sac-de-Rome-3-Pieter-Brueghel-il-Vecchio.jpg,https://commons.wikimedia.org/wiki/File:Sac-de-Rome-3-Pieter-Brueghel-il-Vecchio.jpg,https://upload.wikimedia.org/wikipedia/commons/6/68/Sac-de-Rome-3-Pieter-Brueghel-il-Vecchio.jpg,http://autourdelombreduconnetable.com/wp-content/uploads/2014/12/Sac-de-Rome-3-Pieter-Brueghel-il-Vecchio.jpg,Pieter Brueghel the Elder,,inventory_match;institution_match,auto,2026-07-29,
000PE014504,a_verifier,inventory_number,open,Public domain,PAYSAGE ET GUERRIERS,musée des beaux-arts,Salvator Rosa,Q23795682,"Reine Berthe et les fileueses, 1888.jpg","https://commons.wikimedia.org/wiki/File:Reine_Berthe_et_les_fileueses,_1888.jpg",https://upload.wikimedia.org/wikipedia/commons/7/71/Reine_Berthe_et_les_fileueses%2C_1888.jpg,Unknown source Unknown source,Albert Anker,,inventory_match;institution_match,auto,2026-07-29,
000PE014504,a_verifier,inventory_number,unknown,,PAYSAGE ET GUERRIERS,musée des beaux-arts,Salvator Rosa,Q111652161,,,,,,,inventory_match;institution_match,auto,2026-07-29,
000PE014505,a_verifier,inventory_number,unknown,,ERMITE EN MEDITATION,musée des beaux-arts,Salvator Rosa,Q138414406,,,,,,,inventory_match;institution_match,auto,2026-07-29,
000PE014505,a_verifier,inventory_number,unknown,,ERMITE EN MEDITATION,musée des beaux-arts,Salvator Rosa,Q120685116,,,,,,,inventory_match;institution_match,auto,2026-07-29,
000PE014505,a_verifier,inventory_number,open,Public domain,ERMITE EN MEDITATION,musée des beaux-arts,Salvator Rosa,Q59508063,William Brymner - With Dolly at the Sabot-makers.jpg,https://commons.wikimedia.org/wiki/File:William_Brymner_-_With_Dolly_at_the_Sabot-makers.jpg,https://upload.wikimedia.org/wikipedia/commons/d/da/William_Brymner_-_With_Dolly_at_the_Sabot-makers.jpg,The AMICA Library,William Brymner,,inventory_match;institution_match,auto,2026-07-29,
000PE014505,a_verifier,inventory_number,unknown,,ERMITE EN MEDITATION,musée des beaux-arts,Salvator Rosa,Q91018241,,,,,,,inventory_match;institution_match,auto,2026-07-29,
000PE014694,a_verifier,inventory_number,unknown,,SAINT JEAN L'EVANGELISTE,musée des beaux-arts,Andrea del Sarto,Q120685130,,,,,,,inventory_match;institution_match,auto,2026-07-29,
000PE014694,a_verifier,inventory_number,unknown,,SAINT JEAN L'EVANGELISTE,musée des beaux-arts,Andrea del Sarto,Q138414067,,,,,,,inventory_match;institution_match,auto,2026-07-29,
000PE014694,a_verifier,inventory_number,open,Public domain,SAINT JEAN L'EVANGELISTE,musée des beaux-arts,Andrea del Sarto,Q105534743,Boucher pastorale.jpg,https://commons.wikimedia.org/wiki/File:Boucher_pastorale.jpg,https://upload.wikimedia.org/wikipedia/commons/4/4f/Boucher_pastorale.jpg,Unknown source Unknown source,François Boucher,,inventory_match;institution_match,auto,2026-07-29,
000PE014694,a_verifier,inventory_number,unknown,,SAINT JEAN L'EVANGELISTE,musée des beaux-arts,Andrea del Sarto,Q59503416,,,,,,,inventory_match;institution_match,auto,2026-07-29,
000PE014737,a_verifier,inventory_number,open,CC BY-SA 4.0,FIGURE ALLEGORIQUE,musée des beaux-arts,Le Corrège,Q124846819,Prédication saint-Jean-Baptiste début XVI h sur panneau d marquis de la Rochejacquelin 1839 440 musée de Chartres.jpg,https://commons.wikimedia.org/wiki/File:Pr%C3%A9dication_saint-Jean-Baptiste_d%C3%A9but_XVI_h_sur_panneau_d_marquis_de_la_Rochejacquelin_1839_440_mus%C3%A9e_de_Chartres.jpg,https://upload.wikimedia.org/wikipedia/commons/f/f0/Pr%C3%A9dication_saint-Jean-Baptiste_d%C3%A9but_XVI_h_sur_panneau_d_marquis_de_la_Rochejacquelin_1839_440_mus%C3%A9e_de_Chartres.jpg,Own work,Le Passant,https://creativecommons.org/licenses/by-sa/4.0,inventory_match;institution_match,auto,2026-07-29,
000PE021397,a_verifier,inventory_number,unknown,,Le Sauveur du monde,musée des beaux-arts,Hyacinthe Rigaud,Q138428565,,,,,,,inventory_match;institution_match,auto,2026-07-29,
000PE021397,a_verifier,inventory_number,open,Public domain,Le Sauveur du monde,musée des beaux-arts,Hyacinthe Rigaud,Q130324387,Champaigne saint Vincent Bruxelles.jpg,https://commons.wikimedia.org/wiki/File:Champaigne_saint_Vincent_Bruxelles.jpg,https://upload.wikimedia.org/wikipedia/commons/a/a3/Champaigne_saint_Vincent_Bruxelles.jpg,Google,Philippe de Champaigne,,inventory_match;institution_match,auto,2026-07-29,
000PE021397,a_verifier,inventory_number,open,Public domain,Le Sauveur du monde,musée des beaux-arts,Hyacinthe Rigaud,Q21614108,"Theodoor Boeyermans - Antwerp, Nourishing the Painters.jpg","https://commons.wikimedia.org/wiki/File:Theodoor_Boeyermans_-_Antwerp,_Nourishing_the_Painters.jpg",https://upload.wikimedia.org/wikipedia/commons/d/d4/Theodoor_Boeyermans_-_Antwerp%2C_Nourishing_the_Painters.jpg,http://www.lukasweb.be/en/photo/antwerp-nourishing-the-painters,Theodoor Boeyermans,,inventory_match;institution_match,auto,2026-07-29,
000PE021397,a_verifier,inventory_number,unknown,,Le Sauveur du monde,musée des beaux-arts,Hyacinthe Rigaud,Q59526260,,,,,,,inventory_match;institution_match,auto,2026-07-29,
000PE021397,a_verifier,inventory_number,open,Public domain,Le Sauveur du monde,musée des beaux-arts,Hyacinthe Rigaud,Q124985587,Portrait de Turenne de Philippe de Champaigne musée des Beaux-arts de Chartres Eure-et-Loir France.jpg,https://commons.wikimedia.org/wiki/File:Portrait_de_Turenne_de_Philippe_de_Champaigne_mus%C3%A9e_des_Beaux-arts_de_Chartres_Eure-et-Loir_France.jpg,https://upload.wikimedia.org/wikipedia/commons/b/bb/Portrait_de_Turenne_de_Philippe_de_Champaigne_mus%C3%A9e_des_Beaux-arts_de_Chartres_Eure-et-Loir_France.jpg,https://gallica.bnf.fr/ark:/12148/bpt6k6524806f/f51.item,Philippe de Champaigne (1602-1674),,inventory_match;institution_match,auto,2026-07-29,
000PE021397,a_verifier,inventory_number,unknown,,Le Sauveur du monde,musée des beaux-arts,Hyacinthe Rigaud,Q120674033,,,,,,,inventory_match;institution_match,auto,2026-07-29,
05120000046,a_verifier,inventory_number,unknown,,Le Torrent,musée des Beaux-Arts,David Téniers,Q138414551,,,,,,,inventory_match;institution_match,auto,2026-07-29,
05120001189,a_verifier,inventory_number,open,Public domain,L'Annonciation,musée des Beaux-Arts,Federico Barocci,Q113492913,Annonciation Federico Barocci (le Baroche) - 1584 - Nancy.jpg,https://commons.wikimedia.org/wiki/File:Annonciation_Federico_Barocci_(le_Baroche)_-_1584_-_Nancy.jpg,https://upload.wikimedia.org/wikipedia/commons/d/d7/Annonciation_Federico_Barocci_%28le_Baroche%29_-_1584_-_Nancy.jpg,Own work,Helvio ricina,,inventory_match;institution_match;title_match,auto,2026-07-29,
05120001189,a_verifier,inventory_number,unknown,,L'Annonciation,musée des Beaux-Arts,Federico Barocci,Q120685099,,,,,,,inventory_match;institution_match,auto,2026-07-29,
05120001189,a_verifier,inventory_number,unknown,,L'Annonciation,musée des Beaux-Arts,Federico Barocci,Q66547759,,,,,,,inventory_match;institution_match,auto,2026-07-29,
05120001189,a_verifier,inventory_number,open,Public domain,L'Annonciation,musée des Beaux-Arts,Federico Barocci,Q124393331,"Agostino Carracci, Festa Campestre, Marsiglia.jpg","https://commons.wikimedia.org/wiki/File:Agostino_Carracci,_Festa_Campestre,_Marsiglia.jpg",https://upload.wikimedia.org/wikipedia/commons/d/d4/Agostino_Carracci%2C_Festa_Campestre%2C_Marsiglia.jpg,[2],Agostino Carracci,,inventory_match;institution_match,auto,2026-07-29,
05120001189,a_verifier,inventory_number,open,Public domain,L'Annonciation,musée des Beaux-Arts,Federico Barocci,Q112185951,Temptation of St Anthony by Paolo Veronese.jpg,https://commons.wikimedia.org/wiki/File:Temptation_of_St_Anthony_by_Paolo_Veronese.jpg,https://upload.wikimedia.org/wikipedia/commons/9/96/Temptation_of_St_Anthony_by_Paolo_Veronese.jpg,"Web Gallery of Art : Image Info about artwork wga QS:P11807,""/v/veronese/02_1550s/2tempta2""",Paolo Veronese,,inventory_match;institution_match,auto,2026-07-29,
05120001189,a_verifier,inventory_number,unknown,,L'Annonciation,musée des Beaux-Arts,Federico Barocci,Q59530132,,,,,,,inventory_match;institution_match,auto,2026-07-29,
05120001189,a_verifier,inventory_number,open,Public domain,L'Annonciation,musée des Beaux-Arts,Federico Barocci,Q120673917,Edouard Agneessens (1842-1885) - Naaktstudie (1878) - Museum voor Schone Kunsten (Doornik) 23-12-2010 15-04-36.jpg,https://commons.wikimedia.org/wiki/File:Edouard_Agneessens_(1842-1885)_-_Naaktstudie_(1878)_-_Museum_voor_Schone_Kunsten_(Doornik)_23-12-2010_15-04-36.jpg,https://upload.wikimedia.org/wikipedia/commons/a/ad/Edouard_Agneessens_%281842-1885%29_-_Naaktstudie_%281878%29_-_Museum_voor_Schone_Kunsten_%28Doornik%29_23-12-2010_15-04-36.jpg,Own work,Paul Hermans,,inventory_match;institution_match,auto,2026-07-29,
05120002092,a_verifier,inventory_number,unknown,,Conversion de saint Paul ; Saint Paul terrassé sur le chemin de Damas,musée des Beaux-Arts,Luca Giordano,Q138424654,,,,,,,inventory_match;institution_match,auto,2026-07-29,
05120002092,a_verifier,inventory_number,unknown,,Conversion de saint Paul ; Saint Paul terrassé sur le chemin de Damas,musée des Beaux-Arts,Luca Giordano,Q59538440,,,,,,,inventory_match;institution_match,auto,2026-07-29,
05120002092,a_verifier,inventory_number,open,Public domain,Conversion de saint Paul ; Saint Paul terrassé sur le chemin de Damas,musée des Beaux-Arts,Luca Giordano,Q113557339,Hippolyte Pradelles-Promenade en bateau au clair de lune.jpg,https://commons.wikimedia.org/wiki/File:Hippolyte_Pradelles-Promenade_en_bateau_au_clair_de_lune.jpg,https://upload.wikimedia.org/wikipedia/commons/a/a6/Hippolyte_Pradelles-Promenade_en_bateau_au_clair_de_lune.jpg,Own work (photo or scan: Ji-Elle ),Hippolyte Pradelles,,inventory_match;institution_match,auto,2026-07-29,
05120002092,a_verifier,inventory_number,unknown,,Conversion de saint Paul ; Saint Paul terrassé sur le chemin de Damas,musée des Beaux-Arts,Luca Giordano,Q50946768,,,,,,,inventory_match;institution_match,auto,2026-07-29,
05120002906,a_verifier,inventory_number,open,CC BY-SA 4.0,Etudes de casques antiques,musée des Beaux-Arts,Nicolas Poussin,Q63346570,Etudes de casques antiques.jpg,https://commons.wikimedia.org/wiki/File:Etudes_de_casques_antiques.jpg,https://upload.wikimedia.org/wikipedia/commons/0/0e/Etudes_de_casques_antiques.jpg,This photograph is preserved by the Museum of Fine Arts of Nancy. It was provided to Wikimedia Commons as part of a cooperation project with Wikimédia France .,"Poussin, Nicolas",https://creativecommons.org/licenses/by-sa/4.0,inventory_match;institution_match;title_match,auto,2026-07-29,
06570008170,a_verifier,inventory_number,unknown,,Le Christ au tombeau ; Déploration sur le corps du Christ,musée des beaux-arts,Le Pérugin,Q138416129,,,,,,,inventory_match;institution_match,auto,2026-07-29,
06570008170,a_verifier,inventory_number,unknown,,Le Christ au tombeau ; Déploration sur le corps du Christ,musée des beaux-arts,Le Pérugin,Q107493311,,,,,,,inventory_match;institution_match,auto,2026-07-29,
06570008170,a_verifier,inventory_number,open,Public domain,Le Christ au tombeau ; Déploration sur le corps du Christ,musée des beaux-arts,Le Pérugin,Q5803847,"Joachim Patinir - Landscape with the Flight into Egypt, 1516-1517, 64.tif","https://commons.wikimedia.org/wiki/File:Joachim_Patinir_-_Landscape_with_the_Flight_into_Egypt,_1516-1517,_64.tif",https://upload.wikimedia.org/wikipedia/commons/5/5d/Joachim_Patinir_-_Landscape_with_the_Flight_into_Egypt%2C_1516-1517%2C_64.tif,https://kmska.be/en/meesterwerken?keys=Patinir,Joachim Patinir,,inventory_match;institution_match,auto,2026-07-29,
06570009240,a_verifier,inventory_number,unknown,,La Vierge et l'Enfant entourés d'anges ; Triomphe de la Vierge,musée des beaux-arts,Le Tintoret,Q120686172,,,,,,,inventory_match;institution_match,auto,2026-07-29,
06570009240,a_verifier,inventory_number,unknown,,La Vierge et l'Enfant entourés d'anges ; Triomphe de la Vierge,musée des beaux-arts,Le Tintoret,Q138428760,,,,,,,inventory_match;institution_match,auto,2026-07-29,
06570009240,a_verifier,inventory_number,unknown,,La Vierge et l'Enfant entourés d'anges ; Triomphe de la Vierge,musée des beaux-arts,Le Tintoret,Q59500635,,,,,,,inventory_match;institution_match,auto,2026-07-29,
07430004686,a_verifier,inventory_number,open,CC BY-SA 4.0,Quatre têtes d'étude,musée des Beaux-Arts,Carlo Maratti,Q22009214,Longchamp028 Rubens Chasse sanglier.jpg,https://commons.wikimedia.org/wiki/File:Longchamp028_Rubens_Chasse_sanglier.jpg,https://upload.wikimedia.org/wikipedia/commons/d/de/Longchamp028_Rubens_Chasse_sanglier.jpg,Own work,Finoskov,https://creativecommons.org/licenses/by-sa/4.0,inventory_match;institution_match,auto,2026-07-29,
07430004686,a_verifier,inventory_number,open,Public domain,Quatre têtes d'étude,musée des Beaux-Arts,Carlo Maratti,Q21614212,Kmska Maerten de Vos (1531 of 1532 - 1603) - Verzoeking van de heilige Antonius 28-02-2010 14-03-13kopie.jpg,https://commons.wikimedia.org/wiki/File:Kmska_Maerten_de_Vos_(1531_of_1532_-_1603)_-_Verzoeking_van_de_heilige_Antonius_28-02-2010_14-03-13kopie.jpg,https://upload.wikimedia.org/wikipedia/commons/9/9c/Kmska_Maerten_de_Vos_%281531_of_1532_-_1603%29_-_Verzoeking_van_de_heilige_Antonius_28-02-2010_14-03-13kopie.jpg,"Self-photographed (photo made by Paul Hermans ), photo made on 2010-02-28",Maerten de Vos,,inventory_match;institution_match,auto,2026-07-29,
07430004686,a_verifier,inventory_number,unknown,,Quatre têtes d'étude,musée des Beaux-Arts,Carlo Maratti,Q138428718,,,,,,,inventory_match;institution_match,auto,2026-07-29,
07430004686,a_verifier,inventory_number,unknown,,Quatre têtes d'étude,musée des Beaux-Arts,Carlo Maratti,Q120674149,,,,,,,inventory_match;institution_match,auto,2026-07-29,
07430004686,a_verifier,inventory_number,open,Public domain,Quatre têtes d'étude,musée des Beaux-Arts,Carlo Maratti,Q59538982,"Paul Kane - Danse du scalp des Chualpays, v. 1851-1856, Musée des Beaux-Arts du Canada.jpg","https://commons.wikimedia.org/wiki/File:Paul_Kane_-_Danse_du_scalp_des_Chualpays,_v._1851-1856,_Mus%C3%A9e_des_Beaux-Arts_du_Canada.jpg",https://upload.wikimedia.org/wikipedia/commons/f/fb/Paul_Kane_-_Danse_du_scalp_des_Chualpays%2C_v._1851-1856%2C_Mus%C3%A9e_des_Beaux-Arts_du_Canada.jpg,Musée des beaux-arts du Canada,Paul Kane,,inventory_match;institution_match,auto,2026-07-29,
07430004698,a_verifier,inventory_number,unknown,,Les arbres abattus ; Paysage (Ancien titre),musée des Beaux-Arts,Salvator Rosa,Q120685517,,,,,,,inventory_match;institution_match,auto,2026-07-29,
07430004698,a_verifier,inventory_number,unknown,,Les arbres abattus ; Paysage (Ancien titre),musée des Beaux-Arts,Salvator Rosa,Q120686219,,,,,,,inventory_match;institution_match,auto,2026-07-29,
07430004698,a_verifier,inventory_number,unknown,,Les arbres abattus ; Paysage (Ancien titre),musée des Beaux-Arts,Salvator Rosa,Q105346938,,,,,,,inventory_match;institution_match,auto,2026-07-29,
07430004698,a_verifier,inventory_number,unknown,,Les arbres abattus ; Paysage (Ancien titre),musée des Beaux-Arts,Salvator Rosa,Q116296059,,,,,,,inventory_match;institution_match,auto,2026-07-29,
07430004698,a_verifier,inventory_number,open,Public domain,Les arbres abattus ; Paysage (Ancien titre),musée des Beaux-Arts,Salvator Rosa,Q19923785,Jacob Fobsen Van Es Déjeuner Nancy 250808.jpg,https://commons.wikimedia.org/wiki/File:Jacob_Fobsen_Van_Es_D%C3%A9jeuner_Nancy_250808.jpg,https://upload.wikimedia.org/wikipedia/commons/3/3a/Jacob_Fobsen_Van_Es_D%C3%A9jeuner_Nancy_250808.jpg,Own work,Vassil,,inventory_match;institution_match,auto,2026-07-29,
07430004698,a_verifier,inventory_number,unknown,,Les arbres abattus ; Paysage (Ancien titre),musée des Beaux-Arts,Salvator Rosa,Q59538940,,,,,,,inventory_match;institution_match,auto,2026-07-29,
07430004698,a_verifier,inventory_number,unknown,,Les arbres abattus ; Paysage (Ancien titre),musée des Beaux-Arts,Salvator Rosa,Q120674215,,,,,,,inventory_match;institution_match,auto,2026-07-29,
07430004969,a_verifier,inventory_number,unknown,,La Charité chrétienne,musée des Beaux-Arts,Guido Reni,Q120685146,,,,,,,inventory_match;institution_match,auto,2026-07-29,
07430004969,a_verifier,inventory_number,unknown,,La Charité chrétienne,musée des Beaux-Arts,Guido Reni,Q120685546,,,,,,,inventory_match;institution_match,auto,2026-07-29,
07430004969,a_verifier,inventory_number,unknown,,La Charité chrétienne,musée des Beaux-Arts,Guido Reni,Q138415185,,,,,,,inventory_match;institution_match,auto,2026-07-29,
07430004969,a_verifier,inventory_number,unknown,,La Charité chrétienne,musée des Beaux-Arts,Guido Reni,Q138424776,,,,,,,inventory_match;institution_match,auto,2026-07-29,
07430004969,a_verifier,inventory_number,unknown,,La Charité chrétienne,musée des Beaux-Arts,Guido Reni,Q120673883,,,,,,,inventory_match;institution_match,auto,2026-07-29,
07430004969,a_verifier,inventory_number,unknown,,La Charité chrétienne,musée des Beaux-Arts,Guido Reni,Q59518321,,,,,,,inventory_match;institution_match,auto,2026-07-29,
07430004969,a_verifier,inventory_number,open,Public domain,La Charité chrétienne,musée des Beaux-Arts,Guido Reni,Q115059147,Jean Jalabert - Odalisque.jpg,https://commons.wikimedia.org/wiki/File:Jean_Jalabert_-_Odalisque.jpg,https://upload.wikimedia.org/wikipedia/commons/f/fe/Jean_Jalabert_-_Odalisque.jpg,"Own work , Tylwyth Eldar , 2022-08-19 16:30:50",Jean Jalabert,,inventory_match;institution_match,auto,2026-07-29,
07430005048,a_verifier,inventory_number,unknown,,Paysage animé,musée des Beaux-Arts,Salvator Rosa,Q138416340,,,,,,,inventory_match;institution_match,auto,2026-07-29,
07430005048,a_verifier,inventory_number,unknown,,Paysage animé,musée des Beaux-Arts,Salvator Rosa,Q59510986,,,,,,,inventory_match;institution_match,auto,2026-07-29,
07430005048,a_verifier,inventory_number,open,Public domain,Paysage animé,musée des Beaux-Arts,Salvator Rosa,Q21614591,Peter Paul Rubens - Christus aan het kruis - 313 - Royal Museum of Fine Arts Antwerp.tiff,https://commons.wikimedia.org/wiki/File:Peter_Paul_Rubens_-_Christus_aan_het_kruis_-_313_-_Royal_Museum_of_Fine_Arts_Antwerp.tiff,https://upload.wikimedia.org/wikipedia/commons/6/60/Peter_Paul_Rubens_-_Christus_aan_het_kruis_-_313_-_Royal_Museum_of_Fine_Arts_Antwerp.tiff,Royal Museum of Fine Arts Antwerp,Peter Paul Rubens,,inventory_match;institution_match,auto,2026-07-29,
07430005048,a_verifier,inventory_number,open,CC BY-SA 4.0,Paysage animé,musée des Beaux-Arts,Salvator Rosa,Q106729701,Beaux-Arts de Carcassonne - Bord de la mer à Bandol - Raphaël Ponson.jpg,https://commons.wikimedia.org/wiki/File:Beaux-Arts_de_Carcassonne_-_Bord_de_la_mer_%C3%A0_Bandol_-_Rapha%C3%ABl_Ponson.jpg,https://upload.wikimedia.org/wikipedia/commons/5/50/Beaux-Arts_de_Carcassonne_-_Bord_de_la_mer_%C3%A0_Bandol_-_Rapha%C3%ABl_Ponson.jpg,Own work,Didier Descouens,https://creativecommons.org/licenses/by-sa/4.0,inventory_match;institution_match,auto,2026-07-29,
07430005048,a_verifier,inventory_number,unknown,,Paysage animé,musée des Beaux-Arts,Salvator Rosa,Q120674883,,,,,,,inventory_match;institution_match,auto,2026-07-29,
07430005116,a_verifier,inventory_number,open,CC BY 4.0,L'Ange gardien,musée des Beaux-Arts,Carlo Maratti,Q120684969,"Bertholet Flémal - La Conversion de saint Paul (esquisse, 1670, 58 x 45 cm).jpg","https://commons.wikimedia.org/wiki/File:Bertholet_Fl%C3%A9mal_-_La_Conversion_de_saint_Paul_(esquisse,_1670,_58_x_45_cm).jpg",https://upload.wikimedia.org/wikipedia/commons/d/d4/Bertholet_Fl%C3%A9mal_-_La_Conversion_de_saint_Paul_%28esquisse%2C_1670%2C_58_x_45_cm%29.jpg,https://balat.kikirpa.be/object/10044099,Bertholet Flémal,https://creativecommons.org/licenses/by/4.0,inventory_match;institution_match,auto,2026-07-29,
07430005116,a_verifier,inventory_number,unknown,,L'Ange gardien,musée des Beaux-Arts,Carlo Maratti,Q120685796,,,,,,,inventory_match;institution_match,auto,2026-07-29,
07430005116,a_verifier,inventory_number,unknown,,L'Ange gardien,musée des Beaux-Arts,Carlo Maratti,Q120674715,,,,,,,inventory_match;institution_match,auto,2026-07-29,
07430005144,a_verifier,inventory_number,unknown,,Paysage. Soldats dans un ravin,musée des Beaux-Arts,Salvator Rosa,Q116296346,,,,,,,inventory_match;institution_match,auto,2026-07-29,
07430005144,a_verifier,inventory_number,unknown,,Paysage. Soldats dans un ravin,musée des Beaux-Arts,Salvator Rosa,Q59505813,,,,,,,inventory_match;institution_match,auto,2026-07-29,
07430005144,a_verifier,inventory_number,open,Public domain,Paysage. Soldats dans un ravin,musée des Beaux-Arts,Salvator Rosa,Q106432784,Willem van de Velde de Jonge - Marine.jpg,https://commons.wikimedia.org/wiki/File:Willem_van_de_Velde_de_Jonge_-_Marine.jpg,https://upload.wikimedia.org/wikipedia/commons/9/98/Willem_van_de_Velde_de_Jonge_-_Marine.jpg,Joconde database : entry 00190023068,Willem van de Velde the Younger,,inventory_match;institution_match,auto,2026-07-29,
07430005210,a_verifier,inventory_number,open,CC0,Tobie et l'ange,musée des Beaux-Arts,Simon Vouet,Q5861089,Peter Paul Rubens - Adoration of the Magi (KMSKA).jpg,https://commons.wikimedia.org/wiki/File:Peter_Paul_Rubens_-_Adoration_of_the_Magi_(KMSKA).jpg,https://upload.wikimedia.org/wikipedia/commons/9/95/Peter_Paul_Rubens_-_Adoration_of_the_Magi_%28KMSKA%29.jpg,Royal Museum of Fine Arts Antwerp,Peter Paul Rubens,http://creativecommons.org/publicdomain/zero/1.0/deed.en,inventory_match;institution_match,auto,2026-07-29,
07430005210,a_verifier,inventory_number,unknown,,Tobie et l'ange,musée des Beaux-Arts,Simon Vouet,Q120685970,,,,,,,inventory_match;institution_match;title_match,auto,2026-07-29,
07430005210,a_verifier,inventory_number,open,CC BY 3.0,Tobie et l'ange,musée des Beaux-Arts,Simon Vouet,Q122209649,"Simon vouet, san carlo borromeo prega per gli appestati di milano.JPG","https://commons.wikimedia.org/wiki/File:Simon_vouet,_san_carlo_borromeo_prega_per_gli_appestati_di_milano.JPG",https://upload.wikimedia.org/wikipedia/commons/c/c9/Simon_vouet%2C_san_carlo_borromeo_prega_per_gli_appestati_di_milano.JPG,Own work,Sailko,https://creativecommons.org/licenses/by/3.0,inventory_match;institution_match,auto,2026-07-29,
07430005210,a_verifier,inventory_number,unknown,,Tobie et l'ange,musée des Beaux-Arts,Simon Vouet,Q138416305,,,,,,,inventory_match;institution_match,auto,2026-07-29,
07430005210,a_verifier,inventory_number,open,CC BY-SA 4.0,Tobie et l'ange,musée des Beaux-Arts,Simon Vouet,Q106756915,Beaux-Arts de Carcassonne - Les premiers pas (Salon de 1883) - Georges Laugée 125x91.jpg,https://commons.wikimedia.org/wiki/File:Beaux-Arts_de_Carcassonne_-_Les_premiers_pas_(Salon_de_1883)_-_Georges_Laug%C3%A9e_125x91.jpg,https://upload.wikimedia.org/wikipedia/commons/b/b9/Beaux-Arts_de_Carcassonne_-_Les_premiers_pas_%28Salon_de_1883%29_-_Georges_Laug%C3%A9e_125x91.jpg,Own work,Didier Descouens,https://creativecommons.org/licenses/by-sa/4.0,inventory_match;institution_match,auto,2026-07-29,
07430005210,a_verifier,inventory_number,unknown,,Tobie et l'ange,musée des Beaux-Arts,Simon Vouet,Q124734241,,,,,,,inventory_match;institution_match,auto,2026-07-29,
07430005253,a_verifier,inventory_number,unknown,,Putto,musée des Beaux-Arts,Nicolas Poussin,Q138424793,,,,,,,inventory_match;institution_match,auto,2026-07-29,
07430005253,a_verifier,inventory_number,open,Public domain,Putto,musée des Beaux-Arts,Nicolas Poussin,Q130861693,Auguste Tissot painted by Angelika Kauffmann.jpg,https://commons.wikimedia.org/wiki/File:Auguste_Tissot_painted_by_Angelika_Kauffmann.jpg,https://upload.wikimedia.org/wikipedia/commons/6/60/Auguste_Tissot_painted_by_Angelika_Kauffmann.jpg,https://www.mcba.ch/collection/portrait-du-docteur-auguste-tissot/,Angelica Kauffmann,,inventory_match;institution_match,auto,2026-07-29,
07430005253,a_verifier,inventory_number,open,CC BY-SA 3.0,Putto,musée des Beaux-Arts,Nicolas Poussin,Q4402545,Le Rémouleur Francisco de Goya.jpg,https://commons.wikimedia.org/wiki/File:Le_R%C3%A9mouleur_Francisco_de_Goya.jpg,https://upload.wikimedia.org/wikipedia/commons/1/16/Le_R%C3%A9mouleur_Francisco_de_Goya.jpg,"Own work , Yelkrokoyade , 2011-07-20",Francisco Goya,https://creativecommons.org/licenses/by-sa/3.0,inventory_match;institution_match,auto,2026-07-29,
07430005266,a_verifier,inventory_number,unknown,,Putto,musée des Beaux-Arts,Nicolas Poussin,Q138428569,,,,,,,inventory_match;institution_match,auto,2026-07-29,
07430005280,a_verifier,inventory_number,unknown,,La tempête sur le phare,musée des Beaux-Arts,Joseph Vernet,Q138414564,,,,,,,inventory_match;institution_match,auto,2026-07-29,
07430005280,a_verifier,inventory_number,open,Public domain,La tempête sur le phare,musée des Beaux-Arts,Joseph Vernet,Q66730229,François Dubois - Le massacre de la Saint-Barthélemy - 729 -DUBOIS num4000 nr.jpg,https://commons.wikimedia.org/wiki/File:Fran%C3%A7ois_Dubois_-_Le_massacre_de_la_Saint-Barth%C3%A9lemy_-_729_-DUBOIS_num4000_nr.jpg,https://upload.wikimedia.org/wikipedia/commons/6/6b/Fran%C3%A7ois_Dubois_-_Le_massacre_de_la_Saint-Barth%C3%A9lemy_-_729_-DUBOIS_num4000_nr.jpg,https://www.mcba.ch/en/collection/the-saint-bartholomews-day-massacre/,François Dubois,,inventory_match;institution_match,auto,2026-07-29,
07430005474,a_verifier,inventory_number,unknown,,Vue du port,musée des Beaux-Arts,Salvator Rosa,Q120686080,,,,,,,inventory_match;institution_match,auto,2026-07-29,
07430005474,a_verifier,inventory_number,open,CC0,Vue du port,musée des Beaux-Arts,Salvator Rosa,Q124336825,"Navez, Portrait of Engelspach-Larivière, 1830.jpg","https://commons.wikimedia.org/wiki/File:Navez,_Portrait_of_Engelspach-Larivi%C3%A8re,_1830.jpg",https://upload.wikimedia.org/wikipedia/commons/0/0a/Navez%2C_Portrait_of_Engelspach-Larivi%C3%A8re%2C_1830.jpg,Own work,Karmakolle,http://creativecommons.org/publicdomain/zero/1.0/deed.en,inventory_match;institution_match,auto,2026-07-29,
07430005474,a_verifier,inventory_number,open,Public domain,Vue du port,musée des Beaux-Arts,Salvator Rosa,Q63536638,"Boucher - L'Aurore et Céphale, Nancy, musée des Beaux-Arts.jpg","https://commons.wikimedia.org/wiki/File:Boucher_-_L%27Aurore_et_C%C3%A9phale,_Nancy,_mus%C3%A9e_des_Beaux-Arts.jpg",https://upload.wikimedia.org/wikipedia/commons/2/2b/Boucher_-_L%27Aurore_et_C%C3%A9phale%2C_Nancy%2C_mus%C3%A9e_des_Beaux-Arts.jpg,https://www.photo.rmn.fr/archive/00-021612-2C6NU0VSFWPJ.html,François Boucher,,inventory_match;institution_match,auto,2026-07-29,
07430005474,a_verifier,inventory_number,unknown,,Vue du port,musée des Beaux-Arts,Salvator Rosa,Q138416268,,,,,,,inventory_match;institution_match,auto,2026-07-29,
07430005474,a_verifier,inventory_number,unknown,,Vue du port,musée des Beaux-Arts,Salvator Rosa,Q59539796,,,,,,,inventory_match;institution_match,auto,2026-07-29,
07430005647,a_verifier,inventory_number,unknown,,"Portrait de Jacques II Stuart, roi d'Ecosse",musée des Beaux-Arts,Nicolas de Largillière,Q138415275,,,,,,,inventory_match;institution_match,auto,2026-07-29,
07430007011,a_verifier,inventory_number,open,Public domain,Intérieur de tabagie,musée des Beaux-Arts,David Téniers,Q105346939,Ingres - Eliezer et Rébecca.jpg,https://commons.wikimedia.org/wiki/File:Ingres_-_Eliezer_et_R%C3%A9becca.jpg,https://upload.wikimedia.org/wikipedia/commons/0/09/Ingres_-_Eliezer_et_R%C3%A9becca.jpg,Own work,Jean-Auguste-Dominique Ingres / After Nicolas Poussin,,inventory_match;institution_match,auto,2026-07-29,
07430007020,a_verifier,inventory_number,unknown,,Têtes d'étude,musée des Beaux-Arts,Rubens,Q105346914,,,,,,,inventory_match;institution_match,auto,2026-07-29,
07430007020,a_verifier,inventory_number,unknown,,Têtes d'étude,musée des Beaux-Arts,Rubens,Q50881706,,,,,,,inventory_match;institution_match,auto,2026-07-29,
07430007025,a_verifier,inventory_number,open,CC BY-SA 3.0,L'arracheur de dents,musée des Beaux-Arts,David Téniers,Q123785795,"Gilles Lambert Godecharle - André Lens, peintre.jpg","https://commons.wikimedia.org/wiki/File:Gilles_Lambert_Godecharle_-_Andr%C3%A9_Lens,_peintre.jpg",https://upload.wikimedia.org/wikipedia/commons/c/cd/Gilles_Lambert_Godecharle_-_Andr%C3%A9_Lens%2C_peintre.jpg,Own work M0tty,,https://creativecommons.org/licenses/by-sa/3.0,inventory_match;institution_match,auto,2026-07-29,
07430007027,a_verifier,inventory_number,open,CC BY-SA 4.0,Allégorie de la paix,musée des Beaux-Arts,Rubens,Q124846819,Prédication saint-Jean-Baptiste début XVI h sur panneau d marquis de la Rochejacquelin 1839 440 musée de Chartres.jpg,https://commons.wikimedia.org/wiki/File:Pr%C3%A9dication_saint-Jean-Baptiste_d%C3%A9but_XVI_h_sur_panneau_d_marquis_de_la_Rochejacquelin_1839_440_mus%C3%A9e_de_Chartres.jpg,https://upload.wikimedia.org/wikipedia/commons/f/f0/Pr%C3%A9dication_saint-Jean-Baptiste_d%C3%A9but_XVI_h_sur_panneau_d_marquis_de_la_Rochejacquelin_1839_440_mus%C3%A9e_de_Chartres.jpg,Own work,Le Passant,https://creativecommons.org/licenses/by-sa/4.0,inventory_match;institution_match,auto,2026-07-29,
07430007081,a_verifier,inventory_number,unknown,,Intérieur de cabaret,musée des Beaux-Arts,David Téniers,Q138428815,,,,,,,inventory_match;institution_match,auto,2026-07-29,
07430007081,a_verifier,inventory_number,open,CC BY-SA 4.0,Intérieur de cabaret,musée des Beaux-Arts,David Téniers,Q131465804,Fontaine Murale aux Dieux Marins by Gabriel Grupello in the Royal Museums of Fine Arts of Belgium.jpg,https://commons.wikimedia.org/wiki/File:Fontaine_Murale_aux_Dieux_Marins_by_Gabriel_Grupello_in_the_Royal_Museums_of_Fine_Arts_of_Belgium.jpg,https://upload.wikimedia.org/wikipedia/commons/6/63/Fontaine_Murale_aux_Dieux_Marins_by_Gabriel_Grupello_in_the_Royal_Museums_of_Fine_Arts_of_Belgium.jpg,Own work,Yair Haklai,https://creativecommons.org/licenses/by-sa/4.0,inventory_match;institution_match,auto,2026-07-29,
07430007134,a_verifier,inventory_number,unknown,,Intérieur de tabagie,musée des Beaux-Arts,David Téniers,Q138428741,,,,,,,inventory_match;institution_match,auto,2026-07-29,
07430007264,a_verifier,inventory_number,unknown,,Paysage avec deux moines,musée des Beaux-Arts,Pier Francesco Mola,Q120685906,,,,,,,inventory_match;institution_match,auto,2026-07-29,
07430007264,a_verifier,inventory_number,unknown,,Paysage avec deux moines,musée des Beaux-Arts,Pier Francesco Mola,Q138415135,,,,,,,inventory_match;institution_match,auto,2026-07-29,
07430007264,a_verifier,inventory_number,open,Public domain,Paysage avec deux moines,musée des Beaux-Arts,Pier Francesco Mola,Q138428933,"L'Air by Jan Brueghel I, Musée des Beaux-Arts de Marseille.jpg","https://commons.wikimedia.org/wiki/File:L%27Air_by_Jan_Brueghel_I,_Mus%C3%A9e_des_Beaux-Arts_de_Marseille.jpg",https://upload.wikimedia.org/wikipedia/commons/d/d9/L%27Air_by_Jan_Brueghel_I%2C_Mus%C3%A9e_des_Beaux-Arts_de_Marseille.jpg,Self-photographed,Jan Brueghel the Elder,,inventory_match;institution_match,auto,2026-07-29,
07430007264,a_verifier,inventory_number,open,Public domain,Paysage avec deux moines,musée des Beaux-Arts,Pier Francesco Mola,Q28796729,Jacopo Tintoretto - The Supper at Emmaus - Google Art Project.jpg,https://commons.wikimedia.org/wiki/File:Jacopo_Tintoretto_-_The_Supper_at_Emmaus_-_Google_Art_Project.jpg,https://upload.wikimedia.org/wikipedia/commons/3/36/Jacopo_Tintoretto_-_The_Supper_at_Emmaus_-_Google_Art_Project.jpg,hAGY1iIUItZ5fA at Google Cultural Institute maximum zoom level,Jacopo Tintoretto – Artist Details on Google Art Project,,inventory_match;institution_match,auto,2026-07-29,
07430007264,a_verifier,inventory_number,unknown,,Paysage avec deux moines,musée des Beaux-Arts,Pier Francesco Mola,Q59509149,,,,,,,inventory_match;institution_match,auto,2026-07-29,
07430007264,a_verifier,inventory_number,unknown,,Paysage avec deux moines,musée des Beaux-Arts,Pier Francesco Mola,Q130262145,,,,,,,inventory_match;institution_match,auto,2026-07-29,
07430007265,a_verifier,inventory_number,open,Public domain,Le repos des soldats,musée des Beaux-Arts,Salvator Rosa,Q105346920,Daubigny - Graves à Villerville.jpg,https://commons.wikimedia.org/wiki/File:Daubigny_-_Graves_%C3%A0_Villerville.jpg,https://upload.wikimedia.org/wikipedia/commons/d/dd/Daubigny_-_Graves_%C3%A0_Villerville.jpg,Self-photographed,Rvalette,,inventory_match;institution_match,auto,2026-07-29,
07430007265,a_verifier,inventory_number,unknown,,Le repos des soldats,musée des Beaux-Arts,Salvator Rosa,Q120685519,,,,,,,inventory_match;institution_match,auto,2026-07-29,
07430007265,a_verifier,inventory_number,unknown,,Le repos des soldats,musée des Beaux-Arts,Salvator Rosa,Q59509328,,,,,,,inventory_match;institution_match,auto,2026-07-29,
07430007265,a_verifier,inventory_number,open,Public domain,Le repos des soldats,musée des Beaux-Arts,Salvator Rosa,Q50906843,Portrait of a Young Man 9fdcb0.jpg,https://commons.wikimedia.org/wiki/File:Portrait_of_a_Young_Man_9fdcb0.jpg,https://upload.wikimedia.org/wikipedia/commons/0/05/Portrait_of_a_Young_Man_9fdcb0.jpg,https://archive.is/0tJzn#selection-391.0-475.3,Albrecht Dürer,,inventory_match;institution_match,auto,2026-07-29,
07430007337,a_verifier,inventory_number,unknown,,Joseph vendu par ses frères,musée des Beaux-Arts,Le Guerchin,Q21621622,,,,,,,inventory_match;institution_match,auto,2026-07-29,
M0121003026,a_verifier,inventory_number,open,Public domain,Orphée charmant les animaux,musée d'art Roger-Quillot,Boucher,Q135912176,"François Boucher - Orphée charmant les animaux, 1740.jpg","https://commons.wikimedia.org/wiki/File:Fran%C3%A7ois_Boucher_-_Orph%C3%A9e_charmant_les_animaux,_1740.jpg",https://upload.wikimedia.org/wikipedia/commons/6/65/Fran%C3%A7ois_Boucher_-_Orph%C3%A9e_charmant_les_animaux%2C_1740.jpg,Unknown source Unknown source,François Boucher,,inventory_match;institution_match;title_match,auto,2026-07-29,
M0332007122,a_verifier,inventory_number,open,Public domain,Naufrage,musée des beaux-arts et d'archéologie,Géricault,Q136504989,"GÉRICAULT Théodore (genre de) - Naufrage, 896.1.219.jpg","https://commons.wikimedia.org/wiki/File:G%C3%89RICAULT_Th%C3%A9odore_(genre_de)_-_Naufrage,_896.1.219.jpg",https://upload.wikimedia.org/wikipedia/commons/7/70/G%C3%89RICAULT_Th%C3%A9odore_%28genre_de%29_-_Naufrage%2C_896.1.219.jpg,https://memoirevive.besancon.fr/search/results?q=G%C3%A9ricault&scope=all,Théodore Géricault,,inventory_match;institution_match;title_match,auto,2026-07-29,
M0347000650,a_verifier,inventory_number,unknown,,Paysage,musée des beaux-arts et d'archéologie,Paul Bril,Q50894456,,,,,,,inventory_match;institution_match,auto,2026-07-29,
M0347000650,a_verifier,inventory_number,open,Public domain,Paysage,musée des beaux-arts et d'archéologie,Paul Bril,Q116296224,Circle of Colijn de Coter - The nativity.jpg,https://commons.wikimedia.org/wiki/File:Circle_of_Colijn_de_Coter_-_The_nativity.jpg,https://upload.wikimedia.org/wikipedia/commons/d/d4/Circle_of_Colijn_de_Coter_-_The_nativity.jpg,Own work,Circle of Colijn de Coter,,inventory_match;institution_match,auto,2026-07-29,
M0347000650,a_verifier,inventory_number,open,Public domain,Paysage,musée des beaux-arts et d'archéologie,Paul Bril,Q26208347,La Garde civique de Saint-Adrien Cornelis Engelsz 1612-1.jpg,https://commons.wikimedia.org/wiki/File:La_Garde_civique_de_Saint-Adrien_Cornelis_Engelsz_1612-1.jpg,https://upload.wikimedia.org/wikipedia/commons/f/fa/La_Garde_civique_de_Saint-Adrien_Cornelis_Engelsz_1612-1.jpg,The making of this document was supported by Wikimédia France . ( Submit your project! ),Cornelis Engelsz.,,inventory_match;institution_match,auto,2026-07-29,
M0347000650,a_verifier,inventory_number,unknown,,Paysage,musée des beaux-arts et d'archéologie,Paul Bril,Q59511849,,,,,,,inventory_match;institution_match,auto,2026-07-29,
M0347000650,a_verifier,inventory_number,open,Public domain,Paysage,musée des beaux-arts et d'archéologie,Paul Bril,Q106702947,Beaux-Arts de Carcassonne - Intérieur de bergerie 1886 - Giuseppe Palizzi.jpg,https://commons.wikimedia.org/wiki/File:Beaux-Arts_de_Carcassonne_-_Int%C3%A9rieur_de_bergerie_1886_-_Giuseppe_Palizzi.jpg,https://upload.wikimedia.org/wikipedia/commons/9/97/Beaux-Arts_de_Carcassonne_-_Int%C3%A9rieur_de_bergerie_1886_-_Giuseppe_Palizzi.jpg,Own work,Didier Descouens,,inventory_match;institution_match,auto,2026-07-29,
M0347000651,a_verifier,inventory_number,open,Public domain,Paysage,musée des beaux-arts et d'archéologie,Paul Bril,Q21614621,16th-century unknown painters - Portrait of a Young Man - WGA23548.jpg,https://commons.wikimedia.org/wiki/File:16th-century_unknown_painters_-_Portrait_of_a_Young_Man_-_WGA23548.jpg,https://upload.wikimedia.org/wikipedia/commons/d/d4/16th-century_unknown_painters_-_Portrait_of_a_Young_Man_-_WGA23548.jpg,"Web Gallery of Art : Image Info about artwork wga QS:P11807,""/m/master/zunk_fl/16_paint/2/08portra""","Unknown Master, Dutch (active in the 16th century)",,inventory_match;institution_match,auto,2026-07-29,
M0347000651,a_verifier,inventory_number,unknown,,Paysage,musée des beaux-arts et d'archéologie,Paul Bril,Q138428817,,,,,,,inventory_match;institution_match,auto,2026-07-29,
M0347000651,a_verifier,inventory_number,unknown,,Paysage,musée des beaux-arts et d'archéologie,Paul Bril,Q105534827,,,,,,,inventory_match;institution_match,auto,2026-07-29,
M0347000652,a_verifier,inventory_number,unknown,,Paysage avec une rivière,musée des beaux-arts et d'archéologie,Paul Bril,Q120686250,,,,,,,inventory_match;institution_match,auto,2026-07-29,
M0347000652,a_verifier,inventory_number,unknown,,Paysage avec une rivière,musée des beaux-arts et d'archéologie,Paul Bril,Q138424643,,,,,,,inventory_match;institution_match,auto,2026-07-29,
M0347000652,a_verifier,inventory_number,open,Public domain,Paysage avec une rivière,musée des beaux-arts et d'archéologie,Paul Bril,Q59509421,Thomas Taylor (painting by Thomas Lawrence).png,https://commons.wikimedia.org/wiki/File:Thomas_Taylor_(painting_by_Thomas_Lawrence).png,https://upload.wikimedia.org/wikipedia/commons/0/05/Thomas_Taylor_%28painting_by_Thomas_Lawrence%29.png,National Gallery of Canada,Thomas Lawrence,,inventory_match;institution_match,auto,2026-07-29,
M0347000653,a_verifier,inventory_number,unknown,,Paysage au ciel tourmenté,musée des beaux-arts et d'archéologie,Paul Bril,Q50894456,,,,,,,inventory_match;institution_match,auto,2026-07-29,
M0347000653,a_verifier,inventory_number,open,Public domain,Paysage au ciel tourmenté,musée des beaux-arts et d'archéologie,Paul Bril,Q116296224,Circle of Colijn de Coter - The nativity.jpg,https://commons.wikimedia.org/wiki/File:Circle_of_Colijn_de_Coter_-_The_nativity.jpg,https://upload.wikimedia.org/wikipedia/commons/d/d4/Circle_of_Colijn_de_Coter_-_The_nativity.jpg,Own work,Circle of Colijn de Coter,,inventory_match;institution_match,auto,2026-07-29,
M0347000653,a_verifier,inventory_number,open,Public domain,Paysage au ciel tourmenté,musée des beaux-arts et d'archéologie,Paul Bril,Q26208347,La Garde civique de Saint-Adrien Cornelis Engelsz 1612-1.jpg,https://commons.wikimedia.org/wiki/File:La_Garde_civique_de_Saint-Adrien_Cornelis_Engelsz_1612-1.jpg,https://upload.wikimedia.org/wikipedia/commons/f/fa/La_Garde_civique_de_Saint-Adrien_Cornelis_Engelsz_1612-1.jpg,The making of this document was supported by Wikimédia France . ( Submit your project! ),Cornelis Engelsz.,,inventory_match;institution_match,auto,2026-07-29,
M0347000653,a_verifier,inventory_number,unknown,,Paysage au ciel tourmenté,musée des beaux-arts et d'archéologie,Paul Bril,Q59511849,,,,,,,inventory_match;institution_match,auto,2026-07-29,
M0347000653,a_verifier,inventory_number,open,Public domain,Paysage au ciel tourmenté,musée des beaux-arts et d'archéologie,Paul Bril,Q106702947,Beaux-Arts de Carcassonne - Intérieur de bergerie 1886 - Giuseppe Palizzi.jpg,https://commons.wikimedia.org/wiki/File:Beaux-Arts_de_Carcassonne_-_Int%C3%A9rieur_de_bergerie_1886_-_Giuseppe_Palizzi.jpg,https://upload.wikimedia.org/wikipedia/commons/9/97/Beaux-Arts_de_Carcassonne_-_Int%C3%A9rieur_de_bergerie_1886_-_Giuseppe_Palizzi.jpg,Own work,Didier Descouens,,inventory_match;institution_match,auto,2026-07-29,
M0347001249,a_verifier,inventory_number,unknown,,Lucrèce,musée des beaux-arts et d'archéologie,Luca Giordano,Q120685854,,,,,,,inventory_match;institution_match,auto,2026-07-29,
M0347001249,a_verifier,inventory_number,open,Public domain,Lucrèce,musée des beaux-arts et d'archéologie,Luca Giordano,Q124749905,"Alfred Stevens, Masques le matin du Mercredi des Cendres, 1853, 150 x 116 cm.jpg","https://commons.wikimedia.org/wiki/File:Alfred_Stevens,_Masques_le_matin_du_Mercredi_des_Cendres,_1853,_150_x_116_cm.jpg",https://upload.wikimedia.org/wikipedia/commons/5/5e/Alfred_Stevens%2C_Masques_le_matin_du_Mercredi_des_Cendres%2C_1853%2C_150_x_116_cm.jpg,https://www.myartprints.co.uk/a/stevens-alfred/maskenspielaschermittwochmorgen.html,Alfred Stevens,,inventory_match;institution_match,auto,2026-07-29,
M0347001249,a_verifier,inventory_number,open,Public domain,Lucrèce,musée des beaux-arts et d'archéologie,Luca Giordano,Q104635236,"Frederik de Moucheron, Lisière de forêt avec chasseurs.jpg","https://commons.wikimedia.org/wiki/File:Frederik_de_Moucheron,_Lisi%C3%A8re_de_for%C3%AAt_avec_chasseurs.jpg",https://upload.wikimedia.org/wikipedia/commons/f/fa/Frederik_de_Moucheron%2C_Lisi%C3%A8re_de_for%C3%AAt_avec_chasseurs.jpg,https://www.pop.culture.gouv.fr/notice/joconde/00190023017,Frederik de Moucheron,,inventory_match;institution_match,auto,2026-07-29,
M0347001249,a_verifier,inventory_number,open,Public domain,Lucrèce,musée des beaux-arts et d'archéologie,Luca Giordano,Q109974784,"T. van Heil, Brand in De Wolf, 1690.JPG","https://commons.wikimedia.org/wiki/File:T._van_Heil,_Brand_in_De_Wolf,_1690.JPG",https://upload.wikimedia.org/wikipedia/commons/7/7c/T._van_Heil%2C_Brand_in_De_Wolf%2C_1690.JPG,https://www.fine-arts-museum.be/nl/de-collectie/theodoor-van-heil-brand-van-het-huis-de-wolvin-te-brussel-in-1690?artist=van-heil-theodoor-1,Theodoor van Heil,,inventory_match;institution_match,auto,2026-07-29,
M0347001325,a_verifier,inventory_number,unknown,,La Tentation de saint Antoine,musée des beaux-arts et d'archéologie,David Téniers,Q120686154,,,,,,,inventory_match;institution_match,auto,2026-07-29,
M0347001325,a_verifier,inventory_number,unknown,,La Tentation de saint Antoine,musée des beaux-arts et d'archéologie,David Téniers,Q138424690,,,,,,,inventory_match;institution_match,auto,2026-07-29,
M0347001325,a_verifier,inventory_number,open,Public domain,La Tentation de saint Antoine,musée des beaux-arts et d'archéologie,David Téniers,Q136108505,Poussin - Nancy.jpg,https://commons.wikimedia.org/wiki/File:Poussin_-_Nancy.jpg,https://upload.wikimedia.org/wikipedia/commons/b/b1/Poussin_-_Nancy.jpg,https://gramha.net/explore-hashtag/beauxartsnancy,After Nicolas Poussin,,inventory_match;institution_match,auto,2026-07-29,
M0347001325,a_verifier,inventory_number,open,Public domain,La Tentation de saint Antoine,musée des beaux-arts et d'archéologie,David Téniers,Q5547401,Bosch copyist The Birth of Christ 16th century.jpg,https://commons.wikimedia.org/wiki/File:Bosch_copyist_The_Birth_of_Christ_16th_century.jpg,https://upload.wikimedia.org/wikipedia/commons/c/cc/Bosch_copyist_The_Birth_of_Christ_16th_century.jpg,www.rijksmuseum.nl : Home : Info : Pic,Follower of Hieronymus Bosch / Formerly attributed to Hieronymus Bosch / Attributed to Gielis Panhedel,,inventory_match;institution_match;title_match,auto,2026-07-29,
M0347001327,a_verifier,inventory_number,unknown,,Laitière dans une étable ; Intérieur d'étable (autre titre),musée des beaux-arts et d'archéologie,David Téniers,Q120685785,,,,,,,inventory_match;institution_match,auto,2026-07-29,
M0347001327,a_verifier,inventory_number,unknown,,Laitière dans une étable ; Intérieur d'étable (autre titre),musée des beaux-arts et d'archéologie,David Téniers,Q138416325,,,,,,,inventory_match;institution_match,auto,2026-07-29,
M0347001327,a_verifier,inventory_number,open,Public domain,Laitière dans une étable ; Intérieur d'étable (autre titre),musée des beaux-arts et d'archéologie,David Téniers,Q17177136,"Brooklyn Museum - The Last Honors to Counts Egmont and Hoorne, reduction (Les derniers honneurs rendus aux Comtes d'Egmont et d'Hornes, réduction) - Louis Gallait - overall.jpg","https://commons.wikimedia.org/wiki/File:Brooklyn_Museum_-_The_Last_Honors_to_Counts_Egmont_and_Hoorne,_reduction_(Les_derniers_honneurs_rendus_aux_Comtes_d%27Egmont_et_d%27Hornes,_r%C3%A9duction)_-_Louis_Gallait_-_overall.jpg",https://upload.wikimedia.org/wikipedia/commons/9/9b/Brooklyn_Museum_-_The_Last_Honors_to_Counts_Egmont_and_Hoorne%2C_reduction_%28Les_derniers_honneurs_rendus_aux_Comtes_d%27Egmont_et_d%27Hornes%2C_r%C3%A9duction%29_-_Louis_Gallait_-_overall.jpg,"Online Collection of Brooklyn Museum ; Photo: Brooklyn Museum, 00.62_SL1.jpg",Louis Gallait,,inventory_match;institution_match,auto,2026-07-29,
M0347001327,a_verifier,inventory_number,open,Public domain,Laitière dans une étable ; Intérieur d'étable (autre titre),musée des beaux-arts et d'archéologie,David Téniers,Q3207777,Lemoyne - The Continence of Scipio.jpg,https://commons.wikimedia.org/wiki/File:Lemoyne_-_The_Continence_of_Scipio.jpg,https://upload.wikimedia.org/wikipedia/commons/f/fe/Lemoyne_-_The_Continence_of_Scipio.jpg,http://www.humanitiesweb.org/spa/gcp/ID/476,François Lemoyne,,inventory_match;institution_match,auto,2026-07-29,
M0347001723,a_verifier,inventory_number,unknown,,Tête de femme : Le Silence,musée des beaux-arts et d'archéologie,Michel-Ange ; Andrea del Sarto,Q120685593,,,,,,,inventory_match;institution_match,auto,2026-07-29,
M0347001723,a_verifier,inventory_number,unknown,,Tête de femme : Le Silence,musée des beaux-arts et d'archéologie,Michel-Ange ; Andrea del Sarto,Q120685889,,,,,,,inventory_match;institution_match;title_match,auto,2026-07-29,
M0347001723,a_verifier,inventory_number,unknown,,Tête de femme : Le Silence,musée des beaux-arts et d'archéologie,Michel-Ange ; Andrea del Sarto,Q138424651,,,,,,,inventory_match;institution_match,auto,2026-07-29,
M0347001723,a_verifier,inventory_number,unknown,,Tête de femme : Le Silence,musée des beaux-arts et d'archéologie,Michel-Ange ; Andrea del Sarto,Q59508483,,,,,,,inventory_match;institution_match,auto,2026-07-29,
00000058247,exact,joconde_id,unknown,,CHEVAUX DE POSTILLON,musée des beaux-arts,Géricault,Q131403997,,,,,,,inventory_match;institution_match;joconde_id_match,auto,2026-07-29,
00000058405,exact,joconde_id,open,Public domain,SAINTE GENEVIEVE DEVANT PARIS,musée des beaux-arts,Charles Le Brun,Q105444119,Le Brun Sainte Geneviève.jpg,https://commons.wikimedia.org/wiki/File:Le_Brun_Sainte_Genevi%C3%A8ve.jpg,https://upload.wikimedia.org/wikipedia/commons/4/44/Le_Brun_Sainte_Genevi%C3%A8ve.jpg,Own work,Charles Le Brun,,inventory_match;institution_match;joconde_id_match,auto,2026-07-29,
00000061523,exact,joconde_id,unknown,,PORTRAIT DE CATHERINE DE MEDICIS,musée des beaux-arts et galerie David-d'Angers,François Clouet,Q122389370,,,,,,,inventory_match;institution_match;joconde_id_match,auto,2026-07-29,
00000061524,exact,joconde_id,unknown,,PORTRAIT DE CHARLES IX,musée des beaux-arts et galerie David-d'Angers,François Clouet,Q122389371,,,,,,,inventory_match;institution_match;joconde_id_match,auto,2026-07-29,
00000069001,exact,joconde_id,open,Public domain,L'Ange Gardien protégeant un enfant du démon,musée national Magnin,Le Guerchin,Q135509182,L'Ange gardien protégeant un enfant du démon - Bartolomeo Gennari - MM 1938E342.jpg,https://commons.wikimedia.org/wiki/File:L%27Ange_gardien_prot%C3%A9geant_un_enfant_du_d%C3%A9mon_-_Bartolomeo_Gennari_-_MM_1938E342.jpg,https://upload.wikimedia.org/wikipedia/commons/3/3e/L%27Ange_gardien_prot%C3%A9geant_un_enfant_du_d%C3%A9mon_-_Bartolomeo_Gennari_-_MM_1938E342.jpg,Œuvre appartenant au Musée Magnin,Bartolomeo Gennari,,inventory_match;institution_match;joconde_id_match,auto,2026-07-29,
00000074410,exact,joconde_id,unknown,,LA JOAILLERIE,musée Goya,Simon Vouet,Q117861746,,,,,,,institution_match;joconde_id_match,auto,2026-07-29,
00000074411,exact,joconde_id,unknown,,LA GRAVURE,musée Goya,Simon Vouet,Q117861747,,,,,,,institution_match;joconde_id_match,auto,2026-07-29,
00000075395,exact,joconde_id,open,CC BY-SA 4.0,JEUNE FILLE AU RUBAN BLEU,musée des beaux-arts,Greuze,Q18810039,Tête de jeune fille au ruban bleu - Jean-Baptiste Greuze.jpg,https://commons.wikimedia.org/wiki/File:T%C3%AAte_de_jeune_fille_au_ruban_bleu_-_Jean-Baptiste_Greuze.jpg,https://upload.wikimedia.org/wikipedia/commons/3/37/T%C3%AAte_de_jeune_fille_au_ruban_bleu_-_Jean-Baptiste_Greuze.jpg,Own work,Patrice78500,https://creativecommons.org/licenses/by-sa/4.0,institution_match;joconde_id_match,auto,2026-07-29,
00000075735,exact,joconde_id,unknown,,"SAINTE AGATHE, MARTYRE",musée des beaux-arts,Van Dyck,Q123512083,,,,,,,institution_match;joconde_id_match,auto,2026-07-29,
00000075736,exact,joconde_id,unknown,,"SAINT SEBASTIEN, MARTYRE",musée des beaux-arts,Van Dyck,Q123505044,,,,,,,institution_match;joconde_id_match,auto,2026-07-29,
00000077133,exact,joconde_id,open,Public domain,"JEANNE D'ALBRET, REINE DE NAVARRE",musée Condé,François Clouet,Q106617338,16th Century portrait of an unidentified woman.jpg,https://commons.wikimedia.org/wiki/File:16th_Century_portrait_of_an_unidentified_woman.jpg,https://upload.wikimedia.org/wikipedia/commons/c/cd/16th_Century_portrait_of_an_unidentified_woman.jpg,https://art.rmngp.fr/fr/library/artworks/francois-clouet_jeanne-d-albret-reine-de-navarre-1528-1572_perle-materiau_1570,François Clouet,,inventory_match;institution_match;joconde_id_match,auto,2026-07-29,
00000077134,exact,joconde_id,open,Public domain,"CHARLES IX, ROI DE FRANCE",musée Condé,François Clouet,Q106672601,Portrait de Charles IX - Musée Condé PE 561.jpg,https://commons.wikimedia.org/wiki/File:Portrait_de_Charles_IX_-_Mus%C3%A9e_Cond%C3%A9_PE_561.jpg,https://upload.wikimedia.org/wikipedia/commons/6/69/Portrait_de_Charles_IX_-_Mus%C3%A9e_Cond%C3%A9_PE_561.jpg,rmn.fr,Workshop of François Clouet,,inventory_match;institution_match;joconde_id_match,auto,2026-07-29,
00000077135,exact,joconde_id,open,Public domain,"CHARLES IX, ROI DE FRANCE",musée Condé,François Clouet,Q64682375,Charles-IX-roi-de-France.jpg,https://commons.wikimedia.org/wiki/File:Charles-IX-roi-de-France.jpg,https://upload.wikimedia.org/wikipedia/commons/4/4b/Charles-IX-roi-de-France.jpg,Agence photographique de la Réunion des musées nationaux (RMN),Workshop of François Clouet,,inventory_match;institution_match;joconde_id_match,auto,2026-07-29,
00000077136,exact,joconde_id,open,Public domain,"ELISABETH D'AUTRICHE, REINE DE FRANCE",musée Condé,François Clouet,Q18685460,François Clouet - Elisabeth of Austria (ca. 1571) - Google Art Project.jpg,https://commons.wikimedia.org/wiki/File:Fran%C3%A7ois_Clouet_-_Elisabeth_of_Austria_(ca._1571)_-_Google_Art_Project.jpg,https://upload.wikimedia.org/wikipedia/commons/d/de/Fran%C3%A7ois_Clouet_-_Elisabeth_of_Austria_%28ca._1571%29_-_Google_Art_Project.jpg,"Google Arts & Culture — CwGNmXGLsxE4sg , [1] , René-Gabriel Ojéda",François Clouet,,inventory_match;institution_match;joconde_id_match,auto,2026-07-29,
00000077137,exact,joconde_id,open,Public domain,"ODET DE COLIGNY, CARDINAL DE CHATILLON",musée Condé,François Clouet,Q106613350,"Odet de Coligny (1517-1571), as cardinal of Châtillon.jpg","https://commons.wikimedia.org/wiki/File:Odet_de_Coligny_(1517-1571),_as_cardinal_of_Ch%C3%A2tillon.jpg",https://upload.wikimedia.org/wikipedia/commons/3/36/Odet_de_Coligny_%281517-1571%29%2C_as_cardinal_of_Ch%C3%A2tillon.jpg,http://www.notrefamille.com/collection-privee/oeuvres/Clouet+Fran%E7ois++/Portrait+d%27Odet+de+Coligny%2C+Cardinal+de+Chatillon/vers+1550/00-001108.html [ dead link ],Workshop of François Clouet,,inventory_match;institution_match;joconde_id_match,auto,2026-07-29,
00000077152,exact,joconde_id,open,Public domain,PORTRAIT PRESUME DE GABRIELLE DE ROCHECHOUART ; DIT AUTREFOIS PORTRAIT DE MARGUERITE DE FRANCE,musée Condé,Corneille de Lyon,Q51846907,Corneille de Lyon - Portrait of Gabrielle de Rochechouart - WGA05239.jpg,https://commons.wikimedia.org/wiki/File:Corneille_de_Lyon_-_Portrait_of_Gabrielle_de_Rochechouart_-_WGA05239.jpg,https://upload.wikimedia.org/wikipedia/commons/4/48/Corneille_de_Lyon_-_Portrait_of_Gabrielle_de_Rochechouart_-_WGA05239.jpg,"Web Gallery of Art : Image Info about artwork wga QS:P11807,""/c/corneill/rochecho""",Corneille de Lyon,,inventory_match;institution_match;joconde_id_match,auto,2026-07-29,
00000077153,exact,joconde_id,open,Public domain,"MARGUERITE DE FRANCE, DUCHESSE DE BERRY, FUTURE DUCHESSE DE SAVOIE",musée Condé,Corneille de Lyon,Q53848334,Corneille de Lyon - Marguerite de France - Musée Condé.jpg,https://commons.wikimedia.org/wiki/File:Corneille_de_Lyon_-_Marguerite_de_France_-_Mus%C3%A9e_Cond%C3%A9.jpg,https://upload.wikimedia.org/wikipedia/commons/c/c2/Corneille_de_Lyon_-_Marguerite_de_France_-_Mus%C3%A9e_Cond%C3%A9.jpg,RMN-GP [1],Workshop of Corneille de Lyon,,inventory_match;institution_match;joconde_id_match,auto,2026-07-29,
00000077154,exact,joconde_id,open,Public domain,CATHERINE DE MEDICIS,musée Condé,Corneille de Lyon,Q51871152,Corneille de Lyon - Catherine de Médicis - Musée Condé.jpg,https://commons.wikimedia.org/wiki/File:Corneille_de_Lyon_-_Catherine_de_M%C3%A9dicis_-_Mus%C3%A9e_Cond%C3%A9.jpg,https://upload.wikimedia.org/wikipedia/commons/3/35/Corneille_de_Lyon_-_Catherine_de_M%C3%A9dicis_-_Mus%C3%A9e_Cond%C3%A9.jpg,[1],Corneille de Lyon,,inventory_match;institution_match;joconde_id_match,auto,2026-07-29,
00000077155,exact,joconde_id,open,Public domain,"PORTRAIT PRESUME D'HERCULE FRANCOIS DE FRANCE, DUC D'ALENCON",musée Condé,Corneille de Lyon,Q53801303,"Corneille de Lyon - Portrait d'Hercule-François de France, duc d'Alençon - Musée Condé.jpg","https://commons.wikimedia.org/wiki/File:Corneille_de_Lyon_-_Portrait_d%27Hercule-Fran%C3%A7ois_de_France,_duc_d%27Alen%C3%A7on_-_Mus%C3%A9e_Cond%C3%A9.jpg",https://upload.wikimedia.org/wikipedia/commons/3/32/Corneille_de_Lyon_-_Portrait_d%27Hercule-Fran%C3%A7ois_de_France%2C_duc_d%27Alen%C3%A7on_-_Mus%C3%A9e_Cond%C3%A9.jpg,RMN-GP [1],Workshop of Corneille de Lyon,,inventory_match;institution_match;joconde_id_match,auto,2026-07-29,
00000077156,exact,joconde_id,open,Public domain,PORTRAIT D'INCONNU,musée Condé,Corneille de Lyon,Q53804720,Corneille de Lyon - Jean de Taix - Musée Condé.jpg,https://commons.wikimedia.org/wiki/File:Corneille_de_Lyon_-_Jean_de_Taix_-_Mus%C3%A9e_Cond%C3%A9.jpg,https://upload.wikimedia.org/wikipedia/commons/f/ff/Corneille_de_Lyon_-_Jean_de_Taix_-_Mus%C3%A9e_Cond%C3%A9.jpg,RMN-GP [1],Workshop of Corneille de Lyon,,inventory_match;institution_match;joconde_id_match,auto,2026-07-29,
00000077157,exact,joconde_id,open,Public domain,"PORTRAIT PRESUME DE GABRIELLE DE ROCHECHOUART, DAME DE LANSAC",musée Condé,Corneille de Lyon,Q53802463,"Corneille de Lyon - Gabrielle de Rochechouart, dame de Lansac - Musée Condé.jpg","https://commons.wikimedia.org/wiki/File:Corneille_de_Lyon_-_Gabrielle_de_Rochechouart,_dame_de_Lansac_-_Mus%C3%A9e_Cond%C3%A9.jpg",https://upload.wikimedia.org/wikipedia/commons/d/d5/Corneille_de_Lyon_-_Gabrielle_de_Rochechouart%2C_dame_de_Lansac_-_Mus%C3%A9e_Cond%C3%A9.jpg,RMN-GP [1],Workshop of Corneille de Lyon,,inventory_match;institution_match;joconde_id_match,auto,2026-07-29,
00000077173,exact,joconde_id,open,Public domain,"HENRI II, ROI DE FRANCE",musée Condé,François Clouet,Q64682383,Clouet atelier Henri II Roi de France.jpg,https://commons.wikimedia.org/wiki/File:Clouet_atelier_Henri_II_Roi_de_France.jpg,https://upload.wikimedia.org/wikipedia/commons/1/11/Clouet_atelier_Henri_II_Roi_de_France.jpg,https://art.rmngp.fr/fr/library/artworks/portrait-en-pied-de-henri-ii-1519-1559,Workshop of François Clouet,,inventory_match;institution_match;joconde_id_match,auto,2026-07-29,
00000077178,exact,joconde_id,open,Public domain,GENTILHOMME DE LA SECONDE MOITIE DU XVIE SIECLE,musée Condé,François Clouet,Q107295546,Portrait d'un gentilhomme - Musée Condé PE266.jpg,https://commons.wikimedia.org/wiki/File:Portrait_d%27un_gentilhomme_-_Mus%C3%A9e_Cond%C3%A9_PE266.jpg,https://upload.wikimedia.org/wikipedia/commons/5/5a/Portrait_d%27un_gentilhomme_-_Mus%C3%A9e_Cond%C3%A9_PE266.jpg,photo.rmn.fr,Anonymous Unknown author,,inventory_match;institution_match;joconde_id_match,auto,2026-07-29,
00000077218,exact,joconde_id,open,Public domain,PORTRAIT PRESUME DE CHARLES PARIS D'ORLEANS DUC DE LONGUEVILLE ET D'ESTOUVILLE,musée Condé,Nicolas de Largillière,Q106963231,Portrait présumé de Charles-Paris d'Orléans - Largillière - Musée Condé.jpg,https://commons.wikimedia.org/wiki/File:Portrait_pr%C3%A9sum%C3%A9_de_Charles-Paris_d%27Orl%C3%A9ans_-_Largilli%C3%A8re_-_Mus%C3%A9e_Cond%C3%A9.jpg,https://upload.wikimedia.org/wikipedia/commons/d/d6/Portrait_pr%C3%A9sum%C3%A9_de_Charles-Paris_d%27Orl%C3%A9ans_-_Largilli%C3%A8re_-_Mus%C3%A9e_Cond%C3%A9.jpg,photo.rmn.fr,Nicolas de Largillière,,inventory_match;institution_match;joconde_id_match,auto,2026-07-29,
00000077222,exact,joconde_id,open,Public domain,UN CHEVALIER DE L'ORDRE DE SAINT MICHEL,musée Condé,Nicolas de Largillière,Q106963415,Portrait d'un chevalier de l'ordre de saint Michel - Largillière - Musée Condé.jpg,https://commons.wikimedia.org/wiki/File:Portrait_d%27un_chevalier_de_l%27ordre_de_saint_Michel_-_Largilli%C3%A8re_-_Mus%C3%A9e_Cond%C3%A9.jpg,https://upload.wikimedia.org/wikipedia/commons/0/0f/Portrait_d%27un_chevalier_de_l%27ordre_de_saint_Michel_-_Largilli%C3%A8re_-_Mus%C3%A9e_Cond%C3%A9.jpg,photo.rmn.fr,Nicolas de Largillière,,inventory_match;institution_match;joconde_id_match,auto,2026-07-29,
00000077245,exact,joconde_id,open,Public domain,Dame inconnue,musée Condé,Pierre Mignard,Q107024507,Portrait d'une dame inconnue - Mignard - Musée Condé.jpg,https://commons.wikimedia.org/wiki/File:Portrait_d%27une_dame_inconnue_-_Mignard_-_Mus%C3%A9e_Cond%C3%A9.jpg,https://upload.wikimedia.org/wikipedia/commons/f/f2/Portrait_d%27une_dame_inconnue_-_Mignard_-_Mus%C3%A9e_Cond%C3%A9.jpg,photo.rmn.fr,Attributed to Pierre Mignard I,,inventory_match;institution_match;joconde_id_match,auto,2026-07-29,
00000077264,exact,joconde_id,open,Public domain,PORTRAIT D'HOMME,musée Condé,Hyacinthe Rigaud,Q107013957,Portrait d'homme - Hyacinthe Rigaud -Musée Condé.jpg,https://commons.wikimedia.org/wiki/File:Portrait_d%27homme_-_Hyacinthe_Rigaud_-Mus%C3%A9e_Cond%C3%A9.jpg,https://upload.wikimedia.org/wikipedia/commons/f/f4/Portrait_d%27homme_-_Hyacinthe_Rigaud_-Mus%C3%A9e_Cond%C3%A9.jpg,photo.rmn.fr,Attributed to Hyacinthe Rigaud,,inventory_match;institution_match;joconde_id_match,auto,2026-07-29,
00000077305,exact,joconde_id,open,CC BY-SA 2.0,L'AUTOMNE OU ALLEGORIE CONTRE L'ABUS DU VIN,musée Condé,Botticelli,Q64826815,L'Automne - Château de Chantilly (Oise) - Musée Condé - La Tribune.jpg,https://commons.wikimedia.org/wiki/File:L%27Automne_-_Ch%C3%A2teau_de_Chantilly_(Oise)_-_Mus%C3%A9e_Cond%C3%A9_-_La_Tribune.jpg,https://upload.wikimedia.org/wikipedia/commons/c/c4/L%27Automne_-_Ch%C3%A2teau_de_Chantilly_%28Oise%29_-_Mus%C3%A9e_Cond%C3%A9_-_La_Tribune.jpg,"Château de Chantilly (Oise) - Musée Condé - La Tribune , Patrick from Compiègne, France, 2012-10-28 13:33",Workshop of Sandro Botticelli,https://creativecommons.org/licenses/by-sa/2.0,inventory_match;institution_match;joconde_id_match,auto,2026-07-29,
00000077319,exact,joconde_id,open,Public domain,ECCE HOMO,musée Condé,Titien,Q64651926,"Château de Chantilly, Titian, ecce homo.JPG","https://commons.wikimedia.org/wiki/File:Ch%C3%A2teau_de_Chantilly,_Titian,_ecce_homo.JPG",https://upload.wikimedia.org/wikipedia/commons/b/b2/Ch%C3%A2teau_de_Chantilly%2C_Titian%2C_ecce_homo.JPG,Own work,Dguendel,,inventory_match;institution_match;joconde_id_match,auto,2026-07-29,
00000077334,exact,joconde_id,open,CC BY 4.0,LA SAINTE FAMILLE,musée Condé,Perino del Vaga,Q64826826,"Château de Chantilly, Perin del Vaga, the Holy family.JPG","https://commons.wikimedia.org/wiki/File:Ch%C3%A2teau_de_Chantilly,_Perin_del_Vaga,_the_Holy_family.JPG",https://upload.wikimedia.org/wikipedia/commons/e/e5/Ch%C3%A2teau_de_Chantilly%2C_Perin_del_Vaga%2C_the_Holy_family.JPG,Own work,Workshop of Perino del Vaga,https://creativecommons.org/licenses/by/4.0,inventory_match;institution_match;joconde_id_match,auto,2026-07-29,
00000077344,exact,joconde_id,open,CC BY-SA 3.0,MARS ET VENUS,musée Condé,Véronèse,Q64826828,"Veronese, marte e venere.JPG","https://commons.wikimedia.org/wiki/File:Veronese,_marte_e_venere.JPG",https://upload.wikimedia.org/wikipedia/commons/a/ac/Veronese%2C_marte_e_venere.JPG,Own work,Sailko,https://creativecommons.org/licenses/by-sa/3.0,inventory_match;institution_match;joconde_id_match,auto,2026-07-29,
00000077352,exact,joconde_id,open,Public domain,VENUS ENDORMIE AVEC DES AMOURS,musée Condé,Annibale Carracci,Q16268861,Annibale Carracci - Sleeping Venus - WGA4449.jpg,https://commons.wikimedia.org/wiki/File:Annibale_Carracci_-_Sleeping_Venus_-_WGA4449.jpg,https://upload.wikimedia.org/wikipedia/commons/7/75/Annibale_Carracci_-_Sleeping_Venus_-_WGA4449.jpg,"Web Gallery of Art : Image Info about artwork wga QS:P11807,""c/carracci/annibale/2/sleepven""",Annibale Carracci,,inventory_match;institution_match;joconde_id_match,auto,2026-07-29,
00000077354,exact,joconde_id,open,Public domain,LA NUIT PORTANT LE SOMMEIL ET LA MORT,musée Condé,Annibale Carracci,Q64651948,Annibale Carracci La Notte Museo Condé Chantilly.jpg,https://commons.wikimedia.org/wiki/File:Annibale_Carracci_La_Notte_Museo_Cond%C3%A9_Chantilly.jpg,https://upload.wikimedia.org/wikipedia/commons/f/fe/Annibale_Carracci_La_Notte_Museo_Cond%C3%A9_Chantilly.jpg,Joconde database : entry 00000077354,Annibale Carracci,,inventory_match;institution_match;joconde_id_match,auto,2026-07-29,
00000077355,exact,joconde_id,open,Public domain,L'AURORE PARSEMANT DES FLEURS ET TENANT UN TORCHE,musée Condé,Annibale Carracci,Q64651951,Annibale Carracci Aurora Museo Condé Chantilly.jpg,https://commons.wikimedia.org/wiki/File:Annibale_Carracci_Aurora_Museo_Cond%C3%A9_Chantilly.jpg,https://upload.wikimedia.org/wikipedia/commons/d/de/Annibale_Carracci_Aurora_Museo_Cond%C3%A9_Chantilly.jpg,Joconde database : entry 00000077355,Annibale Carracci,,inventory_match;institution_match;joconde_id_match,auto,2026-07-29,
00000081513,exact,joconde_id,open,Public domain,PORTRAIT DE TITUS (1641-1668),musée du Louvre,Rembrandt,Q20651198,Rembrandt Portrait of Titus van Rijn.jpg,https://commons.wikimedia.org/wiki/File:Rembrandt_Portrait_of_Titus_van_Rijn.jpg,https://upload.wikimedia.org/wikipedia/commons/f/fd/Rembrandt_Portrait_of_Titus_van_Rijn.jpg,http://paintings-art-picture.com/,Rembrandt,,inventory_match;institution_match;joconde_id_match,auto,2026-07-29,
00000094623,exact,joconde_id,unknown,,JOUEURS DE CARTES DANS UN CABARET,musée des beaux-arts,David Téniers,Q123564261,,,,,,,institution_match;joconde_id_match,auto,2026-07-29,
00000104551,exact,joconde_id,open,Public domain,Vierge à l'Enfant,musée du Louvre,Laurent de La Hyre,Q29644873,"La Vierge veillant sur l'enfant endormi, vers 1625, Paris, musée du Louvre.jpg","https://commons.wikimedia.org/wiki/File:La_Vierge_veillant_sur_l%27enfant_endormi,_vers_1625,_Paris,_mus%C3%A9e_du_Louvre.jpg",https://upload.wikimedia.org/wikipedia/commons/6/6d/La_Vierge_veillant_sur_l%27enfant_endormi%2C_vers_1625%2C_Paris%2C_mus%C3%A9e_du_Louvre.jpg,Self-photographed VladoubidoOo,Attributed to Laurent de La Hyre,,inventory_match;institution_match;joconde_id_match,auto,2026-07-29,
00000104553,exact,joconde_id,unknown,,Le Triomphe de la Religion,musée du Louvre,Charles Le Brun,Q29644862,,,,,,,inventory_match;institution_match;joconde_id_match,auto,2026-07-29,
00000104667,exact,joconde_id,open,Public domain,Amour répendant des fleurs,musée Condé,Annibale Carracci,Q64826829,"CARRACCI Annibale (atelier) - Amour répendant des fleurs, 00000104667.jpg","https://commons.wikimedia.org/wiki/File:CARRACCI_Annibale_(atelier)_-_Amour_r%C3%A9pendant_des_fleurs,_00000104667.jpg",https://upload.wikimedia.org/wikipedia/commons/b/b3/CARRACCI_Annibale_%28atelier%29_-_Amour_r%C3%A9pendant_des_fleurs%2C_00000104667.jpg,https://www.pop.culture.gouv.fr/notice/joconde/00000104667,Annibale Carracci and workshop,,inventory_match;institution_match;joconde_id_match,auto,2026-07-29,
00000104668,exact,joconde_id,open,CC BY-SA 3.0,Amour répendant des fleurs,musée Condé,Annibale Carracci,Q64826830,"Annibale carracci, amorini con fiori 04.JPG","https://commons.wikimedia.org/wiki/File:Annibale_carracci,_amorini_con_fiori_04.JPG",https://upload.wikimedia.org/wikipedia/commons/3/37/Annibale_carracci%2C_amorini_con_fiori_04.JPG,Own work,Sailko,https://creativecommons.org/licenses/by-sa/3.0,inventory_match;institution_match;joconde_id_match,auto,2026-07-29,
00000104669,exact,joconde_id,open,CC BY-SA 3.0,Amour répendant des fleurs,musée Condé,Annibale Carracci,Q64826831,"Annibale carracci, amorini con fiori 01.JPG","https://commons.wikimedia.org/wiki/File:Annibale_carracci,_amorini_con_fiori_01.JPG",https://upload.wikimedia.org/wikipedia/commons/a/aa/Annibale_carracci%2C_amorini_con_fiori_01.JPG,Own work,Sailko,https://creativecommons.org/licenses/by-sa/3.0,inventory_match;institution_match;joconde_id_match,auto,2026-07-29,
00000104670,exact,joconde_id,open,Public domain,Amour répendant des fleurs,musée Condé,Annibale Carracci,Q64826832,"Annibale carracci, amorini con fiori 03.JPG","https://commons.wikimedia.org/wiki/File:Annibale_carracci,_amorini_con_fiori_03.JPG",https://upload.wikimedia.org/wikipedia/commons/1/1c/Annibale_carracci%2C_amorini_con_fiori_03.JPG,Own work,Sailko,,inventory_match;institution_match;joconde_id_match,auto,2026-07-29,
00000104760,exact,joconde_id,open,Public domain,Cavalier,musée Condé,Rubens,Q107310865,Cavalier - d'après Rubens - Musée Condé.jpeg,https://commons.wikimedia.org/wiki/File:Cavalier_-_d%27apr%C3%A8s_Rubens_-_Mus%C3%A9e_Cond%C3%A9.jpeg,https://upload.wikimedia.org/wikipedia/commons/9/99/Cavalier_-_d%27apr%C3%A8s_Rubens_-_Mus%C3%A9e_Cond%C3%A9.jpeg,photo.rmn.fr,School of Peter Paul Rubens,,inventory_match;institution_match;joconde_id_match,auto,2026-07-29,
00000106281,exact,joconde_id,unknown,,La Vierge entourée de Saints et d'Orants,musée du Louvre,Le Tintoret,Q29644501,,,,,,,inventory_match;institution_match;joconde_id_match,auto,2026-07-29,
000PE000204,exact,joconde_id,unknown,,Le Sommeil des Amours,musée du Louvre,Boucher,Q29863702,,,,,,,inventory_match;institution_match;joconde_id_match,auto,2026-07-29,
000PE000205,exact,joconde_id,unknown,,L'AURORE,musée du Louvre,Boucher,Q29863688,,,,,,,inventory_match;institution_match;joconde_id_match,auto,2026-07-29,
000PE000206,exact,joconde_id,open,Public domain,Jeune femme au manchon,musée du Louvre,Boucher,Q29863677,François Boucher 024.jpg,https://commons.wikimedia.org/wiki/File:Fran%C3%A7ois_Boucher_024.jpg,https://upload.wikimedia.org/wikipedia/commons/8/88/Fran%C3%A7ois_Boucher_024.jpg,"The Yorck Project (2002) 10.000 Meisterwerke der Malerei (DVD-ROM), distributed by DIRECTMEDIA Publishing GmbH. ISBN : 3936122202 .",François Boucher,,inventory_match;institution_match;joconde_id_match,auto,2026-07-29,
000PE000238,exact,joconde_id,open,Public domain,Portrait d'un homme tenant un buste de Caracalla,musée du Louvre,Sébastien Bourdon,Q29863473,Attributed to Sébastien Bourdon - Portrait of a Man Holding a Bust of Caracalla - Louvre.jpg,https://commons.wikimedia.org/wiki/File:Attributed_to_S%C3%A9bastien_Bourdon_-_Portrait_of_a_Man_Holding_a_Bust_of_Caracalla_-_Louvre.jpg,https://upload.wikimedia.org/wikipedia/commons/5/56/Attributed_to_S%C3%A9bastien_Bourdon_-_Portrait_of_a_Man_Holding_a_Bust_of_Caracalla_-_Louvre.jpg,Source not provided by PeterSymonds2 ( talk ),Attributed to Sébastien Bourdon,,inventory_match;institution_match;joconde_id_match,auto,2026-07-29,
000PE000239,exact,joconde_id,unknown,,Portrait d'homme,musée du Louvre,Sébastien Bourdon,Q29863471,,,,,,,inventory_match;institution_match;joconde_id_match,auto,2026-07-29,
000PE000240,exact,joconde_id,unknown,,L'Adoration des bergers,musée du Louvre,Sébastien Bourdon,Q29863466,,,,,,,inventory_match;institution_match;joconde_id_match,auto,2026-07-29,
000PE000379,exact,joconde_id,open,Public domain,Petite fille aux mains jointes,musée du Louvre,Philippe de Champaigne,Q29863293,Champaigne Petite fille aux mains jointes Louvre.jpg,https://commons.wikimedia.org/wiki/File:Champaigne_Petite_fille_aux_mains_jointes_Louvre.jpg,https://upload.wikimedia.org/wikipedia/commons/e/e1/Champaigne_Petite_fille_aux_mains_jointes_Louvre.jpg,Google,Champaigne,,inventory_match;institution_match;joconde_id_match,auto,2026-07-29,
000PE000380,exact,joconde_id,unknown,,Le Christ en croix,musée du Louvre,Philippe de Champaigne,Q29863291,,,,,,,inventory_match;institution_match;joconde_id_match,auto,2026-07-29,
000PE000381,exact,joconde_id,open,Public domain,Enfant au faucon,musée du Louvre,Philippe de Champaigne,Q29863287,Philippe de Champaigne - Enfant au faucon (Anne-Marie de Chevreuse).jpg,https://commons.wikimedia.org/wiki/File:Philippe_de_Champaigne_-_Enfant_au_faucon_(Anne-Marie_de_Chevreuse).jpg,https://upload.wikimedia.org/wikipedia/commons/d/db/Philippe_de_Champaigne_-_Enfant_au_faucon_%28Anne-Marie_de_Chevreuse%29.jpg,[1],Presumably Philippe de Champaigne,,inventory_match;institution_match;joconde_id_match,auto,2026-07-29,
000PE000382,exact,joconde_id,open,Public domain,Portrait de deux hommes,musée du Louvre,Philippe de Champaigne,Q29863285,Mansard champaigne.jpg,https://commons.wikimedia.org/wiki/File:Mansard_champaigne.jpg,https://upload.wikimedia.org/wikipedia/commons/f/f2/Mansard_champaigne.jpg,http://www.voltaire-integral.com/Html/14/04CATALO_1_4.html at the Wayback Machine,Presumably Philippe de Champaigne,,inventory_match;institution_match;joconde_id_match,auto,2026-07-29,
000PE000383,exact,joconde_id,unknown,,Portrait d'homme,musée du Louvre,Philippe de Champaigne,Q29863282,,,,,,,inventory_match;institution_match;joconde_id_match,auto,2026-07-29,
000PE000384,exact,joconde_id,open,Public domain,PORTRAIT D'HOMME ; DIT AUTREFOIS PORTRAIT DU DUC DE ROANNEZ,musée municipal des beaux-arts,Philippe de Champaigne,Q115671504,(Agen) Portrait d'Etienne Delafons - Philippe de Champaigne - Musée des Beaux-Arts d'Agen.jpg,https://commons.wikimedia.org/wiki/File:(Agen)_Portrait_d%27Etienne_Delafons_-_Philippe_de_Champaigne_-_Mus%C3%A9e_des_Beaux-Arts_d%27Agen.jpg,https://upload.wikimedia.org/wikipedia/commons/6/6a/%28Agen%29_Portrait_d%27Etienne_Delafons_-_Philippe_de_Champaigne_-_Mus%C3%A9e_des_Beaux-Arts_d%27Agen.jpg,Own work,Didier Descouens,,inventory_match;institution_match;joconde_id_match,auto,2026-07-29,
000PE000505,exact,joconde_id,open,Public domain,"Pierre Forget, seigneur de Fresnes (1544-1610)",musée du Louvre,François Clouet,Q29862962,"François Clouet - Pierre Forget, seigneur de Fresnes - Louvre RF 1941-29.jpg","https://commons.wikimedia.org/wiki/File:Fran%C3%A7ois_Clouet_-_Pierre_Forget,_seigneur_de_Fresnes_-_Louvre_RF_1941-29.jpg",https://upload.wikimedia.org/wikipedia/commons/3/3e/Fran%C3%A7ois_Clouet_-_Pierre_Forget%2C_seigneur_de_Fresnes_-_Louvre_RF_1941-29.jpg,RMN-GP [1],Workshop of François Clouet,,inventory_match;institution_match;joconde_id_match,auto,2026-07-29,
000PE000506,exact,joconde_id,unknown,,CHARLES IX,musée du Louvre,François Clouet,Q29862959,,,,,,,inventory_match;institution_match;joconde_id_match,auto,2026-07-29,
000PE000507,exact,joconde_id,unknown,,"Jeanne d'Angennes, dame de Saint-Bohaire (ap. 1548 - ap. 1600)",musée du Louvre,François Clouet,Q29862952,,,,,,,inventory_match;institution_match;joconde_id_match,auto,2026-07-29,
000PE000508,exact,joconde_id,open,Public domain,"Élisabeth d'Autriche (1554-1592), reine de France, femme de Charles IX., en buste avec toque à plumes",musée du Louvre,François Clouet,Q29862946,ElisabethofAustria blackdress.jpg,https://commons.wikimedia.org/wiki/File:ElisabethofAustria_blackdress.jpg,https://upload.wikimedia.org/wikipedia/commons/8/8e/ElisabethofAustria_blackdress.jpg,Réunion des Musées Nationaux,Workshop of François Clouet,,inventory_match;institution_match;joconde_id_match,auto,2026-07-29,
000PE000509,exact,joconde_id,open,Public domain,Portrait de femme inconnue,musée du Louvre,François Clouet,Q29862944,"Studio of François Clouet Portrait of a Lady formerly called Antoinette d'Orléans, duchesse de Retz.jpg","https://commons.wikimedia.org/wiki/File:Studio_of_Fran%C3%A7ois_Clouet_Portrait_of_a_Lady_formerly_called_Antoinette_d%27Orl%C3%A9ans,_duchesse_de_Retz.jpg",https://upload.wikimedia.org/wikipedia/commons/4/4d/Studio_of_Fran%C3%A7ois_Clouet_Portrait_of_a_Lady_formerly_called_Antoinette_d%27Orl%C3%A9ans%2C_duchesse_de_Retz.jpg,fr.muzeo.com,Workshop of François Clouet,,inventory_match;institution_match;joconde_id_match,auto,2026-07-29,
000PE000510,exact,joconde_id,open,Public domain,"François-Hercule de France, duc d'Alençon (1554-1584), quatrième fils de Henri II et de Catherine de Médicis",musée du Louvre,François Clouet,Q19820060,Atelier de Clouet - François Hercule de France.jpg,https://commons.wikimedia.org/wiki/File:Atelier_de_Clouet_-_Fran%C3%A7ois_Hercule_de_France.jpg,https://upload.wikimedia.org/wikipedia/commons/d/dd/Atelier_de_Clouet_-_Fran%C3%A7ois_Hercule_de_France.jpg,Photograph: Siren-Com,Workshop of François Clouet,,inventory_match;institution_match;joconde_id_match,auto,2026-07-29,
000PE000511,exact,joconde_id,open,Public domain,"François de Lorraine, duc de Guise (1519-1563)",musée du Louvre,François Clouet,Q20020013,"Portrait of Francis de Lorraine, 2nd Duke of Guise (1519–1563), by Workshop of François Clouet.jpg","https://commons.wikimedia.org/wiki/File:Portrait_of_Francis_de_Lorraine,_2nd_Duke_of_Guise_(1519%E2%80%931563),_by_Workshop_of_Fran%C3%A7ois_Clouet.jpg",https://upload.wikimedia.org/wikipedia/commons/1/1f/Portrait_of_Francis_de_Lorraine%2C_2nd_Duke_of_Guise_%281519%E2%80%931563%29%2C_by_Workshop_of_Fran%C3%A7ois_Clouet.jpg,[2],Workshop of François Clouet,,inventory_match;institution_match;joconde_id_match,auto,2026-07-29,
000PE000512,exact,joconde_id,unknown,,HENRI II,musée du Louvre,François Clouet,Q29862941,,,,,,,inventory_match;institution_match;joconde_id_match,auto,2026-07-29,
000PE000513,exact,joconde_id,open,CC BY-SA 3.0,"Louis de Saint-Gelais, seigneur de Lansac (av. 1515/13-1589), gouverneur de François II et de Charles IX, surintendant de la maison de Catherine de Médicis",musée du Louvre,François Clouet,Q20020030,Atelier de Clouet - Louis de Saint-Gelais.jpg,https://commons.wikimedia.org/wiki/File:Atelier_de_Clouet_-_Louis_de_Saint-Gelais.jpg,https://upload.wikimedia.org/wikipedia/commons/5/57/Atelier_de_Clouet_-_Louis_de_Saint-Gelais.jpg,Photograph: Siren-Com,Workshop of François Clouet,https://creativecommons.org/licenses/by-sa/3.0,inventory_match;institution_match;joconde_id_match,auto,2026-07-29,
000PE000514,exact,joconde_id,open,CC BY-SA 3.0,"Charles IX (1550-1574), roi de France",musée du Louvre,François Clouet,Q20020017,Charles IX par Clouet Louvre.jpg,https://commons.wikimedia.org/wiki/File:Charles_IX_par_Clouet_Louvre.jpg,https://upload.wikimedia.org/wikipedia/commons/5/55/Charles_IX_par_Clouet_Louvre.jpg,"Siren-Com , Own work , 2009-11-07",After François Clouet,https://creativecommons.org/licenses/by-sa/3.0,inventory_match;institution_match;joconde_id_match,auto,2026-07-29,
000PE000515,exact,joconde_id,open,Public domain,"Diane de France, duchesse d'Angoulême (1538-1619), fille naturelle et légitimée de Henri II, roi de France",musée du Louvre,François Clouet,Q29862938,Diane de France Atelier de Clouet.jpg,https://commons.wikimedia.org/wiki/File:Diane_de_France_Atelier_de_Clouet.jpg,https://upload.wikimedia.org/wikipedia/commons/8/8f/Diane_de_France_Atelier_de_Clouet.jpg,Info Pic,Workshop of François Clouet,,inventory_match;institution_match;joconde_id_match,auto,2026-07-29,
000PE000516,exact,joconde_id,open,Public domain,"Claude de Beaune de Semblançay, dame de Chateaubrun (v. 1530-1571)",musée du Louvre,François Clouet,Q29862933,Clouet Claude de Beaune de Semblancay.jpg,https://commons.wikimedia.org/wiki/File:Clouet_Claude_de_Beaune_de_Semblancay.jpg,https://upload.wikimedia.org/wikipedia/commons/f/f9/Clouet_Claude_de_Beaune_de_Semblancay.jpg,Joconde database : entry 000PE000516,François Clouet,,inventory_match;institution_match;joconde_id_match,auto,2026-07-29,
000PE000540,exact,joconde_id,open,Public domain,"Mellin de Saint-Gelais, abbé de Reclus (1491-1558), poète et musicien, aumônier du Dauphin et bibliothécaire du roi à Fontainebleau",musée du Louvre,Corneille de Lyon,Q29862889,Corneille de Lyon - Mellin de Saint-Gelais - Louvre RF 1938-7.jpg,https://commons.wikimedia.org/wiki/File:Corneille_de_Lyon_-_Mellin_de_Saint-Gelais_-_Louvre_RF_1938-7.jpg,https://upload.wikimedia.org/wikipedia/commons/c/c2/Corneille_de_Lyon_-_Mellin_de_Saint-Gelais_-_Louvre_RF_1938-7.jpg,RMN-GP [1],Workshop of Corneille de Lyon,,inventory_match;institution_match;joconde_id_match,auto,2026-07-29,
000PE000541,exact,joconde_id,open,Public domain,"Anne Stuart, dit autrefois Portrait présumé d'Anne de La Queille, ou encore: Portrait de Jacqueline de Rohan-Gyé",musée du Louvre,Corneille de Lyon,Q29862887,Corneille de Lyon - Portrait présumé d'Anne de la Queille - Louvre RF 1938-8.jpg,https://commons.wikimedia.org/wiki/File:Corneille_de_Lyon_-_Portrait_pr%C3%A9sum%C3%A9_d%27Anne_de_la_Queille_-_Louvre_RF_1938-8.jpg,https://upload.wikimedia.org/wikipedia/commons/a/aa/Corneille_de_Lyon_-_Portrait_pr%C3%A9sum%C3%A9_d%27Anne_de_la_Queille_-_Louvre_RF_1938-8.jpg,RMN-GP [1],Workshop of Corneille de Lyon,,inventory_match;institution_match;joconde_id_match,auto,2026-07-29,
000PE000542,exact,joconde_id,open,Public domain,"Portrait d'homme, dit autrefois : Le chevalier d'Ambre",musée du Louvre,Corneille de Lyon,Q29862882,Corneille de Lyon Portrait d'homme dit Chevalier d'Ambre.jpg,https://commons.wikimedia.org/wiki/File:Corneille_de_Lyon_Portrait_d%27homme_dit_Chevalier_d%27Ambre.jpg,https://upload.wikimedia.org/wikipedia/commons/1/1e/Corneille_de_Lyon_Portrait_d%27homme_dit_Chevalier_d%27Ambre.jpg,Self-photographed,Corneille de Lyon,,inventory_match;institution_match;joconde_id_match,auto,2026-07-29,
000PE000543,exact,joconde_id,open,Public domain,"Jean d'Albon, seigneur de Saint-André (1472-1549), chambellan d'Anne de Bretagne en 1502, gouverneur de Henri de France (futur Henri II) en 1530",musée du Louvre,Corneille de Lyon,Q29862879,Corneille de Lyon -.Jean d'Albon de Saint-André - Louvre RF 342.jpg,https://commons.wikimedia.org/wiki/File:Corneille_de_Lyon_-.Jean_d%27Albon_de_Saint-Andr%C3%A9_-_Louvre_RF_342.jpg,https://upload.wikimedia.org/wikipedia/commons/a/a3/Corneille_de_Lyon_-.Jean_d%27Albon_de_Saint-Andr%C3%A9_-_Louvre_RF_342.jpg,RMN-GP [1],Workshop of Corneille de Lyon,,inventory_match;institution_match;joconde_id_match,auto,2026-07-29,
000PE000544,exact,joconde_id,open,Public domain,"Charles de Cossé, comte de Brissac (v. 1506-1564), maréchal de France en 1550",musée du Louvre,Corneille de Lyon,Q29862877,"Corneille de Lyon - Portrait de Charles de Cossé, comte de Brissac - Louvre INV 3268.jpg","https://commons.wikimedia.org/wiki/File:Corneille_de_Lyon_-_Portrait_de_Charles_de_Coss%C3%A9,_comte_de_Brissac_-_Louvre_INV_3268.jpg",https://upload.wikimedia.org/wikipedia/commons/a/ab/Corneille_de_Lyon_-_Portrait_de_Charles_de_Coss%C3%A9%2C_comte_de_Brissac_-_Louvre_INV_3268.jpg,RMN-GP [1],Workshop of Corneille de Lyon,,inventory_match;institution_match;joconde_id_match,auto,2026-07-29,
000PE000545,exact,joconde_id,open,Public domain,"Portrait présumé de Louis de Bourbon, duc de Montpensier (1513-1582), dit autrefois: Henry de Bourbon, duc de Montpensier",musée du Louvre,Corneille de Lyon,Q29862874,"Corneille de Lyon (workshop) - Louis de Bourbon, duc de Montpensier (formerly thought Henry de Bourbon) - Louvre INV 9451.jpg","https://commons.wikimedia.org/wiki/File:Corneille_de_Lyon_(workshop)_-_Louis_de_Bourbon,_duc_de_Montpensier_(formerly_thought_Henry_de_Bourbon)_-_Louvre_INV_9451.jpg",https://upload.wikimedia.org/wikipedia/commons/9/9d/Corneille_de_Lyon_%28workshop%29_-_Louis_de_Bourbon%2C_duc_de_Montpensier_%28formerly_thought_Henry_de_Bourbon%29_-_Louvre_INV_9451.jpg,Louvre [1],Workshop of Corneille de Lyon,,inventory_match;institution_match;joconde_id_match,auto,2026-07-29,
000PE000546,exact,joconde_id,open,Public domain,"Portrait présumé de Jean IV de Brosse, dit de Bretagne (1505-1564), duc d'Etampes",musée du Louvre,Corneille de Lyon,Q29862871,"Corneille de Lyon - Portrait présumé de Jean de Brosse, duc d'Étampes - Louvre INV 3258.jpg","https://commons.wikimedia.org/wiki/File:Corneille_de_Lyon_-_Portrait_pr%C3%A9sum%C3%A9_de_Jean_de_Brosse,_duc_d%27%C3%89tampes_-_Louvre_INV_3258.jpg",https://upload.wikimedia.org/wikipedia/commons/2/28/Corneille_de_Lyon_-_Portrait_pr%C3%A9sum%C3%A9_de_Jean_de_Brosse%2C_duc_d%27%C3%89tampes_-_Louvre_INV_3258.jpg,RMN-GP [1],Workshop of Corneille de Lyon,,inventory_match;institution_match;joconde_id_match,auto,2026-07-29,
000PE001195,exact,joconde_id,unknown,,Bacchante endormie,musée du Louvre,Fragonard,Q29855863,,,,,,,inventory_match;institution_match;joconde_id_match,auto,2026-07-29,
000PE001196,exact,joconde_id,unknown,,Portrait de jeune femme,musée du Louvre,Fragonard,Q29855862,,,,,,,inventory_match;institution_match;joconde_id_match,auto,2026-07-29,
000PE001197,exact,joconde_id,unknown,,Le nid d'oiseaux,musée du Louvre,Fragonard,Q29855859,,,,,,,inventory_match;institution_match;joconde_id_match,auto,2026-07-29,
000PE001198,exact,joconde_id,unknown,,LA VIERGE ET L'ENFANT,musée du Louvre,Fragonard,Q29855858,,,,,,,inventory_match;institution_match;joconde_id_match,auto,2026-07-29,
000PE001257,exact,joconde_id,unknown,,PAYSAGE,musée du Louvre,Claude Lorrain,Q29855755,,,,,,,inventory_match;institution_match;joconde_id_match,auto,2026-07-29,
000PE001267,exact,joconde_id,open,Public domain,NAPOLEON 1ER EN COSTUME DE SACRE,musée du Louvre,François Gérard,Q29855737,François Gerard - Napoleon I in Coronation Robes.jpeg,https://commons.wikimedia.org/wiki/File:Fran%C3%A7ois_Gerard_-_Napoleon_I_in_Coronation_Robes.jpeg,https://upload.wikimedia.org/wikipedia/commons/5/52/Fran%C3%A7ois_Gerard_-_Napoleon_I_in_Coronation_Robes.jpeg,gallerix.org,François Gérard and workshop,,inventory_match;institution_match;joconde_id_match,auto,2026-07-29,
000PE001307,exact,joconde_id,unknown,,LIONS COUCHES,musée d'Orsay,Géricault,Q29855610,,,,,,,inventory_match;joconde_id_match,auto,2026-07-29,
000PE001570,exact,joconde_id,unknown,,LA SOURCE,musée du Louvre,Ingres,Q29851018,,,,,,,inventory_match;institution_match;joconde_id_match,auto,2026-07-29,
000PE001687,exact,joconde_id,unknown,,LE PRESIDENT DE LAMOIGNON (1617-1677),musée du Louvre,Nicolas de Largillière,Q115669329,,,,,,,inventory_match;institution_match;joconde_id_match,auto,2026-07-29,
000PE001732,exact,joconde_id,unknown,,FIGURES ET MOTIFS DECORATIFS,musée du Louvre,Charles Le Brun,Q29847720,,,,,,,inventory_match;institution_match;joconde_id_match,auto,2026-07-29,
000PE001733,exact,joconde_id,unknown,,L'AIR,musée du Louvre,Charles Le Brun,Q29847689,,,,,,,inventory_match;institution_match;joconde_id_match,auto,2026-07-29,
000PE001734,exact,joconde_id,unknown,,FIGURES ET MOTIFS DECORATIFS,musée du Louvre,Charles Le Brun,Q29847651,,,,,,,inventory_match;institution_match;joconde_id_match,auto,2026-07-29,
000PE001735,exact,joconde_id,unknown,,PORTIERE DE LA LICORNE,musée du Louvre,Charles Le Brun,Q29847614,,,,,,,inventory_match;institution_match;joconde_id_match,auto,2026-07-29,
000PE001736,exact,joconde_id,unknown,,L'AUTOMNE,musée du Louvre,Charles Le Brun,Q29847588,,,,,,,inventory_match;institution_match;joconde_id_match,auto,2026-07-29,
000PE001737,exact,joconde_id,unknown,,LES ENFANTS JARDINIERS : L'HIVER,musée du Louvre,Charles Le Brun,Q29847577,,,,,,,inventory_match;institution_match;joconde_id_match,auto,2026-07-29,
000PE002384,exact,joconde_id,unknown,,PORTRAIT D'HOMME ; DIT AUTREFOIS DE WILLIAM BENTINCK,musée du Louvre,Hyacinthe Rigaud,Q29840293,,,,,,,inventory_match;institution_match;joconde_id_match,auto,2026-07-29,
000PE002919,exact,joconde_id,open,Public domain,LE CHRIST A LA COLONNE,musée du Louvre,Simon Vouet,Q29837334,"Vouet - Atelier de - Le Christ à la colonne, 1635 - 1640, INV 8066 ; MR 2052.jpg","https://commons.wikimedia.org/wiki/File:Vouet_-_Atelier_de_-_Le_Christ_%C3%A0_la_colonne,_1635_-_1640,_INV_8066_;_MR_2052.jpg",https://upload.wikimedia.org/wikipedia/commons/5/54/Vouet_-_Atelier_de_-_Le_Christ_%C3%A0_la_colonne%2C_1635_-_1640%2C_INV_8066_%3B_MR_2052.jpg,https://collections.louvre.fr/recherche?page=1&author%5B0%5D=2338&collection%5B0%5D=6,Simon Vouet,,inventory_match;institution_match;joconde_id_match,auto,2026-07-29,
000PE003328,exact,joconde_id,open,Public domain,Portrait dit du comte de Montrose,musée du Louvre,Van Dyck,Q29656723,"VAN DYCK Anton (école) ; anonyme - Portrait dit du comte de Montrose, RF 2119.jpg","https://commons.wikimedia.org/wiki/File:VAN_DYCK_Anton_(%C3%A9cole)_;_anonyme_-_Portrait_dit_du_comte_de_Montrose,_RF_2119.jpg",https://upload.wikimedia.org/wikipedia/commons/8/8a/VAN_DYCK_Anton_%28%C3%A9cole%29_%3B_anonyme_-_Portrait_dit_du_comte_de_Montrose%2C_RF_2119.jpg,https://www.pop.culture.gouv.fr/notice/joconde/000PE003328,Manner of Anthony van Dyck,,inventory_match;institution_match;joconde_id_match,auto,2026-07-29,
000PE005364,exact,joconde_id,open,Public domain,"Anne-Marie-Louise d'Orléans, Duchesse de Montpensier, dite La Grande Mademoiselle (1627-1693)",musée national des châteaux de Versailles et de Trianon,Pierre Mignard,Q65097273,"Anne Marie Louise d'Orléans holding a portrait of her father Gaston de France, Jean Nocret.jpg","https://commons.wikimedia.org/wiki/File:Anne_Marie_Louise_d%27Orl%C3%A9ans_holding_a_portrait_of_her_father_Gaston_de_France,_Jean_Nocret.jpg",https://upload.wikimedia.org/wikipedia/commons/f/f9/Anne_Marie_Louise_d%27Orl%C3%A9ans_holding_a_portrait_of_her_father_Gaston_de_France%2C_Jean_Nocret.jpg,photo.rmn.fr,Attributed to Jean Nocret / Formerly attributed to Pierre Mignard I,,joconde_id_match,auto,2026-07-29,
000PE006178,exact,joconde_id,open,Public domain,"FRANCOISE DE LONGWY, COMTESSE DE CHABOT (1510-?)",musée national des châteaux de Versailles et de Trianon,Corneille de Lyon,Q21503474,"Corneille de Lyon - Françoise de Longwy, femme de Philippe Chabot (huile sur bois).jpg","https://commons.wikimedia.org/wiki/File:Corneille_de_Lyon_-_Fran%C3%A7oise_de_Longwy,_femme_de_Philippe_Chabot_(huile_sur_bois).jpg",https://upload.wikimedia.org/wikipedia/commons/9/90/Corneille_de_Lyon_-_Fran%C3%A7oise_de_Longwy%2C_femme_de_Philippe_Chabot_%28huile_sur_bois%29.jpg,Xavier Caré,Corneille de Lyon,,joconde_id_match,auto,2026-07-29,
000PE006180,exact,joconde_id,unknown,,"ANNE STUART, DAME D'AUBIGNY",musée national des châteaux de Versailles et de Trianon,Corneille de Lyon,Q53847850,,,,,,,joconde_id_match,auto,2026-07-29,
000PE006215,exact,joconde_id,open,Public domain,"CATHERINE DE MEDICIS, REINE DE FRANCE (1519-1589) ; DITE AUTREFOIS MARGUERITE DE FRANCE, DUCHESSE DE SAVOIE",musée national des châteaux de Versailles et de Trianon,Corneille de Lyon,Q51869947,Corneille de Lyon - Catherine de Médicis.jpg,https://commons.wikimedia.org/wiki/File:Corneille_de_Lyon_-_Catherine_de_M%C3%A9dicis.jpg,https://upload.wikimedia.org/wikipedia/commons/2/29/Corneille_de_Lyon_-_Catherine_de_M%C3%A9dicis.jpg,Own work,François de Dijon,,joconde_id_match,auto,2026-07-29,
000PE006218,exact,joconde_id,open,Public domain,"MADELEINE DE FRANCE, REINE D'ECOSSE (1520-1537) ; DITE AUTREFOIS MARGUERITE DE BOURBON, DUCHESSE DE NEVERS",musée national des châteaux de Versailles et de Trianon,Corneille de Lyon,Q53582960,Corneille de Lyon - Madeleine de Valois (1520-1536) - Château de Versailles.jpg,https://commons.wikimedia.org/wiki/File:Corneille_de_Lyon_-_Madeleine_de_Valois_(1520-1536)_-_Ch%C3%A2teau_de_Versailles.jpg,https://upload.wikimedia.org/wikipedia/commons/4/4a/Corneille_de_Lyon_-_Madeleine_de_Valois_%281520-1536%29_-_Ch%C3%A2teau_de_Versailles.jpg,RMN-GP [1],Workshop of Corneille de Lyon,,joconde_id_match,auto,2026-07-29,
000PE006222,exact,joconde_id,unknown,,"INCONNUE ; DITE AUTREFOIS PHILIPPINE DE MONTESPEDON, PRINCESSE DE LA ROCHE-SUR-YON",musée national des châteaux de Versailles et de Trianon,Corneille de Lyon,Q90174929,,,,,,,joconde_id_match,auto,2026-07-29,
000PE006238,exact,joconde_id,unknown,,"LOUISE DE HALLUIN, DAME DE CYPIERRE (?-1584)",musée national des châteaux de Versailles et de Trianon,Corneille de Lyon,Q54152755,,,,,,,joconde_id_match,auto,2026-07-29,
000PE006239,exact,joconde_id,open,Public domain,"JEANNE DE HALLUIN, DAME D'ALLUYE",musée national des châteaux de Versailles et de Trianon,Corneille de Lyon,Q53576506,Corneille de Lyon - Jeanne van Halewijn (1530-1580).jpg,https://commons.wikimedia.org/wiki/File:Corneille_de_Lyon_-_Jeanne_van_Halewijn_(1530-1580).jpg,https://upload.wikimedia.org/wikipedia/commons/2/22/Corneille_de_Lyon_-_Jeanne_van_Halewijn_%281530-1580%29.jpg,roglo.eu,Corneille de Lyon,,joconde_id_match,auto,2026-07-29,
000PE006257,exact,joconde_id,unknown,,"CHARLES DE LA ROCHEFOUCAULD, COMTE DE RANDAN (?-1562)",musée national des châteaux de Versailles et de Trianon,Corneille de Lyon,Q54152810,,,,,,,joconde_id_match,auto,2026-07-29,
000PE006526,exact,joconde_id,open,Public domain,"Philippe de France, duc d'Orléans, frère de Louis XIV dit Monsieur (1640-1701)",musée national des châteaux de Versailles et de Trianon,Pierre Mignard,Q65097512,"Philippe of France, Duke of Orléans from the workshop of Pierre Mignard (Versailles).jpg","https://commons.wikimedia.org/wiki/File:Philippe_of_France,_Duke_of_Orl%C3%A9ans_from_the_workshop_of_Pierre_Mignard_(Versailles).jpg",https://upload.wikimedia.org/wikipedia/commons/f/fb/Philippe_of_France%2C_Duke_of_Orl%C3%A9ans_from_the_workshop_of_Pierre_Mignard_%28Versailles%29.jpg,"Versailles, châteaux de Versailles et de Trianon",Unidentified painter / French School / Formerly attributed to Pierre Mignard I,,inventory_match;joconde_id_match,auto,2026-07-29,
000PE006870,exact,joconde_id,unknown,,ANNE DU PLESSIS-LIANCOURT,musée national des châteaux de Versailles et de Trianon,Corneille de Lyon,Q54172769,,,,,,,joconde_id_match,auto,2026-07-29,
000PE007018,exact,joconde_id,open,Public domain,"Marie-Anne-Louise d'Orléans, Mademoiselle de Montpensier dite La Grande Mademoiselle (1627-1693)",musée national des châteaux de Versailles et de Trianon,Pierre Mignard,Q59211508,"Anne Marie Louise d'Orléans, Duchess of Montpensier, La Grande Mademoiselle - Versailles MV 3476.jpg","https://commons.wikimedia.org/wiki/File:Anne_Marie_Louise_d%27Orl%C3%A9ans,_Duchess_of_Montpensier,_La_Grande_Mademoiselle_-_Versailles_MV_3476.jpg",https://upload.wikimedia.org/wikipedia/commons/f/fa/Anne_Marie_Louise_d%27Orl%C3%A9ans%2C_Duchess_of_Montpensier%2C_La_Grande_Mademoiselle_-_Versailles_MV_3476.jpg,photo.rmn.fr Réunion des musées nationaux,Attributed to Gilbert de Sève,,joconde_id_match,auto,2026-07-29,
000PE007045,exact,joconde_id,open,Public domain,"Henriette-Anne d'Angleterre, Duchesse d'Orleans, dite Madame (1644-1670)",musée national des châteaux de Versailles et de Trianon,Pierre Mignard,Q65097319,"Henriette-Anne d'Angleterre, duchesse d'Orléans, dite Madame.jpg","https://commons.wikimedia.org/wiki/File:Henriette-Anne_d%27Angleterre,_duchesse_d%27Orl%C3%A9ans,_dite_Madame.jpg",https://upload.wikimedia.org/wikipedia/commons/e/ed/Henriette-Anne_d%27Angleterre%2C_duchesse_d%27Orl%C3%A9ans%2C_dite_Madame.jpg,https://www.ucalgary.ca/~mamaes/henrietteanne.jpg,Attributed to Nicolas Mignard / Attributed to Pierre Mignard I / Attributed to Jean Nocret / Formerly attributed to Nicolas de Largillière,,joconde_id_match,auto,2026-07-29,
000PE007583,exact,joconde_id,unknown,,"PHILIPPE CHABOT, AMIRAL DE FRANCE (?-1543)",musée national des châteaux de Versailles et de Trianon,Corneille de Lyon,Q90174651,,,,,,,joconde_id_match,auto,2026-07-29,
000PE007586,exact,joconde_id,unknown,,"RENE D'AMONCOURT, SEIGNEUR DE MONTIGNY-SUR-AUBE (1483-?)",musée national des châteaux de Versailles et de Trianon,Corneille de Lyon,Q90174654,,,,,,,joconde_id_match,auto,2026-07-29,
000PE007610,exact,joconde_id,unknown,,"CHARLES DE LA ROCHEFOUCAULD, COMTE DE RANDAN (?-1562)",musée national des châteaux de Versailles et de Trianon,Corneille de Lyon,Q90174772,,,,,,,joconde_id_match,auto,2026-07-29,
000PE007938,exact,joconde_id,open,Public domain,"LOUIS-FRANCOIS DE BOURBON, PRINCE DE CONTI (1717-1776)",musée national des châteaux de Versailles et de Trianon,Hyacinthe Rigaud,Q111296863,"Atelier de Pierre Gobert - Louis-François de Bourbon, prince de Conti - Versailles MV 4397.png","https://commons.wikimedia.org/wiki/File:Atelier_de_Pierre_Gobert_-_Louis-Fran%C3%A7ois_de_Bourbon,_prince_de_Conti_-_Versailles_MV_4397.png",https://upload.wikimedia.org/wikipedia/commons/3/37/Atelier_de_Pierre_Gobert_-_Louis-Fran%C3%A7ois_de_Bourbon%2C_prince_de_Conti_-_Versailles_MV_4397.png,https://www.google.co.uk/search?hl=en&rlz=1C1CHFX_en-GBGB470GB470&q,Workshop of Pierre Gobert,,joconde_id_match,auto,2026-07-29,
000PE007944,exact,joconde_id,open,Public domain,"JOSEPH-JEAN-BAPTISTE FLEURIAU, SEIGNEUR D'ARMENONVILLE, GARDE DES SCEAUX (1660-1728)",musée national des châteaux de Versailles et de Trianon,Hyacinthe Rigaud,Q130207591,"Fleuriau d'Armenonville, Joseph.jpg","https://commons.wikimedia.org/wiki/File:Fleuriau_d%27Armenonville,_Joseph.jpg",https://upload.wikimedia.org/wikipedia/commons/1/14/Fleuriau_d%27Armenonville%2C_Joseph.jpg,http://fr.wikipedia.org/wiki/Image:Fleuriau_d%27Armenonville%2C_Joseph.jpg,School of Hyacinthe Rigaud,,joconde_id_match,auto,2026-07-29,
000PE007962,exact,joconde_id,unknown,,"Noël Jouvenet (mort en 1716), sculpteur",musée national des châteaux de Versailles et de Trianon,Nicolas de Largillière,Q116284850,,,,,,,joconde_id_match,auto,2026-07-29,
000PE008279,exact,joconde_id,open,Public domain,BERTRAND BARERE DE VIEUZAC (1755-1841),musée national des châteaux de Versailles et de Trianon,Greuze,Q131574226,Barére de Vieuzac.JPG,https://commons.wikimedia.org/wiki/File:Bar%C3%A9re_de_Vieuzac.JPG,https://upload.wikimedia.org/wikipedia/commons/1/10/Bar%C3%A9re_de_Vieuzac.JPG,Joconde database : entry 000PE008279,Formerly attributed to Jean-Baptiste Greuze / Unidentified painter,,joconde_id_match,auto,2026-07-29,
000PE008553,exact,joconde_id,open,Public domain,LE BON SAMARITAIN,musée du Louvre,Rembrandt,Q21885275,Rembrandt - The Good Samaritan - Louvre.jpg,https://commons.wikimedia.org/wiki/File:Rembrandt_-_The_Good_Samaritan_-_Louvre.jpg,https://upload.wikimedia.org/wikipedia/commons/9/9e/Rembrandt_-_The_Good_Samaritan_-_Louvre.jpg,https://archive.org/stream/gri_33125004476327#page/n340/mode/1up,Constantijn à Renesse,,inventory_match;institution_match;joconde_id_match,auto,2026-07-29,
000PE008558,exact,joconde_id,open,Public domain,HENDRICKJE STOFFELS EN VENUS,musée du Louvre,Rembrandt,Q21499498,Vénus et l'Amour de Rembrandt.jpg,https://commons.wikimedia.org/wiki/File:V%C3%A9nus_et_l%27Amour_de_Rembrandt.jpg,https://upload.wikimedia.org/wikipedia/commons/f/f5/V%C3%A9nus_et_l%27Amour_de_Rembrandt.jpg,Own work,JackyM59,,inventory_match;institution_match;joconde_id_match,auto,2026-07-29,
000PE008561,exact,joconde_id,open,Public domain,REMBRANDT A LA TOQUE SUR FOND D'ARCHITECTURE,musée du Louvre,Rembrandt,Q18226124,"Rembrandt, autoritratto col tocco su sfondo architettonico, 1639 02.jpg","https://commons.wikimedia.org/wiki/File:Rembrandt,_autoritratto_col_tocco_su_sfondo_architettonico,_1639_02.jpg",https://upload.wikimedia.org/wikipedia/commons/1/1d/Rembrandt%2C_autoritratto_col_tocco_su_sfondo_architettonico%2C_1639_02.jpg,www.photo.rmn.fr : Home : Info : Pic,Attributed to Rembrandt,,inventory_match;institution_match;joconde_id_match,auto,2026-07-29,
000PE008563,exact,joconde_id,open,Public domain,Etude de vieillard,musée du Louvre,Rembrandt,Q21669424,Rembrandt - Portrait of an old man with a beard - INV 1748.jpg,https://commons.wikimedia.org/wiki/File:Rembrandt_-_Portrait_of_an_old_man_with_a_beard_-_INV_1748.jpg,https://upload.wikimedia.org/wikipedia/commons/1/1c/Rembrandt_-_Portrait_of_an_old_man_with_a_beard_-_INV_1748.jpg,This image is available from the Netherlands Institute for Art History under digital ID 232215 .,Rembrandt,,inventory_match;institution_match;joconde_id_match,auto,2026-07-29,
000PE008564,exact,joconde_id,open,Public domain,"Portrait de jeune homme, dit autrefois : Portrait de Titus",musée du Louvre,Rembrandt,Q21674750,Rembrandt - Portrait of a Young Man with Moustache.jpg,https://commons.wikimedia.org/wiki/File:Rembrandt_-_Portrait_of_a_Young_Man_with_Moustache.jpg,https://upload.wikimedia.org/wikipedia/commons/5/5f/Rembrandt_-_Portrait_of_a_Young_Man_with_Moustache.jpg,http://www.culture.gouv.fr/Wave/image/joconde/0337/m503604_p0006733-001_p.jpg,Workshop of Rembrandt,,inventory_match;institution_match;joconde_id_match,auto,2026-07-29,
000PE008571,exact,joconde_id,open,Public domain,Jeune homme au bâton,musée du Louvre,Rembrandt,Q21935248,Rembrant - Portrait of a Man with a Staff.jpg,https://commons.wikimedia.org/wiki/File:Rembrant_-_Portrait_of_a_Man_with_a_Staff.jpg,https://upload.wikimedia.org/wikipedia/commons/3/3b/Rembrant_-_Portrait_of_a_Man_with_a_Staff.jpg,Joconde,Workshop of Rembrandt,,inventory_match;institution_match;joconde_id_match,auto,2026-07-29,
000PE008787,exact,joconde_id,open,Public domain,"Anne d'Autriche (1601-1666) , reine de France",musée du Louvre,Rubens,Q29655311,"After Rubens - Anne of Austria, Queen of France - Louvre INV 1794.jpg","https://commons.wikimedia.org/wiki/File:After_Rubens_-_Anne_of_Austria,_Queen_of_France_-_Louvre_INV_1794.jpg",https://upload.wikimedia.org/wikipedia/commons/2/25/After_Rubens_-_Anne_of_Austria%2C_Queen_of_France_-_Louvre_INV_1794.jpg,https://collections.louvre.fr/en/ark:/53355/cl010060852,After Peter Paul Rubens,,inventory_match;institution_match;joconde_id_match,auto,2026-07-29,
000PE008806,exact,joconde_id,unknown,,TETE DE VIEILLARD,musée du Louvre,Van Dyck ; Rubens,Q29655250,,,,,,,inventory_match;institution_match;joconde_id_match,auto,2026-07-29,
000PE008824,exact,joconde_id,unknown,,SINGES AU CORPS DE GARDE,musée du Louvre,David Téniers,Q29655212,,,,,,,inventory_match;institution_match;joconde_id_match,auto,2026-07-29,
000PE008863,exact,joconde_id,open,Public domain,Les bulles de savon,musée du Louvre,David Téniers,Q29655113,"Jan van Kessel (I) and David Teniers (II) (attributed to) - Soap bubbles, allegory of Vanitas.jpg","https://commons.wikimedia.org/wiki/File:Jan_van_Kessel_(I)_and_David_Teniers_(II)_(attributed_to)_-_Soap_bubbles,_allegory_of_Vanitas.jpg",https://upload.wikimedia.org/wikipedia/commons/0/09/Jan_van_Kessel_%28I%29_and_David_Teniers_%28II%29_%28attributed_to%29_-_Soap_bubbles%2C_allegory_of_Vanitas.jpg,https://collections.louvre.fr/en/ark:/53355/cl010061607,Attributed to David Teniers the Younger / Jan van Kessel the Elder,,inventory_match;institution_match;joconde_id_match,auto,2026-07-29,
000PE008864,exact,joconde_id,unknown,,LA KERMESSE,musée du Louvre,David Téniers,Q29655110,,,,,,,inventory_match;institution_match;joconde_id_match,auto,2026-07-29,
000PE008889,exact,joconde_id,unknown,,CORPS DE GARDE DE SINGES MILITAIRES,musée du Louvre,David Téniers,Q29655005,,,,,,,inventory_match;institution_match;joconde_id_match,auto,2026-07-29,
000PE008890,exact,joconde_id,unknown,,CHATS AMENES DEVANT UN TRIBUNAL MILITAIRE DE SINGES,musée du Louvre,David Téniers,Q29655002,,,,,,,inventory_match;institution_match;joconde_id_match,auto,2026-07-29,
000PE008895,exact,joconde_id,unknown,,PORTRAIT EQUESTRE DE FERDINAND INFANT D'ESPAGNE,musée du Louvre,Van Dyck,Q29654990,,,,,,,inventory_match;institution_match;joconde_id_match,auto,2026-07-29,
000PE008917,exact,joconde_id,unknown,,SAINT JEAN-BAPTISTE ENFANT DANS UN PAYSAGE,musée du Louvre,Van Dyck,Q29654940,,,,,,,inventory_match;institution_match;joconde_id_match,auto,2026-07-29,
000PE009639,exact,joconde_id,open,Public domain,ADORATION DES MAGES,musée de Tessé,Philippe de Champaigne,Q130379444,Champaigne Adoration des mages Le Mans.jpg,https://commons.wikimedia.org/wiki/File:Champaigne_Adoration_des_mages_Le_Mans.jpg,https://upload.wikimedia.org/wikipedia/commons/e/e9/Champaigne_Adoration_des_mages_Le_Mans.jpg,https://dhistoire-et-dart.com/Fortunecritique/Champaignejeune4s4cat.html,Champaigne,,inventory_match;institution_match;joconde_id_match,auto,2026-07-29,
000PE009680,exact,joconde_id,open,Public domain,PORTRAIT DU MARECHAL DE TESSE (1650-1725),musée de Tessé,Hyacinthe Rigaud,Q121547931,Le maréchal de Tessé.JPG,https://commons.wikimedia.org/wiki/File:Le_mar%C3%A9chal_de_Tess%C3%A9.JPG,https://upload.wikimedia.org/wikipedia/commons/d/d9/Le_mar%C3%A9chal_de_Tess%C3%A9.JPG,Musée des Beaux-arts du Mans,Hyacinthe Rigaud,,inventory_match;institution_match;joconde_id_match,auto,2026-07-29,
000PE010874,exact,joconde_id,open,Public domain,VANITE,musée de Tessé,Philippe de Champaigne,Q3873328,StillLifeWithASkull.jpg,https://commons.wikimedia.org/wiki/File:StillLifeWithASkull.jpg,https://upload.wikimedia.org/wikipedia/commons/a/ae/StillLifeWithASkull.jpg,"Web Gallery of Art : Image Info about artwork wga QS:P11807,""c/champaig/vanitas""",Philippe de Champaigne,,inventory_match;institution_match;joconde_id_match,auto,2026-07-29,
000PE011191,exact,joconde_id,open,Public domain,"JEAN DU VERGER DE HAURANNE, ABBE DE SAINT-CYRAN (1581-1643)",musée national des châteaux de Versailles et de Trianon,Philippe de Champaigne,Q106574700,Jean Duvergier de Hauranne.jpg,https://commons.wikimedia.org/wiki/File:Jean_Duvergier_de_Hauranne.jpg,https://upload.wikimedia.org/wikipedia/commons/3/39/Jean_Duvergier_de_Hauranne.jpg,"Collections du Château de Versailles, MV 5990",Philippe de Champaigne,,joconde_id_match,auto,2026-07-29,
000PE011341,exact,joconde_id,open,Public domain,La dauphine Christine de Bavière (1660-1690),musée national des châteaux de Versailles et de Trianon,Pierre Mignard,Q121092804,"Troy, after François de - Maria Anna Victoria of Bavaria - Versailles, MV5557.png","https://commons.wikimedia.org/wiki/File:Troy,_after_Fran%C3%A7ois_de_-_Maria_Anna_Victoria_of_Bavaria_-_Versailles,_MV5557.png",https://upload.wikimedia.org/wikipedia/commons/3/34/Troy%2C_after_Fran%C3%A7ois_de_-_Maria_Anna_Victoria_of_Bavaria_-_Versailles%2C_MV5557.png,http://www.bayern-france.info/pdf/Kapitel_2_Beitrag_2_neu.pdf,Workshop of François de Troy / School of Pierre Mignard I,,joconde_id_match,auto,2026-07-29,
000PE011526,exact,joconde_id,unknown,,"Portrait présumé du peintre Charles Le Brun jeune, présentant le portrait d'un militaire",musée national des châteaux de Versailles et de Trianon,Charles Le Brun,Q115672556,,,,,,,joconde_id_match,auto,2026-07-29,
000PE011646,exact,joconde_id,open,Public domain,"Isabelle de Montmorency, Duchesse de Mecklembourg (1626-1695)",musée national des châteaux de Versailles et de Trianon,Pierre Mignard,Q117775001,"So-called ""Isabelle de Montmorency, duchesse de Mecklembourg"" - Versailles.jpg","https://commons.wikimedia.org/wiki/File:So-called_%22Isabelle_de_Montmorency,_duchesse_de_Mecklembourg%22_-_Versailles.jpg",https://upload.wikimedia.org/wikipedia/commons/8/84/So-called_%22Isabelle_de_Montmorency%2C_duchesse_de_Mecklembourg%22_-_Versailles.jpg,http://photos.geni.com/p13/94/aa/27/4d/5344483b195514d3/isabelle_de_montmorency_1626_original.jpg,Formerly attributed to Pierre Mignard I,,inventory_match;joconde_id_match,auto,2026-07-29,
000PE011975,exact,joconde_id,open,Public domain,LOUIS ISAAC LE MAISTRE DE SACY (1613-1684),musée national des châteaux de Versailles et de Trianon,Philippe de Champaigne,Q130360336,Louis-Isaac Le Maistre de Sacy.jpg,https://commons.wikimedia.org/wiki/File:Louis-Isaac_Le_Maistre_de_Sacy.jpg,https://upload.wikimedia.org/wikipedia/commons/6/6a/Louis-Isaac_Le_Maistre_de_Sacy.jpg,http://www.voltaire-integral.com/Html/14/04CATALO_1_4.html,Workshop of Philippe de Champaigne,,joconde_id_match,auto,2026-07-29,
000PE012115,exact,joconde_id,open,Public domain,MARIE DES ANGES SUIREAU (?-1658),musée national des châteaux de Versailles et de Trianon,Philippe de Champaigne,Q130360339,"Marie Suireau de Rocheren, abbess of Port Royal.jpg","https://commons.wikimedia.org/wiki/File:Marie_Suireau_de_Rocheren,_abbess_of_Port_Royal.jpg",https://upload.wikimedia.org/wikipedia/commons/3/31/Marie_Suireau_de_Rocheren%2C_abbess_of_Port_Royal.jpg,http://www.allposters.it/-sp/Portrait-de-Marie-des-Anges-Suireau-1599-1658-Posters_i7283095_.htm,Philippe de Champaigne,,joconde_id_match,auto,2026-07-29,
000PE012171,exact,joconde_id,unknown,,"JULES MAZARIN, CARDINAL (1602-1661)",musée national des châteaux de Versailles et de Trianon,Philippe de Champaigne,Q115669847,,,,,,,joconde_id_match,auto,2026-07-29,
000PE013144,exact,joconde_id,open,Public domain,"LOUIS XIV, ROI DE FRANCE ET DE NAVARRE (1638-1715)",musée national des châteaux de Versailles et de Trianon,Charles Le Brun,Q65097470,Louis XIV.jpg,https://commons.wikimedia.org/wiki/File:Louis_XIV.jpg,https://upload.wikimedia.org/wikipedia/commons/d/d8/Louis_XIV.jpg,Château de Versailles,Attributed to Charles Le Brun,,joconde_id_match,auto,2026-07-29,
000PE013394,exact,joconde_id,unknown,,Ruth et Booz,musée du Louvre,Fragonard,Q29654890,,,,,,,inventory_match;institution_match;joconde_id_match,auto,2026-07-29,
000PE013398,exact,joconde_id,unknown,,Paysage au fleuve,musée du Louvre,Claude Lorrain,Q29654882,,,,,,,inventory_match;institution_match;joconde_id_match,auto,2026-07-29,
000PE013601,exact,joconde_id,unknown,,PORTRAIT DE JEUNE HOMME,musée des beaux-arts,Louis Léopold Boilly,Q138414379,,,,,,,inventory_match;institution_match;joconde_id_match,auto,2026-07-29,
000PE013602,exact,joconde_id,unknown,,PORTRAIT D'HOMME,musée des beaux-arts,Louis Léopold Boilly,Q138414464,,,,,,,inventory_match;institution_match;joconde_id_match,auto,2026-07-29,
000PE013616,exact,joconde_id,unknown,,LE LAPIN SAVANT,musée des beaux-arts,Boucher,Q138429046,,,,,,,inventory_match;institution_match;joconde_id_match,auto,2026-07-29,
000PE013802,exact,joconde_id,unknown,,Portrait de jeune femme,musée des beaux-arts,Pierre Mignard,Q138414506,,,,,,,inventory_match;institution_match;joconde_id_match,auto,2026-07-29,
000PE013803,exact,joconde_id,unknown,,"Portrait de Laurent de La Baume Leblanc, seigneur de La Vallière",musée des beaux-arts,Pierre Mignard,Q138414557,,,,,,,inventory_match;institution_match;joconde_id_match,auto,2026-07-29,
000PE013805,exact,joconde_id,unknown,,Portrait de Louis de Bourbon Comte de Vermandois,musée des beaux-arts,Pierre Mignard,Q138414467,,,,,,,inventory_match;institution_match;joconde_id_match,auto,2026-07-29,
000PE013806,exact,joconde_id,unknown,,Portrait de Mademoiselle de La Vallière en carmelite,musée des beaux-arts,Pierre Mignard,Q138414514,,,,,,,inventory_match;institution_match;joconde_id_match,auto,2026-07-29,
000PE013858,exact,joconde_id,unknown,,LA VIERGE ALLAITANT L'ENFANT JESUS,musée des beaux-arts,Carlo Maratti,Q138416230,,,,,,,inventory_match;institution_match;joconde_id_match,auto,2026-07-29,
000PE013909,exact,joconde_id,unknown,,PORTRAIT D'UN GENTILHOMME,musée des beaux-arts,Nicolas de Largillière,Q105346955,,,,,,,inventory_match;institution_match;joconde_id_match,auto,2026-07-29,
000PE013959,exact,joconde_id,unknown,,ANGELIQUE ET MEDOR,musée des beaux-arts,Laurent de La Hyre,Q105346951,,,,,,,inventory_match;institution_match;joconde_id_match,auto,2026-07-29,
000PE014011,exact,joconde_id,unknown,,UNE LISEUSE,musée des beaux-arts,Greuze,Q138428686,,,,,,,inventory_match;institution_match;joconde_id_match,auto,2026-07-29,
000PE014035,exact,joconde_id,unknown,,TAUREAU POURSUIVI PAR DES CHIENS,musée des beaux-arts,Luca Giordano,Q138415085,,,,,,,inventory_match;institution_match;joconde_id_match,auto,2026-07-29,
000PE014071,exact,joconde_id,unknown,,L'ASSOMPTION DE LA VIERGE,musée des beaux-arts,Fragonard,Q138416236,,,,,,,inventory_match;institution_match;joconde_id_match,auto,2026-07-29,
000PE014072,exact,joconde_id,unknown,,ALLEGORIE DE LA VILLE DE PARIS ; DIT AUTREFOIS MARSEILLE PROTEGEE PAR MERCURE,musée des beaux-arts,Fragonard,Q138415244,,,,,,,inventory_match;institution_match;joconde_id_match,auto,2026-07-29,
000PE014196,exact,joconde_id,unknown,,L'ASSOMPTION DE LA VIERGE,musée des beaux-arts,Ludovico Carracci,Q138416142,,,,,,,inventory_match;institution_match;joconde_id_match,auto,2026-07-29,
000PE014197,exact,joconde_id,unknown,,BERGER JOUANT AVEC UN BELIER,musée des beaux-arts,Annibale Carracci,Q138429058,,,,,,,inventory_match;institution_match;joconde_id_match,auto,2026-07-29,
000PE014412,exact,joconde_id,open,Public domain,ISABELLE BRANDT DIT AUTREFOIS HELENE FOURMENT,musée des beaux-arts,Rubens,Q111731605,Rubens Portrait de femme.jpg,https://commons.wikimedia.org/wiki/File:Rubens_Portrait_de_femme.jpg,https://upload.wikimedia.org/wikipedia/commons/d/dc/Rubens_Portrait_de_femme.jpg,Own work,Peter Paul Rubens,,inventory_match;institution_match;joconde_id_match,auto,2026-07-29,
000PE014503,exact,joconde_id,unknown,,PAYSAGE,musée des beaux-arts,Salvator Rosa,Q138428938,,,,,,,inventory_match;institution_match;joconde_id_match,auto,2026-07-29,
000PE014515,exact,joconde_id,unknown,,SAINT BERNARD RESSUSCITANT UN MORT,musée des beaux-arts,Le Tintoret,Q138428606,,,,,,,inventory_match;institution_match;joconde_id_match,auto,2026-07-29,
000PE014522,exact,joconde_id,unknown,,"PORTRAIT DE JEAN ANTOINE, MARQUIS DE BARRAS DE LA PENNE, PREMIER CHEF D'ESCADRE DES GALERES DU ROY, COMMANDANT AU PORT DE MARSEILLE EN 1729",musée des beaux-arts,Hyacinthe Rigaud,Q138414562,,,,,,,inventory_match;institution_match;joconde_id_match,auto,2026-07-29,
000PE014525,exact,joconde_id,unknown,,PORTRAIT D'UN MAGISTRAT,musée des beaux-arts,Hyacinthe Rigaud,Q138414518,,,,,,,inventory_match;institution_match;joconde_id_match,auto,2026-07-29,
000PE014608,exact,joconde_id,unknown,,SUJET PASTORAL,musée des beaux-arts,Nicolas Poussin,Q138428825,,,,,,,inventory_match;institution_match;joconde_id_match,auto,2026-07-29,
000PE014633,exact,joconde_id,unknown,,PORTRAIT DE MICHEL ANGE,musée des beaux-arts,Jules Romain,Q138414567,,,,,,,inventory_match;institution_match;joconde_id_match,auto,2026-07-29,
000PE014667,exact,joconde_id,unknown,,Portrait de seigneur,musée des beaux-arts,Pierre Mignard,Q138414515,,,,,,,inventory_match;institution_match;joconde_id_match,auto,2026-07-29,
000PE014789,exact,joconde_id,unknown,,Ninon de Lenclos,musée des beaux-arts,Pierre Mignard,Q138424737,,,,,,,inventory_match;institution_match;joconde_id_match,auto,2026-07-29,
000PE014799,exact,joconde_id,unknown,,"AMPHITRITE, DIT AUTREFOIS NYMPHES DE FONTAINE",musée des beaux-arts,Charles Le Brun,Q105346914,,,,,,,inventory_match;institution_match;joconde_id_match,auto,2026-07-29,
000PE016126,exact,joconde_id,unknown,,PORTRAIT DE FEMME AGEE,musée Grobet-Labadié,Louis Léopold Boilly,Q123738339,,,,,,,inventory_match;institution_match;joconde_id_match,auto,2026-07-29,
000PE016128,exact,joconde_id,unknown,,PORTRAIT DE JEUNE VIOLONISTE ASSIS DEVANT UN PUPITRE,musée Grobet-Labadié,Louis Léopold Boilly,Q123738340,,,,,,,inventory_match;institution_match;joconde_id_match,auto,2026-07-29,
000PE016173,exact,joconde_id,unknown,,ALLEGORIE,musée Grobet-Labadié,Fragonard,Q123738365,,,,,,,inventory_match;institution_match;joconde_id_match,auto,2026-07-29,
000PE016248,exact,joconde_id,open,CC BY-SA 4.0,PORTRAIT DE JEUNE DAME,musée Grobet-Labadié,Nicolas de Largillière,Q123738378,Femme en buste par Largillière.jpg,https://commons.wikimedia.org/wiki/File:Femme_en_buste_par_Largilli%C3%A8re.jpg,https://upload.wikimedia.org/wikipedia/commons/9/9a/Femme_en_buste_par_Largilli%C3%A8re.jpg,"Own work , Robert Valette , 2010-01-30",Attributed to Nicolas de Largillière,https://creativecommons.org/licenses/by-sa/4.0,inventory_match;institution_match;joconde_id_match,auto,2026-07-29,
000PE016322,exact,joconde_id,unknown,,PORTRAIT D'HOMME,musée Grobet-Labadié,Hyacinthe Rigaud,Q123738387,,,,,,,inventory_match;institution_match;joconde_id_match,auto,2026-07-29,
000PE016621,exact,joconde_id,unknown,,LA VIERGE A L'ENFANT AVEC ALEXANDRE SCAGLIA,musée des Beaux-Arts,Van Dyck,Q119152056,,,,,,,inventory_match;institution_match;joconde_id_match,auto,2026-07-29,
000PE016642,exact,joconde_id,unknown,,PORTRAIT D'HOMME,musée des beaux-arts,Louis Léopold Boilly,Q138414547,,,,,,,inventory_match;institution_match;joconde_id_match,auto,2026-07-29,
000PE016975,exact,joconde_id,open,Public domain,SAINT FRANCOIS EN EXTASE,musée des Beaux-Arts,Rubens,Q73122650,Lille Pdba Rubens st francois.JPG,https://commons.wikimedia.org/wiki/File:Lille_Pdba_Rubens_st_francois.JPG,https://upload.wikimedia.org/wikipedia/commons/6/6b/Lille_Pdba_Rubens_st_francois.JPG,Own work,Peter Paul Rubens and workshop,,inventory_match;institution_match;joconde_id_match,auto,2026-07-29,
000PE017012,exact,joconde_id,open,Public domain,SAINT BONAVENTURE,musée des Beaux-Arts,Rubens,Q73122306,Lille PdBA rubens st bonaventure.jpg,https://commons.wikimedia.org/wiki/File:Lille_PdBA_rubens_st_bonaventure.jpg,https://upload.wikimedia.org/wikipedia/commons/9/9a/Lille_PdBA_rubens_st_bonaventure.jpg,Own work,Peter Paul Rubens and workshop,,inventory_match;institution_match;joconde_id_match,auto,2026-07-29,
000PE017014,exact,joconde_id,unknown,,CHASSE AU SANGLIER,musée des Beaux-Arts,Rubens,Q116284914,,,,,,,inventory_match;institution_match;joconde_id_match,auto,2026-07-29,
000PE017069,exact,joconde_id,unknown,,DEPART POUR LE SABBAT,musée des Beaux-Arts,David Téniers,Q120692339,,,,,,,inventory_match;institution_match;joconde_id_match,auto,2026-07-29,
000PE017071,exact,joconde_id,unknown,,INTERIEUR RUSTIQUE,musée des Beaux-Arts,David Téniers,Q120692334,,,,,,,inventory_match;institution_match;joconde_id_match,auto,2026-07-29,
000PE017072,exact,joconde_id,unknown,,L'ODORAT,musée des Beaux-Arts,David Téniers,Q120692336,,,,,,,inventory_match;institution_match;joconde_id_match,auto,2026-07-29,
000PE018034,exact,joconde_id,unknown,,Pan et Syrinx,musée du Louvre,Pierre Mignard,Q29654747,,,,,,,inventory_match;institution_match;joconde_id_match,auto,2026-07-29,
000PE019542,exact,joconde_id,open,Public domain,Le Christ pleure par la Vierge et deux anges,musée des Beaux-Arts,Véronèse,Q72992722,Lille Pdba veronese christ anges.JPG,https://commons.wikimedia.org/wiki/File:Lille_Pdba_veronese_christ_anges.JPG,https://upload.wikimedia.org/wikipedia/commons/b/bb/Lille_Pdba_veronese_christ_anges.JPG,Own work,Paolo Veronese and workshop,,inventory_match;institution_match;joconde_id_match,auto,2026-07-29,
000PE019544,exact,joconde_id,open,Public domain,LA DEPLORATION DU CHRIST,musée des Beaux-Arts,Ludovico Carracci,Q73133477,Lille PdBA pays bas sud deploration du christ.jpg,https://commons.wikimedia.org/wiki/File:Lille_PdBA_pays_bas_sud_deploration_du_christ.jpg,https://upload.wikimedia.org/wikipedia/commons/c/c7/Lille_PdBA_pays_bas_sud_deploration_du_christ.jpg,Own work,Anonyme (Anciens Pays-Bas du Sud),,inventory_match;institution_match;joconde_id_match,auto,2026-07-29,
000PE019574,exact,joconde_id,open,Public domain,La Vierge et l'Enfant,musée des Beaux-Arts,Botticelli,Q72176246,Lille PdBA botticelli ecole vierge enfant.jpg,https://commons.wikimedia.org/wiki/File:Lille_PdBA_botticelli_ecole_vierge_enfant.jpg,https://upload.wikimedia.org/wikipedia/commons/8/80/Lille_PdBA_botticelli_ecole_vierge_enfant.jpg,Own work,Workshop of Sandro Botticelli,,inventory_match;institution_match;joconde_id_match,auto,2026-07-29,
000PE023056,exact,joconde_id,open,Public domain,L'Homme à la figue,musée des beaux-arts,Simon Vouet,Q105534836,L'Homme à la figue.jpg,https://commons.wikimedia.org/wiki/File:L%27Homme_%C3%A0_la_figue.jpg,https://upload.wikimedia.org/wikipedia/commons/c/c1/L%27Homme_%C3%A0_la_figue.jpg,https://mba.caen.fr/sites/mba/files/2019-11/VOUET%20Simon%2C%20Jeune%20homme%20%C3%A0%20la%20figue%20Inv.182.jpg,Simon Vouet,,inventory_match;institution_match;joconde_id_match,auto,2026-07-29,
000PE023498,exact,joconde_id,open,Public domain,Sainte Famille avec le petit Saint Jean-Baptiste et Saint François d'Assise,musée des beaux-arts,Giorgio Vasari,Q131414910,Bordeaux - Sainte Famille avec le petit saint Jean-Baptiste et saint François d'Assise 02.jpg,https://commons.wikimedia.org/wiki/File:Bordeaux_-_Sainte_Famille_avec_le_petit_saint_Jean-Baptiste_et_saint_Fran%C3%A7ois_d%27Assise_02.jpg,https://upload.wikimedia.org/wikipedia/commons/2/22/Bordeaux_-_Sainte_Famille_avec_le_petit_saint_Jean-Baptiste_et_saint_Fran%C3%A7ois_d%27Assise_02.jpg,"Own work , Tylwyth Eldar , 2024-10-30 11:51:07",Workshop of Giorgio Vasari,,institution_match;joconde_id_match,auto,2026-07-29,
000PE024223,exact,joconde_id,unknown,,LA CHARITE ROMAINE,musée des beaux-arts,Véronèse,Q138416104,,,,,,,inventory_match;institution_match;joconde_id_match,auto,2026-07-29,
000PE024717,exact,joconde_id,unknown,,LA VIERGE ET L'ENFANT ; DITE LA VIERGE A LA GRENADE,musée du Louvre,Botticelli,Q29651946,,,,,,,inventory_match;institution_match;joconde_id_match,auto,2026-07-29,
000PE024742,exact,joconde_id,open,Public domain,LA VIERGE A L'ENFANT EN GLOIRE AVEC SAINT ANTOINE ABBE ET SAINTE LUCIE,musée du Louvre,Federico Barocci,Q29651931,"Baldelli, Francesco - La Vierge à l'Enfant en gloire avec saint Antoine abbé et sainte Lucie, 1590, INV 93 ; MR 46.jpg","https://commons.wikimedia.org/wiki/File:Baldelli,_Francesco_-_La_Vierge_%C3%A0_l%27Enfant_en_gloire_avec_saint_Antoine_abb%C3%A9_et_sainte_Lucie,_1590,_INV_93_;_MR_46.jpg",https://upload.wikimedia.org/wikipedia/commons/2/23/Baldelli%2C_Francesco_-_La_Vierge_%C3%A0_l%27Enfant_en_gloire_avec_saint_Antoine_abb%C3%A9_et_sainte_Lucie%2C_1590%2C_INV_93_%3B_MR_46.jpg,https://collections.louvre.fr/ark:/53355/cl010064436,Federico Barocci,,inventory_match;institution_match;joconde_id_match,auto,2026-07-29,
000PE024762,exact,joconde_id,open,Public domain,Vénus et trois putti,musée du Louvre,Botticelli,Q29651893,Botticelli-Vénus et trois putti.jpg,https://commons.wikimedia.org/wiki/File:Botticelli-V%C3%A9nus_et_trois_putti.jpg,https://upload.wikimedia.org/wikipedia/commons/d/d1/Botticelli-V%C3%A9nus_et_trois_putti.jpg,Own work,Workshop of Sandro Botticelli,,inventory_match;institution_match;joconde_id_match,auto,2026-07-29,
000PE024763,exact,joconde_id,unknown,,LA VIERGE ET L'ENFANT,musée du Louvre,Botticelli,Q29651889,,,,,,,inventory_match;institution_match;joconde_id_match,auto,2026-07-29,
000PE024783,exact,joconde_id,open,Public domain,LA NATIVITE,musée du Louvre,Annibale Carracci,Q18572451,"Annibale Carracci, Adorazione dei pastori, Louvre.jpg","https://commons.wikimedia.org/wiki/File:Annibale_Carracci,_Adorazione_dei_pastori,_Louvre.jpg",https://upload.wikimedia.org/wikipedia/commons/6/67/Annibale_Carracci%2C_Adorazione_dei_pastori%2C_Louvre.jpg,http://cartelfr.louvre.fr/pub/fr/image/31106_p0003542.002.jpg,Annibale Carracci,,inventory_match;institution_match;joconde_id_match,auto,2026-07-29,
000PE025528,exact,joconde_id,open,Public domain,UN CONCERT,musée du Louvre,Luca Giordano,Q18573412,Un concert - Musée du Louvre Peintures INV 56 ; MR 106.jpg,https://commons.wikimedia.org/wiki/File:Un_concert_-_Mus%C3%A9e_du_Louvre_Peintures_INV_56_;_MR_106.jpg,https://upload.wikimedia.org/wikipedia/commons/1/10/Un_concert_-_Mus%C3%A9e_du_Louvre_Peintures_INV_56_%3B_MR_106.jpg,photo Shonagon 2024-03-21,Presumably Luca Giordano,,inventory_match;institution_match;joconde_id_match,auto,2026-07-29,
000PE025529,exact,joconde_id,unknown,,LA CHASSE DE DIANE,musée du Louvre,Luca Giordano,Q29651664,,,,,,,inventory_match;institution_match;joconde_id_match,auto,2026-07-29,
000PE025530,exact,joconde_id,unknown,,LUCRECE ET TARQUIN,musée du Louvre,Luca Giordano,Q29651657,,,,,,,inventory_match;institution_match;joconde_id_match,auto,2026-07-29,
000PE025531,exact,joconde_id,unknown,,LE CHRIST APPARAISSANT A LA MADELEINE,musée du Louvre,Luca Giordano,Q29651652,,,,,,,inventory_match;institution_match;joconde_id_match,auto,2026-07-29,
000PE025545,exact,joconde_id,open,Public domain,VENUS ET VULCAIN,musée du Louvre,Jules Romain,Q18565909,"Vénus et Vulcain, Romano (Louvre INV 424) 04.jpg","https://commons.wikimedia.org/wiki/File:V%C3%A9nus_et_Vulcain,_Romano_(Louvre_INV_424)_04.jpg",https://upload.wikimedia.org/wikipedia/commons/0/0e/V%C3%A9nus_et_Vulcain%2C_Romano_%28Louvre_INV_424%29_04.jpg,Own work,Coyau,,inventory_match;institution_match;joconde_id_match,auto,2026-07-29,
000PE025580,exact,joconde_id,open,Public domain,PORTRAIT DE L'ARTISTE TENANT UNE PALETTE,musée du Louvre,Le Guerchin,Q18573511,Self-portrait by Guercino.jpg,https://commons.wikimedia.org/wiki/File:Self-portrait_by_Guercino.jpg,https://upload.wikimedia.org/wikipedia/commons/4/42/Self-portrait_by_Guercino.jpg,"Turner, Nicolas: The paintings of Guercino : a revised and expanded catalogue raisonné, Roma 2017, p. 557",Guercino,,inventory_match;institution_match;joconde_id_match,auto,2026-07-29,
000PE025581,exact,joconde_id,open,Public domain,CIRCE,musée du Louvre,Le Guerchin,Q29651516,"Guercino - Atelier de - Circé, INV 86 ; MR 267.jpg","https://commons.wikimedia.org/wiki/File:Guercino_-_Atelier_de_-_Circ%C3%A9,_INV_86_;_MR_267.jpg",https://upload.wikimedia.org/wikipedia/commons/3/36/Guercino_-_Atelier_de_-_Circ%C3%A9%2C_INV_86_%3B_MR_267.jpg,"https://collections.louvre.fr/recherche?q=Le%20Guerchin%20%28Barbieri,%20Giovanni%20Francesco,%20dit%20Il%20Guercino%29&collection%5B0%5D=6",Guercino,,inventory_match;institution_match;joconde_id_match,auto,2026-07-29,
000PE025603,exact,joconde_id,open,Public domain,BACCHUS,musée du Louvre,Léonard de Vinci,Q798034,Bacchus - Leonardo da Vinci workshop - Louvre INV 780.jpg,https://commons.wikimedia.org/wiki/File:Bacchus_-_Leonardo_da_Vinci_workshop_-_Louvre_INV_780.jpg,https://upload.wikimedia.org/wikipedia/commons/e/e5/Bacchus_-_Leonardo_da_Vinci_workshop_-_Louvre_INV_780.jpg,Wilfredor,Workshop of Leonardo da Vinci / Attributed to Francesco Melzi,,inventory_match;institution_match;joconde_id_match,auto,2026-07-29,
000PE025605,exact,joconde_id,open,CC BY 3.0,PORTRAIT DE FEMME ; DIT LA BELLE FERRONNIERE,musée du Louvre,Léonard de Vinci,Q18633460,"Scuola di leonardo da vinci, la belle ferronière, XVI sec (2).jpg","https://commons.wikimedia.org/wiki/File:Scuola_di_leonardo_da_vinci,_la_belle_ferroni%C3%A8re,_XVI_sec_(2).jpg",https://upload.wikimedia.org/wikipedia/commons/c/c1/Scuola_di_leonardo_da_vinci%2C_la_belle_ferroni%C3%A8re%2C_XVI_sec_%282%29.jpg,"crop from file:Scuola_di_leonardo_da_vinci,_la_belle_ferronière,_XVI_sec.jpg",Sailko,https://creativecommons.org/licenses/by/3.0,inventory_match;institution_match;joconde_id_match,auto,2026-07-29,
000PE025607,exact,joconde_id,unknown,,"LA VIERGE, L'ENFANT JESUS ET SAINT JEAN",musée du Louvre,Léonard de Vinci,Q29651487,,,,,,,inventory_match;institution_match;joconde_id_match,auto,2026-07-29,
000PE026887,exact,joconde_id,open,Public domain,SAINT PIERRE EN PRIERE,musée du Louvre,Pier Francesco Mola,Q18573546,Saint Pierre en prière - Pier Francesco Mola - Musée du Louvre Peintures INV 330 ; MR 309.jpg,https://commons.wikimedia.org/wiki/File:Saint_Pierre_en_pri%C3%A8re_-_Pier_Francesco_Mola_-_Mus%C3%A9e_du_Louvre_Peintures_INV_330_;_MR_309.jpg,https://upload.wikimedia.org/wikipedia/commons/d/dc/Saint_Pierre_en_pri%C3%A8re_-_Pier_Francesco_Mola_-_Mus%C3%A9e_du_Louvre_Peintures_INV_330_%3B_MR_309.jpg,photo Shonagon 2024-03-21,Pier Francesco Mola,,inventory_match;institution_match;joconde_id_match,auto,2026-07-29,
000PE026927,exact,joconde_id,open,Public domain,PORTRAIT DE JEUNE HOMME,musée du Louvre,Le Corrège,Q18572256,Parmigianino - Portrait of a Young man.jpg,https://commons.wikimedia.org/wiki/File:Parmigianino_-_Portrait_of_a_Young_man.jpg,https://upload.wikimedia.org/wikipedia/commons/6/69/Parmigianino_-_Portrait_of_a_Young_man.jpg,"Web Gallery of Art : Image Info about artwork wga QS:P11807,""p/parmigia/port_you""",Attributed to Parmigianino / Formerly attributed to Raphael / Possibly Antonio da Correggio,,inventory_match;institution_match;joconde_id_match,auto,2026-07-29,
000PE026960,exact,joconde_id,unknown,,PSYCHE RECUE DANS L'OLYMPE,musée du Louvre,Polidoro Caldara,Q29651129,,,,,,,inventory_match;institution_match;joconde_id_match,auto,2026-07-29,
000PE026973,exact,joconde_id,open,Public domain,SAINT JEAN-BAPTISTE DANS LE DESERT DESIGNANT LA CROIX DE LA PASSION,musée du Louvre,Raphaël,Q3463874,"Sainte Jean-Baptiste, by Raffaello Sanzio, from C2RMF retouched.jpg","https://commons.wikimedia.org/wiki/File:Sainte_Jean-Baptiste,_by_Raffaello_Sanzio,_from_C2RMF_retouched.jpg",https://upload.wikimedia.org/wikipedia/commons/5/5e/Sainte_Jean-Baptiste%2C_by_Raffaello_Sanzio%2C_from_C2RMF_retouched.jpg,"Retouched from File:Sainte Jean-Baptiste, by Raffaello Sanzio, from C2RMF.jpg , originally C2RMF: Galerie de tableaux en très haute définition : image page",,,inventory_match;institution_match;joconde_id_match,auto,2026-07-29,
000PE026982,exact,joconde_id,open,Public domain,LE PERE ETERNEL,musée du Louvre,Raphaël,Q3027582,Dieu le Père bénissant parmi les anges - Raphaël - Musée du Louvre Peintures RF 48.jpg,https://commons.wikimedia.org/wiki/File:Dieu_le_P%C3%A8re_b%C3%A9nissant_parmi_les_anges_-_Rapha%C3%ABl_-_Mus%C3%A9e_du_Louvre_Peintures_RF_48.jpg,https://upload.wikimedia.org/wikipedia/commons/f/ff/Dieu_le_P%C3%A8re_b%C3%A9nissant_parmi_les_anges_-_Rapha%C3%ABl_-_Mus%C3%A9e_du_Louvre_Peintures_RF_48.jpg,photo Shonagon 2024-02-22,Raphael,,inventory_match;institution_match;joconde_id_match,auto,2026-07-29,
000PE026984,exact,joconde_id,unknown,,LA VISION D'EZECHIEL,musée du Louvre,Raphaël,Q29651073,,,,,,,inventory_match;institution_match;joconde_id_match,auto,2026-07-29,
000PE027105,exact,joconde_id,unknown,,PORTRAIT DE SENATEUR VENITIEN AGE DE 57 ANS,musée du Louvre,Le Tintoret,Q29650510,,,,,,,inventory_match;institution_match;joconde_id_match,auto,2026-07-29,
000PE027106,exact,joconde_id,open,Public domain,PORTRAIT D'HOMME,musée du Louvre,Le Tintoret,Q29650504,"Tintoretto - Atelier de - Portrait d'homme barbu, MI 881.jpg","https://commons.wikimedia.org/wiki/File:Tintoretto_-_Atelier_de_-_Portrait_d%27homme_barbu,_MI_881.jpg",https://upload.wikimedia.org/wikipedia/commons/0/02/Tintoretto_-_Atelier_de_-_Portrait_d%27homme_barbu%2C_MI_881.jpg,"https://collections.louvre.fr/recherche?q=Tintoretto,%20Jacopo%2B&collection%5B0%5D=6",Jacopo Tintoretto,,inventory_match;institution_match;joconde_id_match,auto,2026-07-29,
000PE027107,exact,joconde_id,open,Public domain,JESUS QUERISSANT LES BOITEUX,musée du Louvre,Le Tintoret,Q29650499,"Tintoretto - École de - Jésus ou Un saint guérissant les malades, INV 157 ; B 2576 ; L41-564 ; R 238.jpg","https://commons.wikimedia.org/wiki/File:Tintoretto_-_%C3%89cole_de_-_J%C3%A9sus_ou_Un_saint_gu%C3%A9rissant_les_malades,_INV_157_;_B_2576_;_L41-564_;_R_238.jpg",https://upload.wikimedia.org/wikipedia/commons/3/37/Tintoretto_-_%C3%89cole_de_-_J%C3%A9sus_ou_Un_saint_gu%C3%A9rissant_les_malades%2C_INV_157_%3B_B_2576_%3B_L41-564_%3B_R_238.jpg,"https://collections.louvre.fr/recherche?q=Tintoretto,%20Jacopo%2B&collection%5B0%5D=6",School of Jacopo Tintoretto,,inventory_match;institution_match;joconde_id_match,auto,2026-07-29,
000PE027108,exact,joconde_id,unknown,,PORTRAIT D'HOMME,musée du Louvre,Le Tintoret,Q29650492,,,,,,,inventory_match;institution_match;joconde_id_match,auto,2026-07-29,
000PE027124,exact,joconde_id,unknown,,PORTRAIT D'HOMME,musée du Louvre,Titien,Q29650478,,,,,,,inventory_match;institution_match;joconde_id_match,auto,2026-07-29,
000PE027125,exact,joconde_id,open,Public domain,ECCE HOMO,musée du Louvre,Titien,Q18573224,Ecce homo - Titien - Q18573224.jpg,https://commons.wikimedia.org/wiki/File:Ecce_homo_-_Titien_-_Q18573224.jpg,https://upload.wikimedia.org/wikipedia/commons/8/88/Ecce_homo_-_Titien_-_Q18573224.jpg,Self-photographed by Shonagon,Workshop of Titian,,inventory_match;institution_match;joconde_id_match,auto,2026-07-29,
000PE027369,exact,joconde_id,open,Public domain,JESUS SUCCOMBANT SOUS LE POIDS DE LA CROIX,musée du Louvre,Véronèse,Q18573219,"Veronese - Le Portement de croix, INV 144 ; MR 391.jpg","https://commons.wikimedia.org/wiki/File:Veronese_-_Le_Portement_de_croix,_INV_144_;_MR_391.jpg",https://upload.wikimedia.org/wikipedia/commons/5/5e/Veronese_-_Le_Portement_de_croix%2C_INV_144_%3B_MR_391.jpg,https://collections.louvre.fr/recherche?page=1&q=Paolo+Caliari%2C+dit+Veronese&collection%5B0%5D=6,Paolo Veronese,,inventory_match;institution_match;joconde_id_match,auto,2026-07-29,
000PE027370,exact,joconde_id,open,Public domain,LA FAMILLE DE LOTH FUYANT SODOME,musée du Louvre,Véronèse,Q18573245,La Fuite de Lot - Paul Véronèse - Q18573245.jpg,https://commons.wikimedia.org/wiki/File:La_Fuite_de_Lot_-_Paul_V%C3%A9ron%C3%A8se_-_Q18573245.jpg,https://upload.wikimedia.org/wikipedia/commons/7/71/La_Fuite_de_Lot_-_Paul_V%C3%A9ron%C3%A8se_-_Q18573245.jpg,Shonagon,Paolo Veronese,,inventory_match;institution_match;joconde_id_match,auto,2026-07-29,
000PE027371,exact,joconde_id,open,Public domain,"LA SAINTE-FAMILLE, AVEC SAINTE ELISABETH, LA MADELEINE ET UNE BENEDICTINE AGENOUILLEE",musée du Louvre,Véronèse,Q18573221,"Veronese - La Sainte Famille avec sainte Élisabeth, sainte Marie-Madeleine présentant une bénédictine, INV 140 ; MR 393.jpg","https://commons.wikimedia.org/wiki/File:Veronese_-_La_Sainte_Famille_avec_sainte_%C3%89lisabeth,_sainte_Marie-Madeleine_pr%C3%A9sentant_une_b%C3%A9n%C3%A9dictine,_INV_140_;_MR_393.jpg",https://upload.wikimedia.org/wikipedia/commons/1/13/Veronese_-_La_Sainte_Famille_avec_sainte_%C3%89lisabeth%2C_sainte_Marie-Madeleine_pr%C3%A9sentant_une_b%C3%A9n%C3%A9dictine%2C_INV_140_%3B_MR_393.jpg,https://collections.louvre.fr/recherche?page=1&q=Paolo+Caliari%2C+dit+Veronese&collection%5B0%5D=6,Paolo Veronese,,inventory_match;institution_match;joconde_id_match,auto,2026-07-29,
000PE033165,exact,joconde_id,open,Public domain,L'ERECTION DE LA CROIX,musée des beaux-arts et d’archéologie,Charles Le Brun,Q115669905,"L'Élévation de la Croix, par Charles Le Brun.jpg","https://commons.wikimedia.org/wiki/File:L%27%C3%89l%C3%A9vation_de_la_Croix,_par_Charles_Le_Brun.jpg",https://upload.wikimedia.org/wikipedia/commons/1/16/L%27%C3%89l%C3%A9vation_de_la_Croix%2C_par_Charles_Le_Brun.jpg,https://pop.culture.gouv.fr/_next/image?url=https%3A%2F%2Fpopcorn-prd-perf-assets.s3.gra.io.cloud.ovh.net%2Fjoconde%2F03030001461%2F1461-1.jpg&w=3840&q=75,Charles Le Brun,,institution_match;joconde_id_match,auto,2026-07-29,
00190022478,exact,joconde_id,open,Public domain,Portrait de l'artiste ; Autoportrait en saint Jean (autre titre),musée des Beaux-Arts,Van Dyck,Q90696085,Van Dyck autoportrait.jpg,https://commons.wikimedia.org/wiki/File:Van_Dyck_autoportrait.jpg,https://upload.wikimedia.org/wikipedia/commons/3/3c/Van_Dyck_autoportrait.jpg,Own work,anonymous,,institution_match;joconde_id_match,auto,2026-07-29,
00190022506,exact,joconde_id,open,Public domain,Portrait d'homme ; Portrait de vieillard,musée des Beaux-Arts,Rembrandt,Q22116611,Portrait of a man mg 0072.jpg,https://commons.wikimedia.org/wiki/File:Portrait_of_a_man_mg_0072.jpg,https://upload.wikimedia.org/wikipedia/commons/e/e8/Portrait_of_a_man_mg_0072.jpg,Own work,Follower of Rembrandt,,institution_match;joconde_id_match,auto,2026-07-29,
00190023064,exact,joconde_id,open,Public domain,Paysage avec bergers et troupeau,musée des Beaux-Arts,David Téniers,Q104759286,"Teniers II, Paysage avec bergers et troupeau.jpg","https://commons.wikimedia.org/wiki/File:Teniers_II,_Paysage_avec_bergers_et_troupeau.jpg",https://upload.wikimedia.org/wikipedia/commons/b/bb/Teniers_II%2C_Paysage_avec_bergers_et_troupeau.jpg,https://www.pop.culture.gouv.fr/notice/joconde/00190023064,David Teniers the Younger,,inventory_match;institution_match;joconde_id_match,auto,2026-07-29,
00650013590,exact,joconde_id,open,CC BY-SA 4.0,Comédiens italiens dans un parc,musée des beaux-arts,Jean-Baptiste Oudry,Q131462608,Atelier de Jean-Baptiste Oudry - Comédiens italiens dans un parc 02.jpg,https://commons.wikimedia.org/wiki/File:Atelier_de_Jean-Baptiste_Oudry_-_Com%C3%A9diens_italiens_dans_un_parc_02.jpg,https://upload.wikimedia.org/wikipedia/commons/2/26/Atelier_de_Jean-Baptiste_Oudry_-_Com%C3%A9diens_italiens_dans_un_parc_02.jpg,Own work,Tylwyth Eldar,https://creativecommons.org/licenses/by-sa/4.0,inventory_match;institution_match;joconde_id_match,auto,2026-07-29,
00980000808,exact,joconde_id,open,Public domain,Saint Jérôme,musée des Beaux-Arts,Ribera,Q66107831,Jusepe de Ribera - Saint Jérôme.jpg,https://commons.wikimedia.org/wiki/File:Jusepe_de_Ribera_-_Saint_J%C3%A9r%C3%B4me.jpg,https://upload.wikimedia.org/wikipedia/commons/a/ac/Jusepe_de_Ribera_-_Saint_J%C3%A9r%C3%B4me.jpg,"Own work , Tylwyth Eldar , 2018-10-29 15:27:59",Jusepe de Ribera,,institution_match;joconde_id_match,auto,2026-07-29,
00980001231,exact,joconde_id,open,Public domain,Un Philosophe,musée des Beaux-Arts,Luca Giordano,Q66107727,Maître de l'Annonce aux bergers - Philosophe.jpg,https://commons.wikimedia.org/wiki/File:Ma%C3%AEtre_de_l%27Annonce_aux_bergers_-_Philosophe.jpg,https://upload.wikimedia.org/wikipedia/commons/a/ad/Ma%C3%AEtre_de_l%27Annonce_aux_bergers_-_Philosophe.jpg,"Own work , Tylwyth Eldar , 2018-10-29 15:24:50",Maître de l'Annonce aux Bergers,,inventory_match;institution_match;joconde_id_match,auto,2026-07-29,
01370002658,exact,joconde_id,open,Public domain,Chevaux au pâturage ; Chevaux flamands (autre titre),musée des beaux-arts,Géricault,Q130634311,"GERICAULT Théodore (attribué à) - Chevaux au pâturage, 1822, 1823.jpg","https://commons.wikimedia.org/wiki/File:GERICAULT_Th%C3%A9odore_(attribu%C3%A9_%C3%A0)_-_Chevaux_au_p%C3%A2turage,_1822,_1823.jpg",https://upload.wikimedia.org/wikipedia/commons/b/b7/GERICAULT_Th%C3%A9odore_%28attribu%C3%A9_%C3%A0%29_-_Chevaux_au_p%C3%A2turage%2C_1822%2C_1823.jpg,https://www.pop.culture.gouv.fr/,Attributed to Théodore Géricault,,institution_match;joconde_id_match,auto,2026-07-29,
01370002661,exact,joconde_id,open,Public domain,Le Cuirassier blessé ; Portrait du colonel de Moncey (ancien titre),musée des beaux-arts,Géricault,Q130642583,"GERICAULT Théodore (attribué à) ; VERNET Horace (d'après) - Le Cuirassier blessé, 1822, 1823.jpg","https://commons.wikimedia.org/wiki/File:GERICAULT_Th%C3%A9odore_(attribu%C3%A9_%C3%A0)_;_VERNET_Horace_(d%27apr%C3%A8s)_-_Le_Cuirassier_bless%C3%A9,_1822,_1823.jpg",https://upload.wikimedia.org/wikipedia/commons/a/a5/GERICAULT_Th%C3%A9odore_%28attribu%C3%A9_%C3%A0%29_%3B_VERNET_Horace_%28d%27apr%C3%A8s%29_-_Le_Cuirassier_bless%C3%A9%2C_1822%2C_1823.jpg,https://www.pop.culture.gouv.fr/,Théodore Géricault,,institution_match;joconde_id_match,auto,2026-07-29,
01370014226,exact,joconde_id,open,Public domain,Diane,musée des beaux-arts,Guido Reni,Q130634398,"Reni - Genre de - Diane, CA 713.jpg","https://commons.wikimedia.org/wiki/File:Reni_-_Genre_de_-_Diane,_CA_713.jpg",https://upload.wikimedia.org/wikipedia/commons/8/8d/Reni_-_Genre_de_-_Diane%2C_CA_713.jpg,http://mba-collections.dijon.fr/ow4/mba/rechcroisee.xsp?f=Ensemble&v=&f=Auteur_field&v=Reni%2C+Guido&e=,Guido Reni,,institution_match;joconde_id_match,auto,2026-07-29,
01720000928,exact,joconde_id,open,Public domain,Madame de Montespan et ses enfants,musée des ursulines,Pierre Mignard,Q130262176,"Madame de Maintenon avec Vexin et Maine, Mignard.jpg","https://commons.wikimedia.org/wiki/File:Madame_de_Maintenon_avec_Vexin_et_Maine,_Mignard.jpg",https://upload.wikimedia.org/wikipedia/commons/b/b2/Madame_de_Maintenon_avec_Vexin_et_Maine%2C_Mignard.jpg,https://www.culture.gouv.fr/Wave/image/joconde/0375/m017204_0003965_p.jpg,Attributed to Pierre Mignard I,,institution_match;joconde_id_match,auto,2026-07-29,
01810000027,exact,joconde_id,unknown,,La Présentation au temple ; Simeon ou le nunc dimitis. (ancien titre),musée Greuze - hôtel-Dieu,Simon Vouet,Q131525725,,,,,,,inventory_match;institution_match;joconde_id_match,auto,2026-07-29,
01810000043,exact,joconde_id,unknown,,Portrait de Madame Abraham Piot ; Portrait de femme (autre titre),musée Greuze - hôtel-Dieu,Greuze,Q130262201,,,,,,,inventory_match;institution_match;joconde_id_match,auto,2026-07-29,
01810000044,exact,joconde_id,unknown,,Portrait du Chanoine Piot,musée Greuze - hôtel-Dieu,Greuze,Q130262202,,,,,,,inventory_match;institution_match;joconde_id_match,auto,2026-07-29,
01840000018,exact,joconde_id,unknown,,Le massacre des Innocents,musée d'art et d'histoire Saint-Germain,Charles Le Brun,Q136831223,,,,,,,inventory_match;institution_match;joconde_id_match,auto,2026-07-29,
01840000027,exact,joconde_id,unknown,,Paysage,musée d'art et d'histoire Saint-Germain,Gaspard Dughet,Q136831218,,,,,,,institution_match;joconde_id_match,auto,2026-07-29,
01840000081,exact,joconde_id,open,Public domain,Une fileuse,musée d'art et d'histoire Saint-Germain,Ribera,Q136831233,"Ribera (attribué) - Une fileuse, 1835.1.10 ; 835.1.10.jpg","https://commons.wikimedia.org/wiki/File:Ribera_(attribu%C3%A9)_-_Une_fileuse,_1835.1.10_;_835.1.10.jpg",https://upload.wikimedia.org/wikipedia/commons/7/7d/Ribera_%28attribu%C3%A9%29_-_Une_fileuse%2C_1835.1.10_%3B_835.1.10.jpg,https://www.pop.culture.gouv.fr/notice/joconde/01840000081,Attributed to Jusepe de Ribera,,institution_match;joconde_id_match,auto,2026-07-29,
01840000132,exact,joconde_id,unknown,,Le marquis de Louvois,musée d'art et d'histoire Saint-Germain,Louis Léopold Boilly,Q136831213,,,,,,,institution_match;joconde_id_match,auto,2026-07-29,
02110002116,exact,joconde_id,unknown,,Trois figures d'hommes nus,musée des beaux-arts,Michel-Ange,Q123504239,,,,,,,institution_match;joconde_id_match,auto,2026-07-29,
02110002126,exact,joconde_id,unknown,,Tête d'enfant,musée des beaux-arts,Federico Barocci,Q123409000,,,,,,,institution_match;joconde_id_match,auto,2026-07-29,
02110002187,exact,joconde_id,unknown,,Singes dans une cuisine,musée des beaux-arts,David Téniers,Q123507135,,,,,,,institution_match;joconde_id_match,auto,2026-07-29,
02110002198,exact,joconde_id,unknown,,Femme nue,musée des beaux-arts,Rubens,Q123532689,,,,,,,institution_match;joconde_id_match,auto,2026-07-29,
02110002200,exact,joconde_id,unknown,,La Marquise de Mantoue ; Tête de femme,musée des beaux-arts,Rubens,Q123506131,,,,,,,institution_match;joconde_id_match,auto,2026-07-29,
02110002278,exact,joconde_id,unknown,,La mort de Saphira,musée des beaux-arts,Pier Francesco Mola,Q123505414,,,,,,,institution_match;joconde_id_match,auto,2026-07-29,
02110002401,exact,joconde_id,unknown,,Ulysse recevant les outres des vents,musée des beaux-arts,Le Primatice,Q123510928,,,,,,,institution_match;joconde_id_match,auto,2026-07-29,
02110002437,exact,joconde_id,unknown,,Deux amants,musée des beaux-arts,Jules Romain,Q123528927,,,,,,,institution_match;joconde_id_match,auto,2026-07-29,
02110002500,exact,joconde_id,unknown,,Tête de vierge (recto) ; Feuille d'études (verso),musée des beaux-arts,Raphaël,Q123554454,,,,,,,institution_match;joconde_id_match,auto,2026-07-29,
02110002501,exact,joconde_id,unknown,,Figure de saint,musée des beaux-arts,Raphaël,Q123573683,,,,,,,institution_match;joconde_id_match,auto,2026-07-29,
02110002502,exact,joconde_id,unknown,,Jupiter,musée des beaux-arts,Raphaël,Q123489184,,,,,,,institution_match;joconde_id_match,auto,2026-07-29,
02110002503,exact,joconde_id,unknown,,Guerrier avec un lion à ses pieds,musée des beaux-arts,Raphaël,Q123551453,,,,,,,institution_match;joconde_id_match,auto,2026-07-29,
02110002511,exact,joconde_id,unknown,,Combat de chevaux marins,musée des beaux-arts,Jules Romain,Q123564167,,,,,,,institution_match;joconde_id_match,auto,2026-07-29,
02110002605,exact,joconde_id,unknown,,Groupe tiré du massacre des innocents,musée des beaux-arts,Sébastien Bourdon,Q123550626,,,,,,,institution_match;joconde_id_match,auto,2026-07-29,
02110002696,exact,joconde_id,unknown,,Etude de femme drapée,musée des beaux-arts,Charles Le Brun,Q123512014,,,,,,,institution_match;joconde_id_match,auto,2026-07-29,
02110002698,exact,joconde_id,unknown,,Ange tenant une épée,musée des beaux-arts,Charles Le Brun,Q123503978,,,,,,,institution_match;joconde_id_match,auto,2026-07-29,
02110002705,exact,joconde_id,unknown,,Etude d'homme drapé debout ; Figure d'homme drapé,musée des beaux-arts,Simon Vouet,Q123529020,,,,,,,institution_match;joconde_id_match,auto,2026-07-29,
02110002809,exact,joconde_id,unknown,,Vénus et l'Amour,musée des beaux-arts,Luca Cambiaso,Q123495169,,,,,,,institution_match;joconde_id_match,auto,2026-07-29,
02110002810,exact,joconde_id,unknown,,Combat dans les airs,musée des beaux-arts,Luca Cambiaso,Q123411498,,,,,,,institution_match;joconde_id_match,auto,2026-07-29,
02110003535,exact,joconde_id,unknown,,Silène et deux bergers,musée des beaux-arts,Luca Cambiaso,Q123488729,,,,,,,institution_match;joconde_id_match,auto,2026-07-29,
02110003628,exact,joconde_id,unknown,,Femme assise et enfant à ses pieds ; Danaé,musée des beaux-arts,Simon Vouet,Q123507127,,,,,,,institution_match;joconde_id_match,auto,2026-07-29,
02470000174,exact,joconde_id,open,Public domain,Portrait de la reine Hortense,musée Bertrand,François Gérard,Q104978246,Portrait de la reine Hortense - Musée Bertrand Châteauroux.jpg,https://commons.wikimedia.org/wiki/File:Portrait_de_la_reine_Hortense_-_Mus%C3%A9e_Bertrand_Ch%C3%A2teauroux.jpg,https://upload.wikimedia.org/wikipedia/commons/2/26/Portrait_de_la_reine_Hortense_-_Mus%C3%A9e_Bertrand_Ch%C3%A2teauroux.jpg,Musée Bertrand Châteauroux [1],François Gérard / Robert Lefèvre,,institution_match;joconde_id_match,auto,2026-07-29,
03110000174,exact,joconde_id,open,Public domain,"Louis XIV à cheval (titre attribué) ; Louis le Grand à l'âge de 37 ans (titre publié (Paris, 1845))",musée des Beaux-Arts de Saint-Denis,Pierre Mignard,Q115748691,MIGNARD Pierre (Atelier de) Louis XIV à cheval Huile sur toile.jpg,https://commons.wikimedia.org/wiki/File:MIGNARD_Pierre_(Atelier_de)_Louis_XIV_%C3%A0_cheval_Huile_sur_toile.jpg,https://upload.wikimedia.org/wikipedia/commons/4/49/MIGNARD_Pierre_%28Atelier_de%29_Louis_XIV_%C3%A0_cheval_Huile_sur_toile.jpg,"Musée des Beaux-Arts, Reims",Pierre Mignard I,,institution_match;joconde_id_match,auto,2026-07-29,
03110005881,exact,joconde_id,open,Public domain,Napoléon donnant un ordre à un officier supérieur des Guides,musée des Beaux-Arts de Reims,Géricault,Q115749632,GÉRICAULT Théodore (Attribué à) Napoléon donnant un ordre à un officier supérieur des Guides Huile sur toile.jpg,https://commons.wikimedia.org/wiki/File:G%C3%89RICAULT_Th%C3%A9odore_(Attribu%C3%A9_%C3%A0)_Napol%C3%A9on_donnant_un_ordre_%C3%A0_un_officier_sup%C3%A9rieur_des_Guides_Huile_sur_toile.jpg,https://upload.wikimedia.org/wikipedia/commons/b/b2/G%C3%89RICAULT_Th%C3%A9odore_%28Attribu%C3%A9_%C3%A0%29_Napol%C3%A9on_donnant_un_ordre_%C3%A0_un_officier_sup%C3%A9rieur_des_Guides_Huile_sur_toile.jpg,"Musée des Beaux-Arts, Reims",Théodore Géricault,,inventory_match;institution_match;joconde_id_match,auto,2026-07-29,
03110032162,exact,joconde_id,open,Public domain,Tête d'homme,musée des Beaux-Arts de Saint-Denis,Pier Francesco Mola,Q115748684,MOLA Pier Francesco (Attribué à) Tête d'homme Huile sur toile.jpg,https://commons.wikimedia.org/wiki/File:MOLA_Pier_Francesco_(Attribu%C3%A9_%C3%A0)_T%C3%AAte_d%27homme_Huile_sur_toile.jpg,https://upload.wikimedia.org/wikipedia/commons/4/4f/MOLA_Pier_Francesco_%28Attribu%C3%A9_%C3%A0%29_T%C3%AAte_d%27homme_Huile_sur_toile.jpg,"Musée des Beaux-Arts, Reims",Pier Francesco Mola,,institution_match;joconde_id_match,auto,2026-07-29,
03110041486,exact,joconde_id,open,Public domain,Tête d'homme,musée des Beaux-Arts de Saint-Denis,Pier Francesco Mola,Q115748685,MOLA Pier Francesco (Attribué à) Tête d'homme Huile sur toile.2.jpg,https://commons.wikimedia.org/wiki/File:MOLA_Pier_Francesco_(Attribu%C3%A9_%C3%A0)_T%C3%AAte_d%27homme_Huile_sur_toile.2.jpg,https://upload.wikimedia.org/wikipedia/commons/0/01/MOLA_Pier_Francesco_%28Attribu%C3%A9_%C3%A0%29_T%C3%AAte_d%27homme_Huile_sur_toile.2.jpg,"Musée des Beaux-Arts, Reims",Pier Francesco Mola,,institution_match;joconde_id_match,auto,2026-07-29,
03110041532,exact,joconde_id,open,Public domain,Ah ! Le Voilà ! ; Le chien commissionnaire,musée des Beaux-Arts de Saint-Denis,Louis Léopold Boilly,Q106765259,VAN GORP Henri Nicolas (Attribué à) Ah ! Le Voilà ! Huile sur toile.jpg,https://commons.wikimedia.org/wiki/File:VAN_GORP_Henri_Nicolas_(Attribu%C3%A9_%C3%A0)_Ah_!_Le_Voil%C3%A0_!_Huile_sur_toile.jpg,https://upload.wikimedia.org/wikipedia/commons/7/75/VAN_GORP_Henri_Nicolas_%28Attribu%C3%A9_%C3%A0%29_Ah_%21_Le_Voil%C3%A0_%21_Huile_sur_toile.jpg,"Musée des Beaux-Arts, Reims",Henri Nicolas van Gorp (c.1756-1820) (Attribué à),,institution_match;joconde_id_match,auto,2026-07-29,
03290005067,exact,joconde_id,open,CC BY 3.0,Vénus et Mars,musée d’ethnographie corse,Véronèse,Q107526342,"Pietro della vecchia, venere e marte, 1640 ca.jpg","https://commons.wikimedia.org/wiki/File:Pietro_della_vecchia,_venere_e_marte,_1640_ca.jpg",https://upload.wikimedia.org/wikipedia/commons/a/ae/Pietro_della_vecchia%2C_venere_e_marte%2C_1640_ca.jpg,Own work,Sailko,https://creativecommons.org/licenses/by/3.0,joconde_id_match,auto,2026-07-29,
03290005077,exact,joconde_id,open,CC BY 3.0,Apparition de Jésus à Marie-Madeleine,musée d’ethnographie corse,Luca Giordano,Q130242342,"Luca giordano, noli me tangere, 1650-1700 ca.jpg","https://commons.wikimedia.org/wiki/File:Luca_giordano,_noli_me_tangere,_1650-1700_ca.jpg",https://upload.wikimedia.org/wikipedia/commons/7/7f/Luca_giordano%2C_noli_me_tangere%2C_1650-1700_ca.jpg,Own work,Sailko,https://creativecommons.org/licenses/by/3.0,joconde_id_match,auto,2026-07-29,
03290005102,exact,joconde_id,open,CC BY 3.0,Ange portant les instruments de la passion,musée d’ethnographie corse,Federico Zuccaro,Q130242357,"Cristoforo roncalli o giovanni baglione, angeli con gli strumenti della passione e il santo sudario, 1590-1610 ca., 03.jpg","https://commons.wikimedia.org/wiki/File:Cristoforo_roncalli_o_giovanni_baglione,_angeli_con_gli_strumenti_della_passione_e_il_santo_sudario,_1590-1610_ca.,_03.jpg",https://upload.wikimedia.org/wikipedia/commons/1/17/Cristoforo_roncalli_o_giovanni_baglione%2C_angeli_con_gli_strumenti_della_passione_e_il_santo_sudario%2C_1590-1610_ca.%2C_03.jpg,Own work,Sailko,https://creativecommons.org/licenses/by/3.0,joconde_id_match,auto,2026-07-29,
03290005103,exact,joconde_id,open,CC BY 3.0,Ange portant le Saint Suaire,musée d’ethnographie corse,Federico Zuccaro,Q130242356,"Cristoforo roncalli o giovanni baglione, angeli con gli strumenti della passione e il santo sudario, 1590-1610 ca., 02.jpg","https://commons.wikimedia.org/wiki/File:Cristoforo_roncalli_o_giovanni_baglione,_angeli_con_gli_strumenti_della_passione_e_il_santo_sudario,_1590-1610_ca.,_02.jpg",https://upload.wikimedia.org/wikipedia/commons/6/64/Cristoforo_roncalli_o_giovanni_baglione%2C_angeli_con_gli_strumenti_della_passione_e_il_santo_sudario%2C_1590-1610_ca.%2C_02.jpg,Own work,Sailko,https://creativecommons.org/licenses/by/3.0,joconde_id_match,auto,2026-07-29,
03290006927,exact,joconde_id,unknown,,Choc de cavalerie ; Bataille ; Scène représentant des cavaliers (ancien titre),musée d’ethnographie corse,Salvator Rosa,Q130242350,,,,,,,joconde_id_match,auto,2026-07-29,
03290008037,exact,joconde_id,open,CC BY 3.0,Loth et ses filles,musée d’ethnographie corse,Carlo Maratti,Q130242326,"Cerchia di pompeo batoni, lot e le figlie, xviii secolo.jpg","https://commons.wikimedia.org/wiki/File:Cerchia_di_pompeo_batoni,_lot_e_le_figlie,_xviii_secolo.jpg",https://upload.wikimedia.org/wikipedia/commons/a/af/Cerchia_di_pompeo_batoni%2C_lot_e_le_figlie%2C_xviii_secolo.jpg,Own work,Sailko,https://creativecommons.org/licenses/by/3.0,inventory_match;joconde_id_match,auto,2026-07-29,
05120007536,exact,joconde_id,open,Public domain,Portrait d'homme à la barbe grisonnante,musée des Beaux-Arts,Corneille de Lyon,Q51853580,Corneille de Lyon - Portrait d'homme - Inv 758 MBA Nancy.jpg,https://commons.wikimedia.org/wiki/File:Corneille_de_Lyon_-_Portrait_d%27homme_-_Inv_758_MBA_Nancy.jpg,https://upload.wikimedia.org/wikipedia/commons/9/97/Corneille_de_Lyon_-_Portrait_d%27homme_-_Inv_758_MBA_Nancy.jpg,Musée des Beaux-Arts de Nancy [1],Corneille de Lyon,,inventory_match;institution_match;joconde_id_match,auto,2026-07-29,
05620001257,exact,joconde_id,unknown,,Le Christ aux anges,musée des Augustins,Van Dyck,Q57633267,,,,,,,institution_match;joconde_id_match,auto,2026-07-29,
05620001258,exact,joconde_id,open,Public domain,Le miracle de la mule (Légende de saint Antoine de Padoue),musée des Augustins,Van Dyck,Q21715176,Augustins - Le Miracle de la mule - Antoine van Dyck 2004 1 44.jpg,https://commons.wikimedia.org/wiki/File:Augustins_-_Le_Miracle_de_la_mule_-_Antoine_van_Dyck_2004_1_44.jpg,https://upload.wikimedia.org/wikipedia/commons/1/1a/Augustins_-_Le_Miracle_de_la_mule_-_Antoine_van_Dyck_2004_1_44.jpg,Own work,Didier Descouens,,institution_match;joconde_id_match,auto,2026-07-29,
05620001274,exact,joconde_id,open,Public domain,"Thomyris reine des Massagètes ; Thomyris, reine des Massagetes fait plonger la tête de Cyrus dans un vase rempli de sang",musée des Augustins,Nicolas de Largillière,Q115376975,"Largillière - Thomyris reine des Massagètes, 1718 vers.jpg","https://commons.wikimedia.org/wiki/File:Largilli%C3%A8re_-_Thomyris_reine_des_Massag%C3%A8tes,_1718_vers.jpg",https://upload.wikimedia.org/wikipedia/commons/8/85/Largilli%C3%A8re_-_Thomyris_reine_des_Massag%C3%A8tes%2C_1718_vers.jpg,https://www.pop.culture.gouv.fr/notice/joconde/05620001274,Nicolas de Largillière,,institution_match;joconde_id_match,auto,2026-07-29,
05940000296,exact,joconde_id,open,Public domain,Martyre de Saint André,musée Goya,Ribera,Q56702481,(Castres) José de Ribera - Martyr de saint André - Musée Goya.jpg,https://commons.wikimedia.org/wiki/File:(Castres)_Jos%C3%A9_de_Ribera_-_Martyr_de_saint_Andr%C3%A9_-_Mus%C3%A9e_Goya.jpg,https://upload.wikimedia.org/wikipedia/commons/f/f7/%28Castres%29_Jos%C3%A9_de_Ribera_-_Martyr_de_saint_Andr%C3%A9_-_Mus%C3%A9e_Goya.jpg,Own work,Didier Descouens,,institution_match;joconde_id_match,auto,2026-07-29,
06070000081,exact,joconde_id,open,Public domain,Portrait d'homme,musée Ingres Bourdelle,Corneille de Lyon,Q52011686,Corneille de Lyon - Portrait d'homme - Musée Ingres.jpg,https://commons.wikimedia.org/wiki/File:Corneille_de_Lyon_-_Portrait_d%27homme_-_Mus%C3%A9e_Ingres.jpg,https://upload.wikimedia.org/wikipedia/commons/8/8e/Corneille_de_Lyon_-_Portrait_d%27homme_-_Mus%C3%A9e_Ingres.jpg,Musée Ingres [1],Attributed to Corneille de Lyon,,inventory_match;institution_match;joconde_id_match,auto,2026-07-29,
06070000146,exact,joconde_id,open,Public domain,Allégorie à la gloire de Louis XIV,musée Ingres Bourdelle,Charles Le Brun,Q112080402,Musée Ingres-Bourdelle - Allégorie à la gloire de Louis XIV - Charles Le Brun - Joconde06070000146.jpg,https://commons.wikimedia.org/wiki/File:Mus%C3%A9e_Ingres-Bourdelle_-_All%C3%A9gorie_%C3%A0_la_gloire_de_Louis_XIV_-_Charles_Le_Brun_-_Joconde06070000146.jpg,https://upload.wikimedia.org/wikipedia/commons/f/f7/Mus%C3%A9e_Ingres-Bourdelle_-_All%C3%A9gorie_%C3%A0_la_gloire_de_Louis_XIV_-_Charles_Le_Brun_-_Joconde06070000146.jpg,Own work,Didier Descouens,,inventory_match;institution_match;joconde_id_match,auto,2026-07-29,
06070001452,exact,joconde_id,open,Public domain,Vierge à l'Enfant,musée Ingres Bourdelle,Ingres,Q61029317,Ingres- madona after raphael.jpg,https://commons.wikimedia.org/wiki/File:Ingres-_madona_after_raphael.jpg,https://upload.wikimedia.org/wikipedia/commons/6/61/Ingres-_madona_after_raphael.jpg,[1],Attributed to Jean-Auguste-Dominique Ingres / After Raphael,,inventory_match;institution_match;joconde_id_match,auto,2026-07-29,
06070001454,exact,joconde_id,open,Public domain,Portrait de Bindo Altoviti,musée Ingres Bourdelle,Ingres,Q61037363,Ingres - Portrait of Bindo Altoviti.jpg,https://commons.wikimedia.org/wiki/File:Ingres_-_Portrait_of_Bindo_Altoviti.jpg,https://upload.wikimedia.org/wikipedia/commons/0/05/Ingres_-_Portrait_of_Bindo_Altoviti.jpg,https://www.wikiart.org/en/jean-auguste-dominique-ingres/portrait-of-bindo-altoviti,Attributed to Jean-Auguste-Dominique Ingres / After Raphael,,inventory_match;institution_match;joconde_id_match,auto,2026-07-29,
06070001455,exact,joconde_id,open,Public domain,Portrait de Raphaël,musée Ingres Bourdelle,Ingres,Q61037253,"Ingres - Portrait of Raphael, 1820-1824.jpg","https://commons.wikimedia.org/wiki/File:Ingres_-_Portrait_of_Raphael,_1820-1824.jpg",https://upload.wikimedia.org/wikipedia/commons/9/9f/Ingres_-_Portrait_of_Raphael%2C_1820-1824.jpg,https://www.wikiart.org/en/jean-auguste-dominique-ingres/portrait-of-raphael-1824,Attributed to Jean-Auguste-Dominique Ingres / After Raphael,,inventory_match;institution_match;joconde_id_match,auto,2026-07-29,
06070001462,exact,joconde_id,open,Public domain,Vue de l'acropole d'Athènes,musée Ingres Bourdelle,Ingres,Q19901218,Ingres athens.jpg,https://commons.wikimedia.org/wiki/File:Ingres_athens.jpg,https://upload.wikimedia.org/wikipedia/commons/6/6e/Ingres_athens.jpg,Musée Ingres [1],Jean-Auguste-Dominique Ingres,,inventory_match;institution_match;joconde_id_match,auto,2026-07-29,
06190001376,exact,joconde_id,unknown,,Martyre de Saint Adrien,musée de la Chartreuse,Rubens,Q121541688,,,,,,,institution_match;joconde_id_match,auto,2026-07-29,
06380000486,exact,joconde_id,unknown,,Paysage avec Tobie et l'Ange,musée des Beaux-Arts,Paul Bril,Q121696651,,,,,,,inventory_match;joconde_id_match,auto,2026-07-29,
07140001031,exact,joconde_id,open,Public domain,"Marie de Médicis, reine de France + 1642 (Titre manuscrit)",musée Louis Philippe,Van Dyck,Q69111013,Marie de Medici - Van Dyck.jpg,https://commons.wikimedia.org/wiki/File:Marie_de_Medici_-_Van_Dyck.jpg,https://upload.wikimedia.org/wikipedia/commons/f/f4/Marie_de_Medici_-_Van_Dyck.jpg,Joconde database : entry 07140001031,17th century copy of original by Anthony van Dyck (1599-1641),,institution_match;joconde_id_match,auto,2026-07-29,
07140001370,exact,joconde_id,unknown,,Louis XIII,musée Louis Philippe,Philippe de Champaigne,Q130379443,,,,,,,inventory_match;institution_match;joconde_id_match,auto,2026-07-29,
07290021974,exact,joconde_id,open,CC0,Adoration des Bergers,musée des beaux-arts,Simon Vouet,Q115787639,"""L'Adoration des bergers"", anonyme, vers 1635-1640. Rouen, musée des beaux-arts. (36311888415).jpg","https://commons.wikimedia.org/wiki/File:%22L%27Adoration_des_bergers%22,_anonyme,_vers_1635-1640._Rouen,_mus%C3%A9e_des_beaux-arts._(36311888415).jpg",https://upload.wikimedia.org/wikipedia/commons/a/aa/%22L%27Adoration_des_bergers%22%2C_anonyme%2C_vers_1635-1640._Rouen%2C_mus%C3%A9e_des_beaux-arts._%2836311888415%29.jpg,"""L'Adoration des bergers"", anonyme, vers 1635-1640. Rouen, musée des beaux-arts.",Grégory Lejeune,http://creativecommons.org/publicdomain/zero/1.0/deed.en,inventory_match;institution_match;joconde_id_match,auto,2026-07-29,
07290022334,exact,joconde_id,unknown,,Vue de Pouzolles ; La partie de cache-cache,musée des beaux-arts,Fragonard,Q23958002,,,,,,,inventory_match;institution_match;joconde_id_match,auto,2026-07-29,
07290022377,exact,joconde_id,open,Public domain,Saint Denis ; Saint Denis l'Aéropagite couronné par un ange,musée des beaux-arts,Nicolas Poussin,Q105444134,Saint Denis l'Aréopagite couronné par un ange - Poussin - MBA Rouen.jpg,https://commons.wikimedia.org/wiki/File:Saint_Denis_l%27Ar%C3%A9opagite_couronn%C3%A9_par_un_ange_-_Poussin_-_MBA_Rouen.jpg,https://upload.wikimedia.org/wikipedia/commons/e/e1/Saint_Denis_l%27Ar%C3%A9opagite_couronn%C3%A9_par_un_ange_-_Poussin_-_MBA_Rouen.jpg,"Cliché Carole Loisel, Catherine Lancien / Joconde",Nicolas Poussin,,inventory_match;institution_match;joconde_id_match,auto,2026-07-29,
07430005039,exact,joconde_id,open,Public domain,La Sainte Famille avec saint Jean-Baptiste et sainte Elisabeth,musée des Beaux-Arts,Annibale Carracci,Q17627469,Annibale Carracci Nantes.jpg,https://commons.wikimedia.org/wiki/File:Annibale_Carracci_Nantes.jpg,https://upload.wikimedia.org/wikipedia/commons/5/5e/Annibale_Carracci_Nantes.jpg,[1],Annibale Carracci,,joconde_id_match,auto,2026-07-29,
07430005637,exact,joconde_id,unknown,,Paysage animé,musée des Beaux-Arts,Gaspard Dughet,Q122680852,,,,,,,inventory_match;joconde_id_match,auto,2026-07-29,
07430005676,exact,joconde_id,open,Public domain,Saint Simon apôtre,musée des Beaux-Arts,Simon Vouet,Q122680983,"Vouet - attribué à - Saint Simon apôtre, 239.jpg","https://commons.wikimedia.org/wiki/File:Vouet_-_attribu%C3%A9_%C3%A0_-_Saint_Simon_ap%C3%B4tre,_239.jpg",https://upload.wikimedia.org/wikipedia/commons/3/3f/Vouet_-_attribu%C3%A9_%C3%A0_-_Saint_Simon_ap%C3%B4tre%2C_239.jpg,https://museedartsdenantes.nantesmetropole.fr/home/au-cur-du-musee/les-collections/toutes-les-collections-en-ligne.html#/artworks?filters=authors%3AVOUET%20Simon%E2%86%B9VOUET%20Simon&page=1&layout=grid&sort=by_author,Simon Vouet,,inventory_match;joconde_id_match,auto,2026-07-29,
07430005686,exact,joconde_id,unknown,,Paysage historique,musée des Beaux-Arts,Sébastien Bourdon,Q122680985,,,,,,,joconde_id_match,auto,2026-07-29,
07430005700,exact,joconde_id,unknown,,Amours dans les nuages,musée des Beaux-Arts,Boucher,Q122680846,,,,,,,inventory_match;joconde_id_match,auto,2026-07-29,
07840001197,exact,joconde_id,unknown,,"Cardinal de Richelieu (Paris, 1585 - 1642)",musée Jean de la Fontaine,Philippe de Champaigne,Q130379436,,,,,,,inventory_match;institution_match;joconde_id_match,auto,2026-07-29,
08120003377,exact,joconde_id,open,Public domain,Saint Jean-Baptiste enfant avec l'Agneau,musée de Picardie,Ribera,Q116559328,"Ribera (atelier) - Saint Jean-Baptiste enfant avec l'Agneau, 1630, M.P.Lav.1894-243.jpg","https://commons.wikimedia.org/wiki/File:Ribera_(atelier)_-_Saint_Jean-Baptiste_enfant_avec_l%27Agneau,_1630,_M.P.Lav.1894-243.jpg",https://upload.wikimedia.org/wikipedia/commons/0/00/Ribera_%28atelier%29_-_Saint_Jean-Baptiste_enfant_avec_l%27Agneau%2C_1630%2C_M.P.Lav.1894-243.jpg,https://www.pop.culture.gouv.fr/notice/joconde/08120003377,Jusepe de Ribera,,inventory_match;institution_match;joconde_id_match,auto,2026-07-29,
08120003379,exact,joconde_id,unknown,,Saint François de Paule,musée de Picardie,Ribera,Q116569592,,,,,,,inventory_match;institution_match;joconde_id_match,auto,2026-07-29,
08120021739,exact,joconde_id,open,CC BY-SA 4.0,Soldats jouant aux cartes dans un corps de gardes,musée de Picardie,Sébastien Bourdon,Q114918979,"Bourdon Sébastien, Soldat jouant aux cartes dans un corps de gardes, vers 1640.jpg","https://commons.wikimedia.org/wiki/File:Bourdon_S%C3%A9bastien,_Soldat_jouant_aux_cartes_dans_un_corps_de_gardes,_vers_1640.jpg",https://upload.wikimedia.org/wikipedia/commons/e/e8/Bourdon_S%C3%A9bastien%2C_Soldat_jouant_aux_cartes_dans_un_corps_de_gardes%2C_vers_1640.jpg,Crédit photo : Jeanneteau Marc Joconde Pop,Sébastien Bourdon,https://creativecommons.org/licenses/by-sa/4.0,inventory_match;institution_match;joconde_id_match,auto,2026-07-29,
08940004368,exact,joconde_id,open,Public domain,Paysage d'Italie au soleil couchant avec des pêcheurs ; Paysage d'Italie au soleil couchant : pêcheurs dans un ruisseau sous de grands arbres (titre factice),musée Granet,Salvator Rosa,Q125258054,Musée Granet - Paysage d'Italie au soleil couchant avec des pêcheurs 02.jpg,https://commons.wikimedia.org/wiki/File:Mus%C3%A9e_Granet_-_Paysage_d%27Italie_au_soleil_couchant_avec_des_p%C3%AAcheurs_02.jpg,https://upload.wikimedia.org/wikipedia/commons/f/f0/Mus%C3%A9e_Granet_-_Paysage_d%27Italie_au_soleil_couchant_avec_des_p%C3%AAcheurs_02.jpg,"Own work , Tylwyth Eldar , 2024-03-09 14:23:19",Follower of Salvator Rosa,,institution_match;joconde_id_match,auto,2026-07-29,
08940004449,exact,joconde_id,open,Public domain,Minerve conseille à Cadmus d'arracher les dents du dragon (titre d'usage),musée Granet,Salvator Rosa,Q125256363,Musée Granet - Minerve conseille à Cadmus d'arracher les dents du dragon 02.jpg,https://commons.wikimedia.org/wiki/File:Mus%C3%A9e_Granet_-_Minerve_conseille_%C3%A0_Cadmus_d%27arracher_les_dents_du_dragon_02.jpg,https://upload.wikimedia.org/wikipedia/commons/0/07/Mus%C3%A9e_Granet_-_Minerve_conseille_%C3%A0_Cadmus_d%27arracher_les_dents_du_dragon_02.jpg,"Own work , Tylwyth Eldar , 2024-03-09 14:23:59",Circle of Salvator Rosa,,institution_match;joconde_id_match,auto,2026-07-29,
08940004481,exact,joconde_id,open,Public domain,Paysage d'Italie avec un berger et diverses figures vêtues à l'antique,musée Granet,Gaspard Dughet,Q124815070,Musée Granet - Paysage d'Italie avec un berger et diverses figures vêtues à l'antique.jpg,https://commons.wikimedia.org/wiki/File:Mus%C3%A9e_Granet_-_Paysage_d%27Italie_avec_un_berger_et_diverses_figures_v%C3%AAtues_%C3%A0_l%27antique.jpg,https://upload.wikimedia.org/wikipedia/commons/f/f2/Mus%C3%A9e_Granet_-_Paysage_d%27Italie_avec_un_berger_et_diverses_figures_v%C3%AAtues_%C3%A0_l%27antique.jpg,"Own work , Tylwyth Eldar , 2024-03-09 13:59:51",Attributed to Gaspard Dughet,,institution_match;joconde_id_match,auto,2026-07-29,
08940004668,exact,joconde_id,open,Public domain,Paysage montagneux (esquisse),musée Granet,Salvator Rosa,Q125123332,Musée Granet - Paysage montagneux.jpg,https://commons.wikimedia.org/wiki/File:Mus%C3%A9e_Granet_-_Paysage_montagneux.jpg,https://upload.wikimedia.org/wikipedia/commons/d/d1/Mus%C3%A9e_Granet_-_Paysage_montagneux.jpg,"Own work , Tylwyth Eldar , 2024-03-09 14:33:20",Manner of Salvator Rosa,,institution_match;joconde_id_match,auto,2026-07-29,
08940004673,exact,joconde_id,open,Public domain,L'Adoration des Mages (titre d'usage),musée Granet,Carlo Maratti,Q124818828,Giuseppe Bartolomeo Chiari - L'Adoration des Mages 02.jpg,https://commons.wikimedia.org/wiki/File:Giuseppe_Bartolomeo_Chiari_-_L%27Adoration_des_Mages_02.jpg,https://upload.wikimedia.org/wikipedia/commons/a/a7/Giuseppe_Bartolomeo_Chiari_-_L%27Adoration_des_Mages_02.jpg,"Own work , Tylwyth Eldar , 2024-03-09 13:25:19",Attributed to Giuseppe Bartolomeo Chiari,,institution_match;joconde_id_match,auto,2026-07-29,
08940004909,exact,joconde_id,open,Public domain,L'enlèvement d'Hélène,musée Granet,Luca Giordano,Q124807796,Giuseppe Simonelli - L'enlèvement d'Hélène 02.jpg,https://commons.wikimedia.org/wiki/File:Giuseppe_Simonelli_-_L%27enl%C3%A8vement_d%27H%C3%A9l%C3%A8ne_02.jpg,https://upload.wikimedia.org/wikipedia/commons/0/04/Giuseppe_Simonelli_-_L%27enl%C3%A8vement_d%27H%C3%A9l%C3%A8ne_02.jpg,"Own work , Tylwyth Eldar , 2024-03-09 14:24:53",Attributed to Giuseppe Simonelli,,institution_match;joconde_id_match,auto,2026-07-29,
08940005128,exact,joconde_id,open,Public domain,Sainte Madeleine en extase (titre factice),musée Granet,Guido Reni,Q124815560,Musée Granet - Sainte Madeleine en extase.jpg,https://commons.wikimedia.org/wiki/File:Mus%C3%A9e_Granet_-_Sainte_Madeleine_en_extase.jpg,https://upload.wikimedia.org/wikipedia/commons/6/6d/Mus%C3%A9e_Granet_-_Sainte_Madeleine_en_extase.jpg,"Own work , Tylwyth Eldar , 2024-03-09 13:22:06",Attributed to Francesco di Maria,,institution_match;joconde_id_match,auto,2026-07-29,
08940005176,exact,joconde_id,open,Public domain,Saint François Xavier présidant la construction d'un édifice ; Construction d'un édifice sous la direction de saint François Xavier,musée Granet,Luca Giordano,Q124820294,Musée Granet - Saint François Xavier présidant la construction d'un édifice 02.jpg,https://commons.wikimedia.org/wiki/File:Mus%C3%A9e_Granet_-_Saint_Fran%C3%A7ois_Xavier_pr%C3%A9sidant_la_construction_d%27un_%C3%A9difice_02.jpg,https://upload.wikimedia.org/wikipedia/commons/c/c8/Mus%C3%A9e_Granet_-_Saint_Fran%C3%A7ois_Xavier_pr%C3%A9sidant_la_construction_d%27un_%C3%A9difice_02.jpg,"Own work , Tylwyth Eldar , 2024-03-09 14:24:29",Workshop of Luca Giordano,,institution_match;joconde_id_match,auto,2026-07-29,
08940005214,exact,joconde_id,open,Public domain,Allégorie du rire ; Homme tenant une tête tranchée,musée Granet,Salvator Rosa,Q124808639,Musée Granet - Allégorie du rire 02.jpg,https://commons.wikimedia.org/wiki/File:Mus%C3%A9e_Granet_-_All%C3%A9gorie_du_rire_02.jpg,https://upload.wikimedia.org/wikipedia/commons/0/04/Mus%C3%A9e_Granet_-_All%C3%A9gorie_du_rire_02.jpg,"Own work , Tylwyth Eldar , 2024-03-09 14:23:37",Attributed to Salvator Rosa,,institution_match;joconde_id_match,auto,2026-07-29,
10160000824,exact,joconde_id,open,Public domain,René François de Beauvau du Rivau,musée d'Allard,Hyacinthe Rigaud,Q131539944,Hyacinthe Rigaud - René François de Beauvau du Rivau.jpg,https://commons.wikimedia.org/wiki/File:Hyacinthe_Rigaud_-_Ren%C3%A9_Fran%C3%A7ois_de_Beauvau_du_Rivau.jpg,https://upload.wikimedia.org/wikipedia/commons/b/ba/Hyacinthe_Rigaud_-_Ren%C3%A9_Fran%C3%A7ois_de_Beauvau_du_Rivau.jpg,HyacintheRigaud.com [1],Hyacinthe Rigaud,,inventory_match;institution_match;joconde_id_match,auto,2026-07-29,
10480003953,exact,joconde_id,open,Public domain,Cheval au galop,musée des beaux-arts,Géricault,Q131728283,"Cheval au galop, par Théodore Géricault.jpg","https://commons.wikimedia.org/wiki/File:Cheval_au_galop,_par_Th%C3%A9odore_G%C3%A9ricault.jpg",https://upload.wikimedia.org/wikipedia/commons/6/68/Cheval_au_galop%2C_par_Th%C3%A9odore_G%C3%A9ricault.jpg,https://pop-perf-assets.s3.gra.io.cloud.ovh.net/joconde/10480003953/0000669.jpg,Théodore Géricault,,institution_match;joconde_id_match,auto,2026-07-29,
50110000275,exact,joconde_id,open,Public domain,"Cérès, déesse des moissons",musée national Magnin,Simon Vouet,Q116447526,"Vouet, Simon? - Cérès, déesse des moissons - 17th century.jpg","https://commons.wikimedia.org/wiki/File:Vouet,_Simon%3F_-_C%C3%A9r%C3%A8s,_d%C3%A9esse_des_moissons_-_17th_century.jpg",https://upload.wikimedia.org/wikipedia/commons/a/a0/Vouet%2C_Simon%3F_-_C%C3%A9r%C3%A8s%2C_d%C3%A9esse_des_moissons_-_17th_century.jpg,blogspot.com,Circle of Simon Vouet,,inventory_match;institution_match;joconde_id_match,auto,2026-07-29,
50110000738,exact,joconde_id,open,Public domain,Tête de jeune homme,musée national Magnin,Géricault,Q134728418,"GERICAULT Théodore (peintre, attribué à) - Tête de jeune homme, 1810 vers.jpg","https://commons.wikimedia.org/wiki/File:GERICAULT_Th%C3%A9odore_(peintre,_attribu%C3%A9_%C3%A0)_-_T%C3%AAte_de_jeune_homme,_1810_vers.jpg",https://upload.wikimedia.org/wikipedia/commons/a/a9/GERICAULT_Th%C3%A9odore_%28peintre%2C_attribu%C3%A9_%C3%A0%29_-_T%C3%AAte_de_jeune_homme%2C_1810_vers.jpg,https://www.pop.culture.gouv.fr/,Attributed to Théodore Géricault,,inventory_match;institution_match;joconde_id_match,auto,2026-07-29,
50110001607,exact,joconde_id,open,Public domain,La Mort d'Achille,musée national Magnin,Rubens,Q135239081,La Mort d'Achille - Anonyme - MM 1938E168.jpg,https://commons.wikimedia.org/wiki/File:La_Mort_d%27Achille_-_Anonyme_-_MM_1938E168.jpg,https://upload.wikimedia.org/wikipedia/commons/2/2e/La_Mort_d%27Achille_-_Anonyme_-_MM_1938E168.jpg,Œuvre appartenant au Musée Magnin,Unknown author Unknown author,,inventory_match;institution_match;joconde_id_match,auto,2026-07-29,
50110001654,exact,joconde_id,open,CC BY-SA 4.0,Combat de Pyrrhus contre les Romains,musée national Magnin,Antonio Tempesta,Q134895123,Musée Magnin 009.jpg,https://commons.wikimedia.org/wiki/File:Mus%C3%A9e_Magnin_009.jpg,https://upload.wikimedia.org/wikipedia/commons/3/34/Mus%C3%A9e_Magnin_009.jpg,Own work,Arnaud 25,https://creativecommons.org/licenses/by-sa/4.0,inventory_match;institution_match;joconde_id_match,auto,2026-07-29,
50130000179,exact,joconde_id,open,Public domain,"Marie-Julie, reine d'Espagne et ses deux filles Zénaïde et Charlotte",musée national du château de Fontainebleau,François Gérard,Q123004355,Bonaparte Julie by Wicar.JPG,https://commons.wikimedia.org/wiki/File:Bonaparte_Julie_by_Wicar.JPG,https://upload.wikimedia.org/wikipedia/commons/5/5f/Bonaparte_Julie_by_Wicar.JPG,"Bjoertvedt , 2010-11-24",Workshop of François Gérard / Attributed to Marie-Éléonore Godefroid,,institution_match;joconde_id_match,auto,2026-07-29,
50130000180,exact,joconde_id,open,Public domain,Napoléon en costume du sacre,musée national du château de Fontainebleau,François Gérard,Q130369831,Napoleon ; keizer der Fransen.jpg,https://commons.wikimedia.org/wiki/File:Napoleon_;_keizer_der_Fransen.jpg,https://upload.wikimedia.org/wikipedia/commons/e/e3/Napoleon_%3B_keizer_der_Fransen.jpg,The original uploader was Carolus at Dutch Wikipedia .,Workshop of François Gérard,,inventory_match;institution_match;joconde_id_match,auto,2026-07-29,
50130000192,exact,joconde_id,open,Public domain,Napoléon en costume du sacre,musée national du château de Fontainebleau,François Gérard,Q130367676,Napoleon in Coronation Robes by François Gérard.jpg,https://commons.wikimedia.org/wiki/File:Napoleon_in_Coronation_Robes_by_Fran%C3%A7ois_G%C3%A9rard.jpg,https://upload.wikimedia.org/wikipedia/commons/5/5e/Napoleon_in_Coronation_Robes_by_Fran%C3%A7ois_G%C3%A9rard.jpg,"Nationalmuseum : Härskarkonst - Napoleon, Karl Johan, Alexander at the Wayback Machine",Workshop of François Gérard,,institution_match;joconde_id_match,auto,2026-07-29,
50160000047,exact,joconde_id,unknown,,Portrait de Napoléon en costume du sacre,musée national des châteaux de Malmaison et de Bois Préau,François Gérard,Q65184465,,,,,,,inventory_match;institution_match;joconde_id_match,auto,2026-07-29,
50350111493,exact,joconde_id,open,Public domain,Portrait équestre de François Ier,musée du Louvre,François Clouet,Q46612920,FrancoisI-de-France.jpg,https://commons.wikimedia.org/wiki/File:FrancoisI-de-France.jpg,https://upload.wikimedia.org/wikipedia/commons/a/a4/FrancoisI-de-France.jpg,https://museoteca.com/r/fr/gallery/museum/1/198/musee_du_louvre/fran_ois_1er_et_l_art_des_pays_bas/!/,School of François Clouet / François Clouet / Attributed to Jean Clouet,,inventory_match;institution_match;joconde_id_match,auto,2026-07-29,
M0003020239,exact,joconde_id,open,Public domain,Godefroy de Bouillon soigné par l'ange (titre d'usage),musée du Pays de Hanau - histoire et vies d’un territoire,Pierre Mignard,Q99976316,"Pierre Mignard, Godefroy de Bouillon soigné par un ange.jpg","https://commons.wikimedia.org/wiki/File:Pierre_Mignard,_Godefroy_de_Bouillon_soign%C3%A9_par_un_ange.jpg",https://upload.wikimedia.org/wikipedia/commons/4/4d/Pierre_Mignard%2C_Godefroy_de_Bouillon_soign%C3%A9_par_un_ange.jpg,http://webmuseo.com/ws/musees-parc-vosges-nord/app/file/download/_0014514.jpg?key=6acf71zd3kllbz4hb9kj3lm00g5f1id6u&lang=fr,Pierre Mignard I,,institution_match;joconde_id_match,auto,2026-07-29,
M0332000980,exact,joconde_id,open,Public domain,Allégorie avec une vue d'Anvers,musée des beaux-arts et d'archéologie,Rubens,Q111601164,Allégorie de la prise d'Anvers - Peter Paul Rubens - MBAB 896.1.114.jpg,https://commons.wikimedia.org/wiki/File:All%C3%A9gorie_de_la_prise_d%27Anvers_-_Peter_Paul_Rubens_-_MBAB_896.1.114.jpg,https://upload.wikimedia.org/wikipedia/commons/c/ca/All%C3%A9gorie_de_la_prise_d%27Anvers_-_Peter_Paul_Rubens_-_MBAB_896.1.114.jpg,Œuvre appartenant au Musée des Beaux Arts de Besançon,Peter Paul Rubens,,inventory_match;institution_match;joconde_id_match,auto,2026-07-29,
M0332001041,exact,joconde_id,open,Public domain,Portrait présumé de François II (1544-1560),musée des beaux-arts et d'archéologie,François Clouet,Q130918724,Francois II de France enfant.jpg,https://commons.wikimedia.org/wiki/File:Francois_II_de_France_enfant.jpg,https://upload.wikimedia.org/wikipedia/commons/b/b7/Francois_II_de_France_enfant.jpg,Own work,Photo taken by User:Arnaud 25,,inventory_match;institution_match;joconde_id_match,auto,2026-07-29,
M0332001175,exact,joconde_id,open,Public domain,Philosophe ou Architecte ; Héraclite (?),musée des beaux-arts et d'archéologie,Ribera,Q130646807,L'Architecte - Jusepe de Ribera - MBAB 896.1.119.jpg,https://commons.wikimedia.org/wiki/File:L%27Architecte_-_Jusepe_de_Ribera_-_MBAB_896.1.119.jpg,https://upload.wikimedia.org/wikipedia/commons/e/e0/L%27Architecte_-_Jusepe_de_Ribera_-_MBAB_896.1.119.jpg,Œuvre appartenant au Musée des Beaux Arts de Besançon,Jusepe de Ribera (attrib.),,inventory_match;institution_match;joconde_id_match,auto,2026-07-29,
M0332001232,exact,joconde_id,open,Public domain,Fête villageoise ; personnages dansant devant une auberge,musée des beaux-arts et d'archéologie,David Téniers,Q130745972,Fête villageoise - daprès David II Teniers - MBAB 896.1.306.jpg,https://commons.wikimedia.org/wiki/File:F%C3%AAte_villageoise_-_dapr%C3%A8s_David_II_Teniers_-_MBAB_896.1.306.jpg,https://upload.wikimedia.org/wikipedia/commons/2/2e/F%C3%AAte_villageoise_-_dapr%C3%A8s_David_II_Teniers_-_MBAB_896.1.306.jpg,Œuvre appartenant au Musée des Beaux Arts de Besançon,Anonymous (d'après David II Teniers),,inventory_match;institution_match;joconde_id_match,auto,2026-07-29,
M0332006700,exact,joconde_id,open,CC BY-SA 2.0,Portrait d'homme,musée des beaux-arts et d'archéologie,Philippe de Champaigne,Q130918739,"Besançon (Doubs) - Musée des Beaux-Arts et d'Archéologie - ""Portrait d'homme"" (attribué à Philippe de Champaigne, 1602-1674).jpg","https://commons.wikimedia.org/wiki/File:Besan%C3%A7on_(Doubs)_-_Mus%C3%A9e_des_Beaux-Arts_et_d%27Arch%C3%A9ologie_-_%22Portrait_d%27homme%22_(attribu%C3%A9_%C3%A0_Philippe_de_Champaigne,_1602-1674).jpg",https://upload.wikimedia.org/wikipedia/commons/b/b9/Besan%C3%A7on_%28Doubs%29_-_Mus%C3%A9e_des_Beaux-Arts_et_d%27Arch%C3%A9ologie_-_%22Portrait_d%27homme%22_%28attribu%C3%A9_%C3%A0_Philippe_de_Champaigne%2C_1602-1674%29.jpg,https://www.flickr.com/photos/78775886@N06/52150834340/,Morio60,https://creativecommons.org/licenses/by-sa/2.0,inventory_match;institution_match;joconde_id_match,auto,2026-07-29,
M0332006950,exact,joconde_id,open,CC BY-SA 2.0,"Portrait d'un sénateur vénitien avec sa femme, sa fille et son fils",musée des beaux-arts et d'archéologie,Le Tintoret,Q130646855,"Besançon (Doubs) - Musée des Beaux-Arts et d'Archéologie - ""Portrait d'une famille de patriciens vénitiens"" (atelier de Jacopo Robusti, dit Le Tintoret, 1518-1594).jpg","https://commons.wikimedia.org/wiki/File:Besan%C3%A7on_(Doubs)_-_Mus%C3%A9e_des_Beaux-Arts_et_d%27Arch%C3%A9ologie_-_%22Portrait_d%27une_famille_de_patriciens_v%C3%A9nitiens%22_(atelier_de_Jacopo_Robusti,_dit_Le_Tintoret,_1518-1594).jpg",https://upload.wikimedia.org/wikipedia/commons/3/31/Besan%C3%A7on_%28Doubs%29_-_Mus%C3%A9e_des_Beaux-Arts_et_d%27Arch%C3%A9ologie_-_%22Portrait_d%27une_famille_de_patriciens_v%C3%A9nitiens%22_%28atelier_de_Jacopo_Robusti%2C_dit_Le_Tintoret%2C_1518-1594%29.jpg,https://www.flickr.com/photos/78775886@N06/52114113786/,Jacopo Tintoretto,https://creativecommons.org/licenses/by-sa/2.0,inventory_match;institution_match;joconde_id_match,auto,2026-07-29,
M0333000715,exact,joconde_id,open,Public domain,Portrait de Nicolas Perrenot de Granvelle,musée du temps,Titien,Q116774690,"Le Titien (attribué à) – Portrait de Nicolas Perrenot de Granvelle – Musée du Temps, Besançon.jpeg","https://commons.wikimedia.org/wiki/File:Le_Titien_(attribu%C3%A9_%C3%A0)_%E2%80%93_Portrait_de_Nicolas_Perrenot_de_Granvelle_%E2%80%93_Mus%C3%A9e_du_Temps,_Besan%C3%A7on.jpeg",https://upload.wikimedia.org/wikipedia/commons/2/2d/Le_Titien_%28attribu%C3%A9_%C3%A0%29_%E2%80%93_Portrait_de_Nicolas_Perrenot_de_Granvelle_%E2%80%93_Mus%C3%A9e_du_Temps%2C_Besan%C3%A7on.jpeg,Time museum,Attributed to Titian,,institution_match;joconde_id_match,auto,2026-07-29,
M0457000323,exact,joconde_id,open,Public domain,Abel mort ; La mort d'Abel,musée des beaux-arts,Pier Francesco Mola,Q115765338,"Nîmes,Beaux Arts169,Mort d'Abel.jpg","https://commons.wikimedia.org/wiki/File:N%C3%AEmes,Beaux_Arts169,Mort_d%27Abel.jpg",https://upload.wikimedia.org/wikipedia/commons/6/6d/N%C3%AEmes%2CBeaux_Arts169%2CMort_d%27Abel.jpg,"Own work , Finoskov , 2017-01-14 16:25:03",Pier Francesco Mola,,institution_match;joconde_id_match,auto,2026-07-29,
M0517000065,exact,joconde_id,unknown,,"Portrait d'Alexis Piron (titre de l'inventaire, titre erroné) ; Portrait d'Antoine Coysevox (titre d'usage)",musée barrois,Hyacinthe Rigaud,Q134726875,,,,,,,institution_match;joconde_id_match,auto,2026-07-29,
M0517000081,exact,joconde_id,open,CC BY-SA 3.0,Hector Lemaire (titre de l'inventaire) ; Portrait d'Hector Lemaire (titre d'usage),musée barrois,François Gérard,Q134726876,François Gérard-Portrait d'Hector Lemaire-Musée barrois.jpg,https://commons.wikimedia.org/wiki/File:Fran%C3%A7ois_G%C3%A9rard-Portrait_d%27Hector_Lemaire-Mus%C3%A9e_barrois.jpg,https://upload.wikimedia.org/wikipedia/commons/6/60/Fran%C3%A7ois_G%C3%A9rard-Portrait_d%27Hector_Lemaire-Mus%C3%A9e_barrois.jpg,Own work,Ji-Elle,https://creativecommons.org/licenses/by-sa/3.0,institution_match;joconde_id_match,auto,2026-07-29,
M0525000544,exact,joconde_id,unknown,,Portrait de François de Wédrille,musée de la Princerie,Nicolas de Largillière,Q126880833,,,,,,,institution_match;joconde_id_match,auto,2026-07-29,
M0525000559,exact,joconde_id,unknown,,Portrait du lieutenant-général Descrochets,musée de la Princerie,Nicolas de Largillière,Q126880834,,,,,,,institution_match;joconde_id_match,auto,2026-07-29,
M0811000050,exact,joconde_id,unknown,,L'intendante,Le Beffroi - musée Boucher de Perthes - Manessier,Nicolas de Largillière,Q126880831,,,,,,,inventory_match;institution_match;joconde_id_match,auto,2026-07-29,
00000060545,rejete,inventory_number,open,CC BY-SA 4.0,LA VIERGE A L'ENFANT ET LE BAPTISTE,musée de la Chartreuse,Raphaël,Q122887767,Kouros - Musée du Louvre AGER MN 352 ; INV 58 ; N 5363 ; Br 220.jpg,https://commons.wikimedia.org/wiki/File:Kouros_-_Mus%C3%A9e_du_Louvre_AGER_MN_352_;_INV_58_;_N_5363_;_Br_220.jpg,https://upload.wikimedia.org/wikipedia/commons/2/26/Kouros_-_Mus%C3%A9e_du_Louvre_AGER_MN_352_%3B_INV_58_%3B_N_5363_%3B_Br_220.jpg,Shonagon,Shonagon,https://creativecommons.org/licenses/by-sa/4.0,inventory_match,auto,2026-07-29,
00000060663,rejete,inventory_number,open,CC BY-SA 3.0,MARIE-MADELEINE,musée de la Chartreuse,Giorgio Vasari,Q29656432,Gérard Dou.jpg,https://commons.wikimedia.org/wiki/File:G%C3%A9rard_Dou.jpg,https://upload.wikimedia.org/wikipedia/commons/2/22/G%C3%A9rard_Dou.jpg,Own work,Pascal3012,https://creativecommons.org/licenses/by-sa/3.0,inventory_match,auto,2026-07-29,
00000060664,rejete,inventory_number,open,Public domain,VIERGE DE L'ANNONCIATION,musée de la Chartreuse,Giorgio Vasari,Q29656429,Gerard Dou - Old Woman Praying - WGA06640.jpg,https://commons.wikimedia.org/wiki/File:Gerard_Dou_-_Old_Woman_Praying_-_WGA06640.jpg,https://upload.wikimedia.org/wikipedia/commons/e/ea/Gerard_Dou_-_Old_Woman_Praying_-_WGA06640.jpg,"Web Gallery of Art : Image Info about artwork wga QS:P11807,""d/dou/1/old_woma""",Gerrit Dou,,inventory_match,auto,2026-07-29,
00000060665,rejete,inventory_number,unknown,,ANGE DE L'ANNONCIATION,musée de la Chartreuse,Giorgio Vasari,Q115673585,,,,,,,inventory_match,auto,2026-07-29,
00000060673,rejete,inventory_number,open,Public domain,L'ENFANT JESUS ET LE BAPTISTE,musée de la Chartreuse,Léonard de Vinci,Q18939557,Anthony van Dyck - Venus Asks Vulcan to Cast Arms for her Son Aeneas - WGA07447.jpg,https://commons.wikimedia.org/wiki/File:Anthony_van_Dyck_-_Venus_Asks_Vulcan_to_Cast_Arms_for_her_Son_Aeneas_-_WGA07447.jpg,https://upload.wikimedia.org/wikipedia/commons/0/01/Anthony_van_Dyck_-_Venus_Asks_Vulcan_to_Cast_Arms_for_her_Son_Aeneas_-_WGA07447.jpg,"Web Gallery of Art : Image Info about artwork wga QS:P11807,""d/dyck_van/3other/venusvul""",Anthony van Dyck,,inventory_match,auto,2026-07-29,
00000060723,rejete,inventory_number,open,Public domain,PETIT DENICHEUR D'OISEAUX,musée de la Chartreuse,Boucher,Q29656877,Jan Brueghel (I) - Air (Optics) - WGA3548.jpg,https://commons.wikimedia.org/wiki/File:Jan_Brueghel_(I)_-_Air_(Optics)_-_WGA3548.jpg,https://upload.wikimedia.org/wikipedia/commons/1/10/Jan_Brueghel_%28I%29_-_Air_%28Optics%29_-_WGA3548.jpg,"Web Gallery of Art : Image Info about artwork wga QS:P11807,""b/bruegel/jan_e/1/air""",Jan Brueghel the Elder,,inventory_match,auto,2026-07-29,
00000060728,rejete,inventory_number,open,Public domain,VIERGE A L'ENFANT ET SAINT JEROME,musée de la Chartreuse,Le Corrège,Q29656601,"Paysage montagneux avec des cigognes, un pont et quatre cavaliers - Joos de Momper - Musée du Louvre Peintures INV 1104 ; B 220.jpg","https://commons.wikimedia.org/wiki/File:Paysage_montagneux_avec_des_cigognes,_un_pont_et_quatre_cavaliers_-_Joos_de_Momper_-_Mus%C3%A9e_du_Louvre_Peintures_INV_1104_;_B_220.jpg",https://upload.wikimedia.org/wikipedia/commons/2/26/Paysage_montagneux_avec_des_cigognes%2C_un_pont_et_quatre_cavaliers_-_Joos_de_Momper_-_Mus%C3%A9e_du_Louvre_Peintures_INV_1104_%3B_B_220.jpg,"derivative from photo by Sailko https://commons.wikimedia.org/wiki/File:Paysage_montagneux_avec_des_cigognes,_un_pont_et_quatre_cavaliers_-_Joos_de_Momper_-_Mus%C3%A9e_du_Louvre_Peintures_INV_1104_;_B_220.jpg 2013-11-15",Joos de Momper the Younger,,inventory_match,auto,2026-07-29,
00000060729,rejete,inventory_number,unknown,,ADAM ET EVE APRES LA CHUTE,musée de la Chartreuse,Annibale Carracci,Q115676557,,,,,,,inventory_match,auto,2026-07-29,
00000060735,rejete,inventory_number,open,Public domain,LA VIERGE A LA CHAISE,musée de la Chartreuse,Raphaël,Q29863311,Philippe de Champaigne - The Last Supper - WGA4710.jpg,https://commons.wikimedia.org/wiki/File:Philippe_de_Champaigne_-_The_Last_Supper_-_WGA4710.jpg,https://upload.wikimedia.org/wikipedia/commons/5/59/Philippe_de_Champaigne_-_The_Last_Supper_-_WGA4710.jpg,"Web Gallery of Art : Image Info about artwork wga QS:P11807,""/c/champaig/lastsupp""",Philippe de Champaigne,,inventory_match,auto,2026-07-29,
00000060736,rejete,inventory_number,unknown,,L'ADORATION DES BERGERS,musée de la Chartreuse,Federico Barocci,Q29863291,,,,,,,inventory_match,auto,2026-07-29,
00000065942,rejete,inventory_number,unknown,,PORTRAIT DE FEMME,musée du Vieux-Château,Louis Léopold Boilly,Q138415233,,,,,,,inventory_match,auto,2026-07-29,
00000065942,rejete,inventory_number,unknown,,PORTRAIT DE FEMME,musée du Vieux-Château,Louis Léopold Boilly,Q138428842,,,,,,,inventory_match,auto,2026-07-29,
00000065942,rejete,inventory_number,unknown,,PORTRAIT DE FEMME,musée du Vieux-Château,Louis Léopold Boilly,Q19368887,,,,,,,inventory_match,auto,2026-07-29,
00000065942,rejete,inventory_number,open,CC BY 3.0,PORTRAIT DE FEMME,musée du Vieux-Château,Louis Léopold Boilly,Q112294875,La rêverie by Pierre Travaux.JPG,https://commons.wikimedia.org/wiki/File:La_r%C3%AAverie_by_Pierre_Travaux.JPG,https://upload.wikimedia.org/wikipedia/commons/0/03/La_r%C3%AAverie_by_Pierre_Travaux.JPG,Self-photographed,Caroline Léna Becker,https://creativecommons.org/licenses/by/3.0,inventory_match,auto,2026-07-29,
00000065942,rejete,inventory_number,open,Public domain,PORTRAIT DE FEMME,musée du Vieux-Château,Louis Léopold Boilly,Q135666231,Copley Fielding - Naufrage - Musée de Vitré.jpeg,https://commons.wikimedia.org/wiki/File:Copley_Fielding_-_Naufrage_-_Mus%C3%A9e_de_Vitr%C3%A9.jpeg,https://upload.wikimedia.org/wikipedia/commons/4/48/Copley_Fielding_-_Naufrage_-_Mus%C3%A9e_de_Vitr%C3%A9.jpeg,"Own work , Mel22 , 2025-07-30",Copley Fielding,,inventory_match,auto,2026-07-29,
00000065943,rejete,inventory_number,unknown,,PORTRAIT DE FEMME,musée du Vieux-Château,Louis Léopold Boilly,Q138415233,,,,,,,inventory_match,auto,2026-07-29,
00000065943,rejete,inventory_number,unknown,,PORTRAIT DE FEMME,musée du Vieux-Château,Louis Léopold Boilly,Q138428842,,,,,,,inventory_match,auto,2026-07-29,
00000065943,rejete,inventory_number,unknown,,PORTRAIT DE FEMME,musée du Vieux-Château,Louis Léopold Boilly,Q19368887,,,,,,,inventory_match,auto,2026-07-29,
00000065943,rejete,inventory_number,open,CC BY 3.0,PORTRAIT DE FEMME,musée du Vieux-Château,Louis Léopold Boilly,Q112294875,La rêverie by Pierre Travaux.JPG,https://commons.wikimedia.org/wiki/File:La_r%C3%AAverie_by_Pierre_Travaux.JPG,https://upload.wikimedia.org/wikipedia/commons/0/03/La_r%C3%AAverie_by_Pierre_Travaux.JPG,Self-photographed,Caroline Léna Becker,https://creativecommons.org/licenses/by/3.0,inventory_match,auto,2026-07-29,
00000065943,rejete,inventory_number,open,Public domain,PORTRAIT DE FEMME,musée du Vieux-Château,Louis Léopold Boilly,Q135666231,Copley Fielding - Naufrage - Musée de Vitré.jpeg,https://commons.wikimedia.org/wiki/File:Copley_Fielding_-_Naufrage_-_Mus%C3%A9e_de_Vitr%C3%A9.jpeg,https://upload.wikimedia.org/wikipedia/commons/4/48/Copley_Fielding_-_Naufrage_-_Mus%C3%A9e_de_Vitr%C3%A9.jpeg,"Own work , Mel22 , 2025-07-30",Copley Fielding,,inventory_match,auto,2026-07-29,
00000074301,rejete,inventory_number,open,Public domain,JOCKEY AVEC DEUX CHEVAUX,musée Goya,Géricault,Q124302008,Gustave Violet - Catalane aux cruches 02.jpg,https://commons.wikimedia.org/wiki/File:Gustave_Violet_-_Catalane_aux_cruches_02.jpg,https://upload.wikimedia.org/wikipedia/commons/c/cc/Gustave_Violet_-_Catalane_aux_cruches_02.jpg,"Own work , Tylwyth Eldar, 2020-10-28 13:17:50",,,inventory_match,auto,2026-07-29,
00000074353,rejete,inventory_number,open,Public domain,PORTRAIT D'ENFANT,musée Goya,Greuze,Q136356014,Vue prise prise d'après nature à Fontainebleau - Alphonse Robert - MBAB 840.4.1.jpg,https://commons.wikimedia.org/wiki/File:Vue_prise_prise_d%27apr%C3%A8s_nature_%C3%A0_Fontainebleau_-_Alphonse_Robert_-_MBAB_840.4.1.jpg,https://upload.wikimedia.org/wikipedia/commons/b/b8/Vue_prise_prise_d%27apr%C3%A8s_nature_%C3%A0_Fontainebleau_-_Alphonse_Robert_-_MBAB_840.4.1.jpg,Œuvre appartenant au Musée des Beaux Arts de Besançon,Alphonse Robert,,inventory_match,auto,2026-07-29,
00000093479,rejete,inventory_number,open,Public domain,ENLEVEMENT D'EUROPE,musée de la Chartreuse,Luca Giordano,Q18572977,Saint Louis de Toulouse - Antonio Vivarini - Musée du Louvre Peintures INV 872 ; C 317.jpg,https://commons.wikimedia.org/wiki/File:Saint_Louis_de_Toulouse_-_Antonio_Vivarini_-_Mus%C3%A9e_du_Louvre_Peintures_INV_872_;_C_317.jpg,https://upload.wikimedia.org/wikipedia/commons/c/ce/Saint_Louis_de_Toulouse_-_Antonio_Vivarini_-_Mus%C3%A9e_du_Louvre_Peintures_INV_872_%3B_C_317.jpg,photo Shonagon 2024-02-22,Antonio Vivarini,,inventory_match,auto,2026-07-29,
000DE005647,rejete,inventory_number,open,Public domain,SACRIFICE D'ABRAHAM,musée Grobet-Labadié,Le Guerchin,Q124307224,Esmeralda.jpg,https://commons.wikimedia.org/wiki/File:Esmeralda.jpg,https://upload.wikimedia.org/wikipedia/commons/a/ae/Esmeralda.jpg,"Own work , user:Szilas in the Wiertz Museum",Antoine Wiertz,,inventory_match,auto,2026-07-29,
000DE005647,rejete,inventory_number,unknown,,SACRIFICE D'ABRAHAM,musée Grobet-Labadié,Le Guerchin,Q22999721,,,,,,,inventory_match,auto,2026-07-29,
000DE005647,rejete,inventory_number,open,CC BY-SA 4.0,SACRIFICE D'ABRAHAM,musée Grobet-Labadié,Le Guerchin,Q67155384,"Gauguin - Portrait de l’artiste par lui-même, 1903.jpg","https://commons.wikimedia.org/wiki/File:Gauguin_-_Portrait_de_l%E2%80%99artiste_par_lui-m%C3%AAme,_1903.jpg",https://upload.wikimedia.org/wikipedia/commons/d/da/Gauguin_-_Portrait_de_l%E2%80%99artiste_par_lui-m%C3%AAme%2C_1903.jpg,http://sammlungonline.kunstmuseumbasel.ch/eMuseumPlus?id=691,Paul Gauguin,https://creativecommons.org/licenses/by-sa/4.0,inventory_match,auto,2026-07-29,
000DE006757,rejete,inventory_number,open,CC BY 2.0,LA NOURRICE,musée des beaux-arts,Greuze,Q22980139,Jill Bolte Taylor - observing a stroke from within.jpg,https://commons.wikimedia.org/wiki/File:Jill_Bolte_Taylor_-_observing_a_stroke_from_within.jpg,https://upload.wikimedia.org/wikipedia/commons/e/e3/Jill_Bolte_Taylor_-_observing_a_stroke_from_within.jpg,Observing a Stroke from Within,"Steve Jurvetson from Menlo Park, USA",https://creativecommons.org/licenses/by/2.0,inventory_match;title_match,auto,2026-07-29,
000DE006757,rejete,inventory_number,unknown,,LA NOURRICE,musée des beaux-arts,Greuze,Q124537881,,,,,,,inventory_match;title_match,auto,2026-07-29,
000DE006757,rejete,inventory_number,open,CC BY 3.0,LA NOURRICE,musée des beaux-arts,Greuze,Q127595177,"Bottega del 1473, tavolette di s. bernardino, 1473, da oratorio di s. bernardino a pg, risana nicola di lorenzo da prato travolto da un toro 1.jpg","https://commons.wikimedia.org/wiki/File:Bottega_del_1473,_tavolette_di_s._bernardino,_1473,_da_oratorio_di_s._bernardino_a_pg,_risana_nicola_di_lorenzo_da_prato_travolto_da_un_toro_1.jpg",https://upload.wikimedia.org/wikipedia/commons/2/28/Bottega_del_1473%2C_tavolette_di_s._bernardino%2C_1473%2C_da_oratorio_di_s._bernardino_a_pg%2C_risana_nicola_di_lorenzo_da_prato_travolto_da_un_toro_1.jpg,Own work,Sailko,https://creativecommons.org/licenses/by/3.0,inventory_match,auto,2026-07-29,
000DE006757,rejete,inventory_number,open,Public domain,LA NOURRICE,musée des beaux-arts,Greuze,Q55840085,Caroline Bardua - Porträt Caspar David Friedrichs (1840).jpg,https://commons.wikimedia.org/wiki/File:Caroline_Bardua_-_Portr%C3%A4t_Caspar_David_Friedrichs_(1840).jpg,https://upload.wikimedia.org/wikipedia/commons/2/2b/Caroline_Bardua_-_Portr%C3%A4t_Caspar_David_Friedrichs_%281840%29.jpg,Bildindex der Kunst und Architektur : object 00002094 – image file mi09436b08a.jpg jahrestage.akg-images.de,Caroline Bardua,,inventory_match,auto,2026-07-29,
000DE006757,rejete,inventory_number,open,Public domain,LA NOURRICE,musée des beaux-arts,Greuze,Q4037894,Guercino - Ecco Homo.jpg,https://commons.wikimedia.org/wiki/File:Guercino_-_Ecco_Homo.jpg,https://upload.wikimedia.org/wikipedia/commons/d/de/Guercino_-_Ecco_Homo.jpg,http://www.uni-leipzig.de/ru/bilder/passion2/guercit2.htm,Guercino,,inventory_match,auto,2026-07-29,
000DE006757,rejete,inventory_number,open,Public domain,LA NOURRICE,musée des beaux-arts,Greuze,Q21426692,Rembrandt - Self-Portrait - WGA19206.jpg,https://commons.wikimedia.org/wiki/File:Rembrandt_-_Self-Portrait_-_WGA19206.jpg,https://upload.wikimedia.org/wikipedia/commons/a/a4/Rembrandt_-_Self-Portrait_-_WGA19206.jpg,"Web Gallery of Art : Image Info about artwork wga QS:P11807,""r/rembran/painting/selfport/sp1627""",After Rembrandt,,inventory_match,auto,2026-07-29,
000DE006757,rejete,inventory_number,unknown,,LA NOURRICE,musée des beaux-arts,Greuze,Q22251570,,,,,,,inventory_match,auto,2026-07-29,
000DE006757,rejete,inventory_number,open,Public domain,LA NOURRICE,musée des beaux-arts,Greuze,Q2276546,Raphael-LaDonnaGravida(1505-1506).jpg,https://commons.wikimedia.org/wiki/File:Raphael-LaDonnaGravida(1505-1506).jpg,https://upload.wikimedia.org/wikipedia/commons/f/fe/Raphael-LaDonnaGravida%281505-1506%29.jpg,"Web Gallery of Art : Image Info about artwork wga QS:P11807,""r/raphael/2firenze/1/27gravid""",Raphael,,inventory_match;title_match,auto,2026-07-29,
000DE006760,rejete,inventory_number,unknown,,JEUNE HOMME DESSINANT SUR SES GENOUX,musée Grobet-Labadié,Greuze,Q138414379,,,,,,,inventory_match;title_match,auto,2026-07-29,
000DE006760,rejete,inventory_number,unknown,,JEUNE HOMME DESSINANT SUR SES GENOUX,musée Grobet-Labadié,Greuze,Q22980757,,,,,,,inventory_match,auto,2026-07-29,
000DE006760,rejete,inventory_number,open,Public domain,JEUNE HOMME DESSINANT SUR SES GENOUX,musée Grobet-Labadié,Greuze,Q653607,Jan Steen - Girl Eating Oysters - 818 - Mauritshuis.jpg,https://commons.wikimedia.org/wiki/File:Jan_Steen_-_Girl_Eating_Oysters_-_818_-_Mauritshuis.jpg,https://upload.wikimedia.org/wikipedia/commons/e/e2/Jan_Steen_-_Girl_Eating_Oysters_-_818_-_Mauritshuis.jpg,Mauritshuis,Jan Steen,,inventory_match,auto,2026-07-29,
000DE006760,rejete,inventory_number,open,CC BY 4.0,JEUNE HOMME DESSINANT SUR SES GENOUX,musée Grobet-Labadié,Greuze,Q126472821,L'Atelier de jeunes filles artistes de Léon Cogniet.jpg,https://commons.wikimedia.org/wiki/File:L%27Atelier_de_jeunes_filles_artistes_de_L%C3%A9on_Cogniet.jpg,https://upload.wikimedia.org/wikipedia/commons/e/e0/L%27Atelier_de_jeunes_filles_artistes_de_L%C3%A9on_Cogniet.jpg,"Own work , Caroline Léna Becker",,https://creativecommons.org/licenses/by/4.0,inventory_match,auto,2026-07-29,
000DE006760,rejete,inventory_number,unknown,,JEUNE HOMME DESSINANT SUR SES GENOUX,musée Grobet-Labadié,Greuze,Q18938985,,,,,,,inventory_match,auto,2026-07-29,
000DE006760,rejete,inventory_number,open,Public domain,JEUNE HOMME DESSINANT SUR SES GENOUX,musée Grobet-Labadié,Greuze,Q59507009,"Sisley - Washerwomen,-Near-Champagne.jpg","https://commons.wikimedia.org/wiki/File:Sisley_-_Washerwomen,-Near-Champagne.jpg",https://upload.wikimedia.org/wikipedia/commons/6/61/Sisley_-_Washerwomen%2C-Near-Champagne.jpg,https://www.alfredsisley.org/the-complete-works.html?ps=96&pageno=9,Alfred Sisley,,inventory_match,auto,2026-07-29,
000DE006810,rejete,inventory_number,open,Public domain,JEUNE FEMME ACCOUDEE,musée Grobet-Labadié,Louis Léopold Boilly,Q3877890,"Sarto, Andrea del - Noli me tangere - c. 1510.jpg","https://commons.wikimedia.org/wiki/File:Sarto,_Andrea_del_-_Noli_me_tangere_-_c._1510.jpg",https://upload.wikimedia.org/wikipedia/commons/1/1e/Sarto%2C_Andrea_del_-_Noli_me_tangere_-_c._1510.jpg,abbeville.com,Andrea del Sarto,,inventory_match,auto,2026-07-29,
000DE006810,rejete,inventory_number,unknown,,JEUNE FEMME ACCOUDEE,musée Grobet-Labadié,Louis Léopold Boilly,Q22980479,,,,,,,inventory_match,auto,2026-07-29,
000DE006810,rejete,inventory_number,open,Public domain,JEUNE FEMME ACCOUDEE,musée Grobet-Labadié,Louis Léopold Boilly,Q17627517,Pieter Claesz. 007.jpg,https://commons.wikimedia.org/wiki/File:Pieter_Claesz._007.jpg,https://upload.wikimedia.org/wikipedia/commons/a/a3/Pieter_Claesz._007.jpg,www.culture.gouv.fr : Home : Info : Pic,Pieter Claesz,,inventory_match,auto,2026-07-29,
000DE006810,rejete,inventory_number,open,Public domain,JEUNE FEMME ACCOUDEE,musée Grobet-Labadié,Louis Léopold Boilly,Q92998771,Louis Frédéric Schutzenberger-Chasseur sonnant du cor.jpg,https://commons.wikimedia.org/wiki/File:Louis_Fr%C3%A9d%C3%A9ric_Schutzenberger-Chasseur_sonnant_du_cor.jpg,https://upload.wikimedia.org/wikipedia/commons/a/af/Louis_Fr%C3%A9d%C3%A9ric_Schutzenberger-Chasseur_sonnant_du_cor.jpg,Own work (photo or scan),Louis-Frederic Schützenberger,,inventory_match,auto,2026-07-29,
000DE006830,rejete,inventory_number,unknown,,PROJET DE MEDAILLE EN MEMOIRE DE LA CESSATION DE LA PESTE A MARSEILLE,musée des beaux-arts,Bouchardon,Q22992446,,,,,,,inventory_match,auto,2026-07-29,
000DE006830,rejete,inventory_number,open,CC BY-SA 3.0,PROJET DE MEDAILLE EN MEMOIRE DE LA CESSATION DE LA PESTE A MARSEILLE,musée des beaux-arts,Bouchardon,Q27588509,L'Image et le Pouvoir - Buste de Faustine l'ancienne 02.jpg,https://commons.wikimedia.org/wiki/File:L%27Image_et_le_Pouvoir_-_Buste_de_Faustine_l%27ancienne_02.jpg,https://upload.wikimedia.org/wikipedia/commons/c/ca/L%27Image_et_le_Pouvoir_-_Buste_de_Faustine_l%27ancienne_02.jpg,Self-photographed,PierreSelim,https://creativecommons.org/licenses/by-sa/3.0,inventory_match,auto,2026-07-29,
000DE006830,rejete,inventory_number,open,Public domain,PROJET DE MEDAILLE EN MEMOIRE DE LA CESSATION DE LA PESTE A MARSEILLE,musée des beaux-arts,Bouchardon,Q15974347,Oggiono.jpg,https://commons.wikimedia.org/wiki/File:Oggiono.jpg,https://upload.wikimedia.org/wikipedia/commons/4/41/Oggiono.jpg,Unknown source Unknown source,Marco d'Oggiono,,inventory_match,auto,2026-07-29,
000DE006830,rejete,inventory_number,open,Public domain,PROJET DE MEDAILLE EN MEMOIRE DE LA CESSATION DE LA PESTE A MARSEILLE,musée des beaux-arts,Bouchardon,Q135258522,"Giovanni Domenico Cerrini - Apollo e la Sibilla Cumana (Gemäldegalerie, Berlin).jpg","https://commons.wikimedia.org/wiki/File:Giovanni_Domenico_Cerrini_-_Apollo_e_la_Sibilla_Cumana_(Gem%C3%A4ldegalerie,_Berlin).jpg",https://upload.wikimedia.org/wikipedia/commons/4/47/Giovanni_Domenico_Cerrini_-_Apollo_e_la_Sibilla_Cumana_%28Gem%C3%A4ldegalerie%2C_Berlin%29.jpg,Bildindex der Kunst und Architektur : object 02557280 – image file gg0948_080a.jpg,Giovanni Domenico Cerrini,,inventory_match,auto,2026-07-29,
000DE006830,rejete,inventory_number,unknown,,PROJET DE MEDAILLE EN MEMOIRE DE LA CESSATION DE LA PESTE A MARSEILLE,musée des beaux-arts,Bouchardon,Q114029153,,,,,,,inventory_match,auto,2026-07-29,
000DE006830,rejete,inventory_number,unknown,,PROJET DE MEDAILLE EN MEMOIRE DE LA CESSATION DE LA PESTE A MARSEILLE,musée des beaux-arts,Bouchardon,Q106567805,,,,,,,inventory_match,auto,2026-07-29,
000DE006838,rejete,inventory_number,open,Public domain,AMOURS JOUANT AVEC UN VOILE BLEU,musée Grobet-Labadié,Boucher,Q112034223,Appiani-Autoritratto 1790 - 1799 Brera.jpg,https://commons.wikimedia.org/wiki/File:Appiani-Autoritratto_1790_-_1799_Brera.jpg,https://upload.wikimedia.org/wikipedia/commons/5/5a/Appiani-Autoritratto_1790_-_1799_Brera.jpg,Unknown source Unknown source,Andrea Appiani,,inventory_match,auto,2026-07-29,
000DE006838,rejete,inventory_number,unknown,,AMOURS JOUANT AVEC UN VOILE BLEU,musée Grobet-Labadié,Boucher,Q112034229,,,,,,,inventory_match,auto,2026-07-29,
000DE006838,rejete,inventory_number,unknown,,AMOURS JOUANT AVEC UN VOILE BLEU,musée Grobet-Labadié,Boucher,Q116918070,,,,,,,inventory_match,auto,2026-07-29,
000DE006838,rejete,inventory_number,open,Public domain,AMOURS JOUANT AVEC UN VOILE BLEU,musée Grobet-Labadié,Boucher,Q29937356,Paolo Veronese (Werkstatt) - Fortitudo - 527 - Bavarian State Painting Collections.jpg,https://commons.wikimedia.org/wiki/File:Paolo_Veronese_(Werkstatt)_-_Fortitudo_-_527_-_Bavarian_State_Painting_Collections.jpg,https://upload.wikimedia.org/wikipedia/commons/d/d0/Paolo_Veronese_%28Werkstatt%29_-_Fortitudo_-_527_-_Bavarian_State_Painting_Collections.jpg,https://www.sammlung.pinakothek.de/en/bookmark/artwork/Znxw92ENGX,Paolo Veronese,,inventory_match,auto,2026-07-29,
000DE006838,rejete,inventory_number,open,Public domain,AMOURS JOUANT AVEC UN VOILE BLEU,musée Grobet-Labadié,Boucher,Q21600419,Jacques Daret 001.jpg,https://commons.wikimedia.org/wiki/File:Jacques_Daret_001.jpg,https://upload.wikimedia.org/wikipedia/commons/2/2c/Jacques_Daret_001.jpg,"The Yorck Project (2002) 10.000 Meisterwerke der Malerei (DVD-ROM), distributed by DIRECTMEDIA Publishing GmbH. ISBN : 3936122202 .",Jacques Daret,,inventory_match,auto,2026-07-29,
000DE006838,rejete,inventory_number,unknown,,AMOURS JOUANT AVEC UN VOILE BLEU,musée Grobet-Labadié,Boucher,Q22980493,,,,,,,inventory_match,auto,2026-07-29,
000DE006838,rejete,inventory_number,open,Public domain,AMOURS JOUANT AVEC UN VOILE BLEU,musée Grobet-Labadié,Boucher,Q111987385,Nascita di Venere Palazzo Vecchio.jpg,https://commons.wikimedia.org/wiki/File:Nascita_di_Venere_Palazzo_Vecchio.jpg,https://upload.wikimedia.org/wikipedia/commons/f/f0/Nascita_di_Venere_Palazzo_Vecchio.jpg,Marie-Lan Nguyen,Giorgio Vasari,,inventory_match,auto,2026-07-29,
000DE006838,rejete,inventory_number,unknown,,AMOURS JOUANT AVEC UN VOILE BLEU,musée Grobet-Labadié,Boucher,Q112056839,,,,,,,inventory_match,auto,2026-07-29,
000DE006839,rejete,inventory_number,open,Public domain,AMOURS JOUANT AVEC UNE COUPE,musée Grobet-Labadié,Boucher,Q10901792,"Midas und Bacchus, um 1624.jpg","https://commons.wikimedia.org/wiki/File:Midas_und_Bacchus,_um_1624.jpg",https://upload.wikimedia.org/wikipedia/commons/5/58/Midas_und_Bacchus%2C_um_1624.jpg,https://www.sammlung.pinakothek.de/de/artwork/Qlx2QeQ4Xq,Nicolas Poussin,,inventory_match,auto,2026-07-29,
000DE006899,rejete,inventory_number,unknown,,GUERRIERS AU COMBAT,musée des beaux-arts,Annibale Carracci,Q22980272,,,,,,,inventory_match,auto,2026-07-29,
000DE006899,rejete,inventory_number,open,Public domain,GUERRIERS AU COMBAT,musée des beaux-arts,Annibale Carracci,Q4340473,Wassili Grigorjewitsch Perow - Hunters resting.jpg,https://commons.wikimedia.org/wiki/File:Wassili_Grigorjewitsch_Perow_-_Hunters_resting.jpg,https://upload.wikimedia.org/wikipedia/commons/3/35/Wassili_Grigorjewitsch_Perow_-_Hunters_resting.jpg,"http://lj.rossia.org/users/john_petrov/460067.html (dead link), My Tretyakov",Vasily Perov,,inventory_match,auto,2026-07-29,
000DE006899,rejete,inventory_number,unknown,,GUERRIERS AU COMBAT,musée des beaux-arts,Annibale Carracci,Q114029159,,,,,,,inventory_match,auto,2026-07-29,
000DE006899,rejete,inventory_number,open,Public domain,GUERRIERS AU COMBAT,musée des beaux-arts,Annibale Carracci,Q106166269,Pieter Saenredam - Interior of the St. Bavo Church in Haarlem GL GM 383-001.jpg,https://commons.wikimedia.org/wiki/File:Pieter_Saenredam_-_Interior_of_the_St._Bavo_Church_in_Haarlem_GL_GM_383-001.jpg,https://upload.wikimedia.org/wikipedia/commons/3/35/Pieter_Saenredam_-_Interior_of_the_St._Bavo_Church_in_Haarlem_GL_GM_383-001.jpg,https://artuk.org/discover/artworks/interior-of-st-bavos-haarlem-with-a-catholic-baptism-85942,Pieter Jansz. Saenredam,,inventory_match,auto,2026-07-29,
000DE007124,rejete,inventory_number,unknown,,PAYSAGE ANIME AVEC RUINES ET PERSONNAGES,musée Grobet-Labadié,Fragonard,Q120675147,,,,,,,inventory_match,auto,2026-07-29,
000DE007124,rejete,inventory_number,unknown,,PAYSAGE ANIME AVEC RUINES ET PERSONNAGES,musée Grobet-Labadié,Fragonard,Q94657448,,,,,,,inventory_match,auto,2026-07-29,
000DE007125,rejete,inventory_number,open,Public domain,PERSONNAGES SUR UNE PASSERELLE,musée Grobet-Labadié,Fragonard,Q17276093,Jan van der Heyden - The Church at Veere.jpg,https://commons.wikimedia.org/wiki/File:Jan_van_der_Heyden_-_The_Church_at_Veere.jpg,https://upload.wikimedia.org/wikipedia/commons/5/57/Jan_van_der_Heyden_-_The_Church_at_Veere.jpg,https://www.mauritshuis.nl/en/explore/the-collection/artworks/the-church-at-veere-815/,Jan van der Heyden,,inventory_match,auto,2026-07-29,
000DE007125,rejete,inventory_number,open,CC BY 4.0,PERSONNAGES SUR UNE PASSERELLE,musée Grobet-Labadié,Fragonard,Q126456843,Le Christ au jardin des Oliviers Rosalie Thévenin.jpg,https://commons.wikimedia.org/wiki/File:Le_Christ_au_jardin_des_Oliviers_Rosalie_Th%C3%A9venin.jpg,https://upload.wikimedia.org/wikipedia/commons/c/cc/Le_Christ_au_jardin_des_Oliviers_Rosalie_Th%C3%A9venin.jpg,"Own work , Caroline Léna Becker",,https://creativecommons.org/licenses/by/4.0,inventory_match,auto,2026-07-29,
000DE007125,rejete,inventory_number,unknown,,PERSONNAGES SUR UNE PASSERELLE,musée Grobet-Labadié,Fragonard,Q22980755,,,,,,,inventory_match,auto,2026-07-29,
000DE007125,rejete,inventory_number,open,Public domain,PERSONNAGES SUR UNE PASSERELLE,musée Grobet-Labadié,Fragonard,Q30098548,David Teniers d. J. - Katzenkonzert - 815 - Bavarian State Painting Collections.jpg,https://commons.wikimedia.org/wiki/File:David_Teniers_d._J._-_Katzenkonzert_-_815_-_Bavarian_State_Painting_Collections.jpg,https://upload.wikimedia.org/wikipedia/commons/0/0f/David_Teniers_d._J._-_Katzenkonzert_-_815_-_Bavarian_State_Painting_Collections.jpg,https://www.sammlung.pinakothek.de/en/bookmark/artwork/6kLaBkwyG8,David Teniers the Younger,,inventory_match,auto,2026-07-29,
000DE007125,rejete,inventory_number,open,Public domain,PERSONNAGES SUR UNE PASSERELLE,musée Grobet-Labadié,Fragonard,Q60346890,Beaux-Arts Nancy Schwiter 50108.jpg,https://commons.wikimedia.org/wiki/File:Beaux-Arts_Nancy_Schwiter_50108.jpg,https://upload.wikimedia.org/wikipedia/commons/b/be/Beaux-Arts_Nancy_Schwiter_50108.jpg,"Own work , uploaded 5/01/08 ( Vassil )",Louis Auguste Schwiter(1805-1889),,inventory_match,auto,2026-07-29,
000DE007125,rejete,inventory_number,open,Public domain,PERSONNAGES SUR UNE PASSERELLE,musée Grobet-Labadié,Fragonard,Q21617021,"Anonieme Meester, Zuid-Nederlands, 1ste kwart 17de eeuw - Portret van een familie - 815 - Royal Museum of Fine Arts Antwerp.tiff","https://commons.wikimedia.org/wiki/File:Anonieme_Meester,_Zuid-Nederlands,_1ste_kwart_17de_eeuw_-_Portret_van_een_familie_-_815_-_Royal_Museum_of_Fine_Arts_Antwerp.tiff",https://upload.wikimedia.org/wikipedia/commons/4/49/Anonieme_Meester%2C_Zuid-Nederlands%2C_1ste_kwart_17de_eeuw_-_Portret_van_een_familie_-_815_-_Royal_Museum_of_Fine_Arts_Antwerp.tiff,Royal Museum of Fine Arts Antwerp,Cornelis de Vos,,inventory_match,auto,2026-07-29,
000DE021409,rejete,inventory_number,open,Public domain,DEUX ETUDES DE CHIEN,musée Grobet-Labadié,Jean-Baptiste Oudry,Q111219469,Nude behind the curtain.jpg,https://commons.wikimedia.org/wiki/File:Nude_behind_the_curtain.jpg,https://upload.wikimedia.org/wikipedia/commons/2/2c/Nude_behind_the_curtain.jpg,Self-photographed in the Wiertz Museum,Antoine Wiertz,,inventory_match,auto,2026-07-29,
000DE021409,rejete,inventory_number,unknown,,DEUX ETUDES DE CHIEN,musée Grobet-Labadié,Jean-Baptiste Oudry,Q23663043,,,,,,,inventory_match,auto,2026-07-29,
000DE021409,rejete,inventory_number,unknown,,DEUX ETUDES DE CHIEN,musée Grobet-Labadié,Jean-Baptiste Oudry,Q122680933,,,,,,,inventory_match,auto,2026-07-29,
000PE014504,rejete,inventory_number,open,Public domain,PAYSAGE ET GUERRIERS,musée des beaux-arts,Salvator Rosa,Q17276028,"Still Life with Dead Birds, Cage and Net attributed to Jan Fijt Mauritshuis 687.jpg","https://commons.wikimedia.org/wiki/File:Still_Life_with_Dead_Birds,_Cage_and_Net_attributed_to_Jan_Fijt_Mauritshuis_687.jpg",https://upload.wikimedia.org/wikipedia/commons/9/98/Still_Life_with_Dead_Birds%2C_Cage_and_Net_attributed_to_Jan_Fijt_Mauritshuis_687.jpg,https://www.mauritshuis.nl/en/explore/the-collection/artworks/still-life-with-dead-birds-cage-and-net-687/detailgegevens/,Jan Fyt,,inventory_match,auto,2026-07-29,
000PE014505,rejete,inventory_number,unknown,,ERMITE EN MEDITATION,musée des beaux-arts,Salvator Rosa,Q22979386,,,,,,,inventory_match,auto,2026-07-29,
000PE014505,rejete,inventory_number,open,CC BY-SA 4.0,ERMITE EN MEDITATION,musée des beaux-arts,Salvator Rosa,Q55656028,MSR-26409-MS-a.JPG,https://commons.wikimedia.org/wiki/File:MSR-26409-MS-a.JPG,https://upload.wikimedia.org/wikipedia/commons/c/c2/MSR-26409-MS-a.JPG,musée Saint-Raymond,"Mathieu Scapin, musée Saint-Raymond",https://creativecommons.org/licenses/by-sa/4.0,inventory_match,auto,2026-07-29,
000PE014505,rejete,inventory_number,open,Public domain,ERMITE EN MEDITATION,musée des beaux-arts,Salvator Rosa,Q64223637,"Degas - Dancers in the Foyer, ca. 1889, Lemoisne 996.jpg","https://commons.wikimedia.org/wiki/File:Degas_-_Dancers_in_the_Foyer,_ca._1889,_Lemoisne_996.jpg",https://upload.wikimedia.org/wikipedia/commons/7/77/Degas_-_Dancers_in_the_Foyer%2C_ca._1889%2C_Lemoisne_996.jpg,https://www.buehrle.ch/en/,Edgar Degas,,inventory_match,auto,2026-07-29,
000PE014505,rejete,inventory_number,unknown,,ERMITE EN MEDITATION,musée des beaux-arts,Salvator Rosa,Q29211939,,,,,,,inventory_match,auto,2026-07-29,
000PE014505,rejete,inventory_number,open,Public domain,ERMITE EN MEDITATION,musée des beaux-arts,Salvator Rosa,Q29890575,Gerard Dou - Portrait of a Boy CAM CCF 35.jpg,https://commons.wikimedia.org/wiki/File:Gerard_Dou_-_Portrait_of_a_Boy_CAM_CCF_35.jpg,https://upload.wikimedia.org/wikipedia/commons/b/b7/Gerard_Dou_-_Portrait_of_a_Boy_CAM_CCF_35.jpg,https://artuk.org/discover/artworks/portrait-of-a-young-man-5501,Gerrit Dou,,inventory_match,auto,2026-07-29,
000PE014505,rejete,inventory_number,open,Public domain,ERMITE EN MEDITATION,musée des beaux-arts,Salvator Rosa,Q129676794,Antrain (35) Église Saint-André Tableau 03.JPG,https://commons.wikimedia.org/wiki/File:Antrain_(35)_%C3%89glise_Saint-Andr%C3%A9_Tableau_03.JPG,https://upload.wikimedia.org/wikipedia/commons/4/4c/Antrain_%2835%29_%C3%89glise_Saint-Andr%C3%A9_Tableau_03.JPG,Own work,GO69,,inventory_match,auto,2026-07-29,
000PE014505,rejete,inventory_number,open,Public domain,ERMITE EN MEDITATION,musée des beaux-arts,Salvator Rosa,Q28813115,Фирдуси читает поэму «Шах-Наме» шаху Махмуду Газневи (1913).jpg,https://commons.wikimedia.org/wiki/File:%D0%A4%D0%B8%D1%80%D0%B4%D1%83%D1%81%D0%B8_%D1%87%D0%B8%D1%82%D0%B0%D0%B5%D1%82_%D0%BF%D0%BE%D1%8D%D0%BC%D1%83_%C2%AB%D0%A8%D0%B0%D1%85-%D0%9D%D0%B0%D0%BC%D0%B5%C2%BB_%D1%88%D0%B0%D1%85%D1%83_%D0%9C%D0%B0%D1%85%D0%BC%D1%83%D0%B4%D1%83_%D0%93%D0%B0%D0%B7%D0%BD%D0%B5%D0%B2%D0%B8_(1913).jpg,https://upload.wikimedia.org/wikipedia/commons/5/5c/%D0%A4%D0%B8%D1%80%D0%B4%D1%83%D1%81%D0%B8_%D1%87%D0%B8%D1%82%D0%B0%D0%B5%D1%82_%D0%BF%D0%BE%D1%8D%D0%BC%D1%83_%C2%AB%D0%A8%D0%B0%D1%85-%D0%9D%D0%B0%D0%BC%D0%B5%C2%BB_%D1%88%D0%B0%D1%85%D1%83_%D0%9C%D0%B0%D1%85%D0%BC%D1%83%D0%B4%D1%83_%D0%93%D0%B0%D0%B7%D0%BD%D0%B5%D0%B2%D0%B8_%281913%29.jpg,Own work,Vardges Sureniants,,inventory_match,auto,2026-07-29,
000PE014694,rejete,inventory_number,open,Public domain,SAINT JEAN L'EVANGELISTE,musée des beaux-arts,Andrea del Sarto,Q29532858,MSR-26120-MV.jpg,https://commons.wikimedia.org/wiki/File:MSR-26120-MV.jpg,https://upload.wikimedia.org/wikipedia/commons/6/64/MSR-26120-MV.jpg,Photothèque du musée Saint-Raymond,Materia Viva,,inventory_match,auto,2026-07-29,
000PE014694,rejete,inventory_number,open,CC BY-SA 4.0,SAINT JEAN L'EVANGELISTE,musée des beaux-arts,Andrea del Sarto,Q55655950,MSR-26294-MS-3.JPG,https://commons.wikimedia.org/wiki/File:MSR-26294-MS-3.JPG,https://upload.wikimedia.org/wikipedia/commons/9/9c/MSR-26294-MS-3.JPG,musée Saint-Raymond,"Mathieu Scapin, musée Saint-Raymond",https://creativecommons.org/licenses/by-sa/4.0,inventory_match,auto,2026-07-29,
000PE014694,rejete,inventory_number,unknown,,SAINT JEAN L'EVANGELISTE,musée des beaux-arts,Andrea del Sarto,Q22979708,,,,,,,inventory_match,auto,2026-07-29,
000PE014694,rejete,inventory_number,open,Public domain,SAINT JEAN L'EVANGELISTE,musée des beaux-arts,Andrea del Sarto,Q126903193,"Bildnis des Hieronymus Froben, 1557 oder 1558.jpg","https://commons.wikimedia.org/wiki/File:Bildnis_des_Hieronymus_Froben,_1557_oder_1558.jpg",https://upload.wikimedia.org/wikipedia/commons/3/3f/Bildnis_des_Hieronymus_Froben%2C_1557_oder_1558.jpg,http://sammlungonline.kunstmuseumbasel.ch/eMuseumPlus?service=ExternalInterface&module=collection&objectId=1002&viewType=detailView,Unknown author Unknown author,,inventory_match,auto,2026-07-29,
000PE014694,rejete,inventory_number,open,Public domain,SAINT JEAN L'EVANGELISTE,musée des beaux-arts,Andrea del Sarto,Q124294672,Raoul Dufy - La Terrasse aux arcades à Vallauris - 41 - Foundation E.G. Bührle Collection.jpg,https://commons.wikimedia.org/wiki/File:Raoul_Dufy_-_La_Terrasse_aux_arcades_%C3%A0_Vallauris_-_41_-_Foundation_E.G._B%C3%BChrle_Collection.jpg,https://upload.wikimedia.org/wikipedia/commons/c/c0/Raoul_Dufy_-_La_Terrasse_aux_arcades_%C3%A0_Vallauris_-_41_-_Foundation_E.G._B%C3%BChrle_Collection.jpg,Kunsthaus Zürich,Raoul Dufy,,inventory_match,auto,2026-07-29,
000PE014694,rejete,inventory_number,open,Public domain,SAINT JEAN L'EVANGELISTE,musée des beaux-arts,Andrea del Sarto,Q85860172,Jacopo Tintoretto - The Murder of Abel - WGA22654.jpg,https://commons.wikimedia.org/wiki/File:Jacopo_Tintoretto_-_The_Murder_of_Abel_-_WGA22654.jpg,https://upload.wikimedia.org/wikipedia/commons/d/db/Jacopo_Tintoretto_-_The_Murder_of_Abel_-_WGA22654.jpg,"Web Gallery of Art : Image Info about artwork wga QS:P11807,""t/tintoret/6/04abel""",Jacopo Tintoretto,,inventory_match,auto,2026-07-29,
000PE014694,rejete,inventory_number,open,Public domain,SAINT JEAN L'EVANGELISTE,musée des beaux-arts,Andrea del Sarto,Q4008998,"Filippino, la regina di vasti cacciata.jpg","https://commons.wikimedia.org/wiki/File:Filippino,_la_regina_di_vasti_cacciata.jpg",https://upload.wikimedia.org/wikipedia/commons/1/1d/Filippino%2C_la_regina_di_vasti_cacciata.jpg,http://www.thais.it/citta_italiane/firenze/index/museo_horne/hi_res/00007.htm,Filippino Lippi / Sandro Botticelli,,inventory_match,auto,2026-07-29,
000PE014694,rejete,inventory_number,open,CC BY-SA 4.0,SAINT JEAN L'EVANGELISTE,musée des beaux-arts,Andrea del Sarto,Q29211930,Paris Cathédrale Notre-Dame Innen Schatzkammer 50.jpg,https://commons.wikimedia.org/wiki/File:Paris_Cath%C3%A9drale_Notre-Dame_Innen_Schatzkammer_50.jpg,https://upload.wikimedia.org/wikipedia/commons/f/fd/Paris_Cath%C3%A9drale_Notre-Dame_Innen_Schatzkammer_50.jpg,Own work,Zairon,https://creativecommons.org/licenses/by-sa/4.0,inventory_match,auto,2026-07-29,
000PE014737,rejete,inventory_number,unknown,,FIGURE ALLEGORIQUE,musée des beaux-arts,Le Corrège,Q22980305,,,,,,,inventory_match,auto,2026-07-29,
000PE014737,rejete,inventory_number,open,Public domain,FIGURE ALLEGORIQUE,musée des beaux-arts,Le Corrège,Q3937801,Bacchiacca - Scenes from the Story of Joseph - The Search for the Cup - WGA01100.jpg,https://commons.wikimedia.org/wiki/File:Bacchiacca_-_Scenes_from_the_Story_of_Joseph_-_The_Search_for_the_Cup_-_WGA01100.jpg,https://upload.wikimedia.org/wikipedia/commons/2/24/Bacchiacca_-_Scenes_from_the_Story_of_Joseph_-_The_Search_for_the_Cup_-_WGA01100.jpg,"Web Gallery of Art : Image Info about artwork wga QS:P11807,""b/bacchiac/joseph3""",Francesco Bacchiacca,,inventory_match,auto,2026-07-29,
000PE014737,rejete,inventory_number,open,Public domain,FIGURE ALLEGORIQUE,musée des beaux-arts,Le Corrège,Q19925169,P.P. Rubens - Achilles herkend onder de dochters van Lycomedes - NK2680 - Museum Boijmans Van Beuningen.jpg,https://commons.wikimedia.org/wiki/File:P.P._Rubens_-_Achilles_herkend_onder_de_dochters_van_Lycomedes_-_NK2680_-_Museum_Boijmans_Van_Beuningen.jpg,https://upload.wikimedia.org/wikipedia/commons/3/38/P.P._Rubens_-_Achilles_herkend_onder_de_dochters_van_Lycomedes_-_NK2680_-_Museum_Boijmans_Van_Beuningen.jpg,http://beeldbank.cultureelerfgoed.nl/alle-afbeeldingen/detail/451c7e53-2e58-56bf-8813-b6182ff24429/media/0df8f9e5-0adf-03e0-1c8a-cb3c017dc26c,Peter Paul Rubens,,inventory_match,auto,2026-07-29,
000PE014737,rejete,inventory_number,open,Public domain,FIGURE ALLEGORIQUE,musée des beaux-arts,Le Corrège,Q17275951,Cornelis Dusart ^ Adriaen van Ostade - Peasant Inn - 440 - Mauritshuis.jpg,https://commons.wikimedia.org/wiki/File:Cornelis_Dusart_%5E_Adriaen_van_Ostade_-_Peasant_Inn_-_440_-_Mauritshuis.jpg,https://upload.wikimedia.org/wikipedia/commons/2/28/Cornelis_Dusart_%5E_Adriaen_van_Ostade_-_Peasant_Inn_-_440_-_Mauritshuis.jpg,Mauritshuis,Cornelis Dusart,,inventory_match,auto,2026-07-29,
000PE014737,rejete,inventory_number,unknown,,FIGURE ALLEGORIQUE,musée des beaux-arts,Le Corrège,Q19759279,,,,,,,inventory_match;title_match,auto,2026-07-29,
000PE014737,rejete,inventory_number,unknown,,FIGURE ALLEGORIQUE,musée des beaux-arts,Le Corrège,Q123738372,,,,,,,inventory_match,auto,2026-07-29,
000PE016186,rejete,inventory_number,unknown,,LA MENAGERE SURPRISE,musée Grobet-Labadié,Greuze,Q22998717,,,,,,,inventory_match,auto,2026-07-29,
000PE016186,rejete,inventory_number,open,Public domain,LA MENAGERE SURPRISE,musée Grobet-Labadié,Greuze,Q27180361,Nicolas Régnier - Cardsharps and Fortune Teller - WGA19040.jpg,https://commons.wikimedia.org/wiki/File:Nicolas_R%C3%A9gnier_-_Cardsharps_and_Fortune_Teller_-_WGA19040.jpg,https://upload.wikimedia.org/wikipedia/commons/a/ab/Nicolas_R%C3%A9gnier_-_Cardsharps_and_Fortune_Teller_-_WGA19040.jpg,"Web Gallery of Art : Image Info about artwork wga QS:P11807,""r/regnier/cardshar""",Nicolas Régnier,,inventory_match,auto,2026-07-29,
000PE016186,rejete,inventory_number,open,Public domain,LA MENAGERE SURPRISE,musée Grobet-Labadié,Greuze,Q3947287,"Correggio, san girolamo.jpg","https://commons.wikimedia.org/wiki/File:Correggio,_san_girolamo.jpg",https://upload.wikimedia.org/wikipedia/commons/0/0e/Correggio%2C_san_girolamo.jpg,Self-scanned,Antonio da Correggio,,inventory_match,auto,2026-07-29,
000PE016323,rejete,inventory_number,open,Public domain,PORTRAIT D'HOMME EN BRUN (COUSTOU?),musée Grobet-Labadié,Hyacinthe Rigaud,Q9248648,"Titian - Girl with a Platter of Fruit - c1555 -Gemäldegalerie, Berlin.jpg","https://commons.wikimedia.org/wiki/File:Titian_-_Girl_with_a_Platter_of_Fruit_-_c1555_-Gem%C3%A4ldegalerie,_Berlin.jpg",https://upload.wikimedia.org/wikipedia/commons/7/71/Titian_-_Girl_with_a_Platter_of_Fruit_-_c1555_-Gem%C3%A4ldegalerie%2C_Berlin.jpg,recherche.smb.museum,Titian,,inventory_match,auto,2026-07-29,
000PE016323,rejete,inventory_number,open,Public domain,PORTRAIT D'HOMME EN BRUN (COUSTOU?),musée Grobet-Labadié,Hyacinthe Rigaud,Q22084430,Romanelli Satyr and Nymphs.jpg,https://commons.wikimedia.org/wiki/File:Romanelli_Satyr_and_Nymphs.jpg,https://upload.wikimedia.org/wikipedia/commons/1/14/Romanelli_Satyr_and_Nymphs.jpg,cyfrowe.mnw.art.pl,Giovanni Francesco Romanelli,,inventory_match,auto,2026-07-29,
000PE016323,rejete,inventory_number,open,CC BY-SA 4.0,PORTRAIT D'HOMME EN BRUN (COUSTOU?),musée Grobet-Labadié,Hyacinthe Rigaud,Q55655949,MSR-26293-ATJ-c.JPG,https://commons.wikimedia.org/wiki/File:MSR-26293-ATJ-c.JPG,https://upload.wikimedia.org/wikipedia/commons/d/dd/MSR-26293-ATJ-c.JPG,musée Saint-Raymond,"Alyx Taounza-Jeminet, musée Saint-Raymond",https://creativecommons.org/licenses/by-sa/4.0,inventory_match,auto,2026-07-29,
000PE016323,rejete,inventory_number,unknown,,PORTRAIT D'HOMME EN BRUN (COUSTOU?),musée Grobet-Labadié,Hyacinthe Rigaud,Q120685823,,,,,,,inventory_match,auto,2026-07-29,
000PE016323,rejete,inventory_number,unknown,,PORTRAIT D'HOMME EN BRUN (COUSTOU?),musée Grobet-Labadié,Hyacinthe Rigaud,Q138416108,,,,,,,inventory_match,auto,2026-07-29,
000PE016323,rejete,inventory_number,open,Public domain,PORTRAIT D'HOMME EN BRUN (COUSTOU?),musée Grobet-Labadié,Hyacinthe Rigaud,Q60635790,"Rubens e bottega, assunzione della vergine.JPG","https://commons.wikimedia.org/wiki/File:Rubens_e_bottega,_assunzione_della_vergine.JPG",https://upload.wikimedia.org/wikipedia/commons/7/75/Rubens_e_bottega%2C_assunzione_della_vergine.JPG,Own work,Sailko,,inventory_match,auto,2026-07-29,
000PE016323,rejete,inventory_number,unknown,,PORTRAIT D'HOMME EN BRUN (COUSTOU?),musée Grobet-Labadié,Hyacinthe Rigaud,Q105534781,,,,,,,inventory_match,auto,2026-07-29,
000PE016323,rejete,inventory_number,unknown,,PORTRAIT D'HOMME EN BRUN (COUSTOU?),musée Grobet-Labadié,Hyacinthe Rigaud,Q120674294,,,,,,,inventory_match,auto,2026-07-29,
000PE016323,rejete,inventory_number,open,Public domain,PORTRAIT D'HOMME EN BRUN (COUSTOU?),musée Grobet-Labadié,Hyacinthe Rigaud,Q111395926,"Rubens - RKDimages, 248168.jpg","https://commons.wikimedia.org/wiki/File:Rubens_-_RKDimages,_248168.jpg",https://upload.wikimedia.org/wikipedia/commons/4/44/Rubens_-_RKDimages%2C_248168.jpg,https://rkd.nl/nl/explore/images/,Peter Paul Rubens,,inventory_match,auto,2026-07-29,
000PE016323,rejete,inventory_number,open,CC BY 3.0,PORTRAIT D'HOMME EN BRUN (COUSTOU?),musée Grobet-Labadié,Hyacinthe Rigaud,Q117756937,"Gualtiero baynes, orti nella vecchia via frusa a firenze, 1890-1905 ca.jpg","https://commons.wikimedia.org/wiki/File:Gualtiero_baynes,_orti_nella_vecchia_via_frusa_a_firenze,_1890-1905_ca.jpg",https://upload.wikimedia.org/wikipedia/commons/c/c8/Gualtiero_baynes%2C_orti_nella_vecchia_via_frusa_a_firenze%2C_1890-1905_ca.jpg,Own work,Sailko,https://creativecommons.org/licenses/by/3.0,inventory_match,auto,2026-07-29,
000PE016353,rejete,inventory_number,open,Public domain,MARINE,musée Grobet-Labadié,Joseph Vernet,Q20198435,Edward Burne-Jones - The Doom Fulfilled.jpg,https://commons.wikimedia.org/wiki/File:Edward_Burne-Jones_-_The_Doom_Fulfilled.jpg,https://upload.wikimedia.org/wikipedia/commons/8/8d/Edward_Burne-Jones_-_The_Doom_Fulfilled.jpg,Staatsgalerie Stuttgart,Edward Burne-Jones,,inventory_match,auto,2026-07-29,
000PE016353,rejete,inventory_number,open,Public domain,MARINE,musée Grobet-Labadié,Joseph Vernet,Q111648434,Anthonis van Dyck (1599-1641) - Martyrium des Heiligen Sebastian - 3109 - Führermuseum.jpg,https://commons.wikimedia.org/wiki/File:Anthonis_van_Dyck_(1599-1641)_-_Martyrium_des_Heiligen_Sebastian_-_3109_-_F%C3%BChrermuseum.jpg,https://upload.wikimedia.org/wikipedia/commons/3/3b/Anthonis_van_Dyck_%281599-1641%29_-_Martyrium_des_Heiligen_Sebastian_-_3109_-_F%C3%BChrermuseum.jpg,Deutsches Historisches Museum,Anthony van Dyck,,inventory_match,auto,2026-07-29,
000PE016750,rejete,inventory_number,open,Public domain,PORTRAIT DE MARIE DE BEAUMONT,musée Cantini,Ingres,Q126838154,Niklaus Manuel Deutsch 007.jpg,https://commons.wikimedia.org/wiki/File:Niklaus_Manuel_Deutsch_007.jpg,https://upload.wikimedia.org/wikipedia/commons/8/8c/Niklaus_Manuel_Deutsch_007.jpg,"The Yorck Project (2002) 10.000 Meisterwerke der Malerei (DVD-ROM), distributed by DIRECTMEDIA Publishing GmbH. ISBN : 3936122202 .",Niklaus Manuel,,inventory_match,auto,2026-07-29,
000PE016750,rejete,inventory_number,unknown,,PORTRAIT DE MARIE DE BEAUMONT,musée Cantini,Ingres,Q138416293,,,,,,,inventory_match,auto,2026-07-29,
000PE016750,rejete,inventory_number,unknown,,PORTRAIT DE MARIE DE BEAUMONT,musée Cantini,Ingres,Q122680845,,,,,,,inventory_match,auto,2026-07-29,
000PE019554,rejete,inventory_number,open,Public domain,PAYSAGE,musée des Beaux-Arts,Salvator Rosa,Q115676415,Spring Tusculum Louvre P29 n1.jpg,https://commons.wikimedia.org/wiki/File:Spring_Tusculum_Louvre_P29_n1.jpg,https://upload.wikimedia.org/wikipedia/commons/d/d2/Spring_Tusculum_Louvre_P29_n1.jpg,Own work,Marie-Lan Nguyen,,inventory_match,auto,2026-07-29,
000PE021397,rejete,inventory_number,open,CC BY-SA 4.0,Le Sauveur du monde,musée des beaux-arts,Hyacinthe Rigaud,Q55655982,MSR-26352-MS-a.JPG,https://commons.wikimedia.org/wiki/File:MSR-26352-MS-a.JPG,https://upload.wikimedia.org/wikipedia/commons/8/8b/MSR-26352-MS-a.JPG,musée Saint-Raymond,"Mathieu Scapin, musée Saint-Raymond",https://creativecommons.org/licenses/by-sa/4.0,inventory_match,auto,2026-07-29,
000PE021397,rejete,inventory_number,open,CC BY-SA 4.0,Le Sauveur du monde,musée des beaux-arts,Hyacinthe Rigaud,Q64223631,"Courbet - Winterlandschaft, um 1866.jpg","https://commons.wikimedia.org/wiki/File:Courbet_-_Winterlandschaft,_um_1866.jpg",https://upload.wikimedia.org/wikipedia/commons/b/bf/Courbet_-_Winterlandschaft%2C_um_1866.jpg,https://www.buehrle.ch/sammlung/artwork/by/artist/gustave-courbet/,Gustave Courbet,https://creativecommons.org/licenses/by-sa/4.0,inventory_match,auto,2026-07-29,
000PE021397,rejete,inventory_number,open,Public domain,Le Sauveur du monde,musée des beaux-arts,Hyacinthe Rigaud,Q43306486,Paysage - anonyme - musée d'art et d'histoire de Saint-Brieucb.jpg,https://commons.wikimedia.org/wiki/File:Paysage_-_anonyme_-_mus%C3%A9e_d%27art_et_d%27histoire_de_Saint-Brieucb.jpg,https://upload.wikimedia.org/wikipedia/commons/c/c0/Paysage_-_anonyme_-_mus%C3%A9e_d%27art_et_d%27histoire_de_Saint-Brieucb.jpg,Musée d'art et d'histoire de Saint-Brieuc,anonymous,,inventory_match,auto,2026-07-29,
000PE021397,rejete,inventory_number,unknown,,Le Sauveur du monde,musée des beaux-arts,Hyacinthe Rigaud,Q22979702,,,,,,,inventory_match,auto,2026-07-29,
000PE021397,rejete,inventory_number,open,Public domain,Le Sauveur du monde,musée des beaux-arts,Hyacinthe Rigaud,Q3949520,Vittore Carpaccio (um 1460-65 - 1525-26) - The Ordination of St. Stephen - 23 - Gemäldegalerie.jpg,https://commons.wikimedia.org/wiki/File:Vittore_Carpaccio_(um_1460-65_-_1525-26)_-_The_Ordination_of_St._Stephen_-_23_-_Gem%C3%A4ldegalerie.jpg,https://upload.wikimedia.org/wikipedia/commons/7/73/Vittore_Carpaccio_%28um_1460-65_-_1525-26%29_-_The_Ordination_of_St._Stephen_-_23_-_Gem%C3%A4ldegalerie.jpg,Staatliche Museen zu Berlin,Vittore Carpaccio,,inventory_match,auto,2026-07-29,
000PE021397,rejete,inventory_number,unknown,,Le Sauveur du monde,musée des beaux-arts,Hyacinthe Rigaud,Q29211963,,,,,,,inventory_match,auto,2026-07-29,
000PE021397,rejete,inventory_number,open,Public domain,Le Sauveur du monde,musée des beaux-arts,Hyacinthe Rigaud,Q121502473,Jean de bellambe immaculée conception.JPG,https://commons.wikimedia.org/wiki/File:Jean_de_bellambe_immacul%C3%A9e_conception.JPG,https://upload.wikimedia.org/wikipedia/commons/9/9d/Jean_de_bellambe_immacul%C3%A9e_conception.JPG,"Own work , Serge Ottaviani , 29 March 2007",Jehan Bellegambe,,inventory_match,auto,2026-07-29,
000PE031402,rejete,inventory_number,unknown,,ECCE HOMO,musée Crozatier,Guido Reni,Q107296544,,,,,,,inventory_match,auto,2026-07-29,
02470000028,rejete,inventory_number,unknown,,Le banquet de Térée,musée Bertrand,Rubens,Q22999226,,,,,,,inventory_match,auto,2026-07-29,
02470000028,rejete,inventory_number,unknown,,Le banquet de Térée,musée Bertrand,Rubens,Q138414429,,,,,,,inventory_match,auto,2026-07-29,
02470000028,rejete,inventory_number,open,CC BY-SA 4.0,Le banquet de Térée,musée Bertrand,Rubens,Q118956032,Musée d'Ensérune - Coupe de Procris et Céphale 01.jpg,https://commons.wikimedia.org/wiki/File:Mus%C3%A9e_d%27Ens%C3%A9rune_-_Coupe_de_Procris_et_C%C3%A9phale_01.jpg,https://upload.wikimedia.org/wikipedia/commons/0/01/Mus%C3%A9e_d%27Ens%C3%A9rune_-_Coupe_de_Procris_et_C%C3%A9phale_01.jpg,Own work,Tylwyth Eldar,https://creativecommons.org/licenses/by-sa/4.0,inventory_match,auto,2026-07-29,
02470000028,rejete,inventory_number,unknown,,Le banquet de Térée,musée Bertrand,Rubens,Q50976222,,,,,,,inventory_match,auto,2026-07-29,
04000000110,rejete,inventory_number,open,Public domain,Intérieur de cabaret,musée Lambinet,David Téniers,Q53679580,Corneille de Lyon - Portrait de Charles d'Orléans - Musée Bonnat.jpg,https://commons.wikimedia.org/wiki/File:Corneille_de_Lyon_-_Portrait_de_Charles_d%27Orl%C3%A9ans_-_Mus%C3%A9e_Bonnat.jpg,https://upload.wikimedia.org/wikipedia/commons/f/ff/Corneille_de_Lyon_-_Portrait_de_Charles_d%27Orl%C3%A9ans_-_Mus%C3%A9e_Bonnat.jpg,Bridgeman Berlin [1],Corneille de Lyon,,inventory_match,auto,2026-07-29,
04000000110,rejete,inventory_number,open,Public domain,Intérieur de cabaret,musée Lambinet,David Téniers,Q15978422,The little milk-girl - Martin Drolling.jpg,https://commons.wikimedia.org/wiki/File:The_little_milk-girl_-_Martin_Drolling.jpg,https://upload.wikimedia.org/wikipedia/commons/f/f5/The_little_milk-girl_-_Martin_Drolling.jpg,Own work,Martin Drolling,,inventory_match,auto,2026-07-29,
04000000110,rejete,inventory_number,unknown,,Intérieur de cabaret,musée Lambinet,David Téniers,Q22256451,,,,,,,inventory_match,auto,2026-07-29,
04000000110,rejete,inventory_number,unknown,,Intérieur de cabaret,musée Lambinet,David Téniers,Q138427957,,,,,,,inventory_match,auto,2026-07-29,
04000000110,rejete,inventory_number,open,Public domain,Intérieur de cabaret,musée Lambinet,David Téniers,Q131940144,Bemberg Fondation Toulouse - Vierge à l'Enfant - Adriaen Isenbrant - Huile sur panneau - Inv.1027.jpg,https://commons.wikimedia.org/wiki/File:Bemberg_Fondation_Toulouse_-_Vierge_%C3%A0_l%27Enfant_-_Adriaen_Isenbrant_-_Huile_sur_panneau_-_Inv.1027.jpg,https://upload.wikimedia.org/wikipedia/commons/f/f8/Bemberg_Fondation_Toulouse_-_Vierge_%C3%A0_l%27Enfant_-_Adriaen_Isenbrant_-_Huile_sur_panneau_-_Inv.1027.jpg,Own work,Didier Descouens,,inventory_match,auto,2026-07-29,
04000000116,rejete,inventory_number,unknown,,Homme fumant la pipe,musée Lambinet,David Téniers,Q138415115,,,,,,,inventory_match,auto,2026-07-29,
04000000116,rejete,inventory_number,unknown,,Homme fumant la pipe,musée Lambinet,David Téniers,Q23000458,,,,,,,inventory_match,auto,2026-07-29,
04000000116,rejete,inventory_number,open,Public domain,Homme fumant la pipe,musée Lambinet,David Téniers,Q50990980,"Bono da Ferrara - Madonna e Bambino - Museo Belle Arti, Budapest.jpg","https://commons.wikimedia.org/wiki/File:Bono_da_Ferrara_-_Madonna_e_Bambino_-_Museo_Belle_Arti,_Budapest.jpg",https://upload.wikimedia.org/wikipedia/commons/a/a6/Bono_da_Ferrara_-_Madonna_e_Bambino_-_Museo_Belle_Arti%2C_Budapest.jpg,http://www.szepmuveszeti.hu/lista_eng?search_text=bono+da+ferrara&search_inventory_number=,Bono da Ferrara,,inventory_match,auto,2026-07-29,
04000000116,rejete,inventory_number,unknown,,Homme fumant la pipe,musée Lambinet,David Téniers,Q112056931,,,,,,,inventory_match,auto,2026-07-29,
04000000116,rejete,inventory_number,unknown,,Homme fumant la pipe,musée Lambinet,David Téniers,Q124331210,,,,,,,inventory_match,auto,2026-07-29,
04000000120,rejete,inventory_number,unknown,,Homme assis tenant une cruche,musée Lambinet,David Téniers,Q138415272,,,,,,,inventory_match,auto,2026-07-29,
04000000120,rejete,inventory_number,open,Public domain,Homme assis tenant une cruche,musée Lambinet,David Téniers,Q65962789,"Philips Wouwerman - Start of the Hunt, with Almoners 4N6W3 L06031-8-1.jpg","https://commons.wikimedia.org/wiki/File:Philips_Wouwerman_-_Start_of_the_Hunt,_with_Almoners_4N6W3_L06031-8-1.jpg",https://upload.wikimedia.org/wikipedia/commons/1/11/Philips_Wouwerman_-_Start_of_the_Hunt%2C_with_Almoners_4N6W3_L06031-8-1.jpg,https://www.sothebys.com/en/auctions/ecatalogue/2006/old-master-paintings-l06031/lot.8.html,Philips Wouwerman,,inventory_match,auto,2026-07-29,
04000000120,rejete,inventory_number,unknown,,Homme assis tenant une cruche,musée Lambinet,David Téniers,Q23000460,,,,,,,inventory_match,auto,2026-07-29,
04000000120,rejete,inventory_number,open,Public domain,Homme assis tenant une cruche,musée Lambinet,David Téniers,Q20010722,Pieter de Hooch - Company Making Music - WGA11711.jpg,https://commons.wikimedia.org/wiki/File:Pieter_de_Hooch_-_Company_Making_Music_-_WGA11711.jpg,https://upload.wikimedia.org/wikipedia/commons/a/af/Pieter_de_Hooch_-_Company_Making_Music_-_WGA11711.jpg,"Web Gallery of Art : Image Info about artwork wga QS:P11807,""h/hooch/3/47hooch""",Pieter de Hooch,,inventory_match,auto,2026-07-29,
04000000120,rejete,inventory_number,unknown,,Homme assis tenant une cruche,musée Lambinet,David Téniers,Q112056938,,,,,,,inventory_match,auto,2026-07-29,
04000000182,rejete,inventory_number,open,Public domain,Erigone vaincue,musée Lambinet,Boucher,Q10901792,"Midas und Bacchus, um 1624.jpg","https://commons.wikimedia.org/wiki/File:Midas_und_Bacchus,_um_1624.jpg",https://upload.wikimedia.org/wikipedia/commons/5/58/Midas_und_Bacchus%2C_um_1624.jpg,https://www.sammlung.pinakothek.de/de/artwork/Qlx2QeQ4Xq,Nicolas Poussin,,inventory_match,auto,2026-07-29,
04000001600,rejete,inventory_number,unknown,,Marine : entrée d'un port,musée Lambinet,Joseph Vernet,Q123738357,,,,,,,inventory_match,auto,2026-07-29,
04000001600,rejete,inventory_number,unknown,,Marine : entrée d'un port,musée Lambinet,Joseph Vernet,Q22999199,,,,,,,inventory_match,auto,2026-07-29,
04000001600,rejete,inventory_number,unknown,,Marine : entrée d'un port,musée Lambinet,Joseph Vernet,Q138414459,,,,,,,inventory_match,auto,2026-07-29,
04000006641,rejete,inventory_number,open,Public domain,Arrestation de Charlotte Corday,musée Lambinet,Louis Léopold Boilly,Q16684015,Fedor Vasilev - The Thaw.JPG,https://commons.wikimedia.org/wiki/File:Fedor_Vasilev_-_The_Thaw.JPG,https://upload.wikimedia.org/wikipedia/commons/0/05/Fedor_Vasilev_-_The_Thaw.JPG,[1],Fyodor Vasilyev,,inventory_match,auto,2026-07-29,
04000006641,rejete,inventory_number,unknown,,Arrestation de Charlotte Corday,musée Lambinet,Louis Léopold Boilly,Q138414513,,,,,,,inventory_match,auto,2026-07-29,
04000006641,rejete,inventory_number,unknown,,Arrestation de Charlotte Corday,musée Lambinet,Louis Léopold Boilly,Q122680960,,,,,,,inventory_match,auto,2026-07-29,
04450000740,rejete,inventory_number,open,Public domain,Judith tenant la tête d'Holopherne,Palais-musée des Archevêques de Narbonne,Le Guerchin,Q124836272,Claude Arnulphy - Portrait du Président Michel Antoine d'Albert de Saint-Hippolyte (1719-1795) 02.jpg,https://commons.wikimedia.org/wiki/File:Claude_Arnulphy_-_Portrait_du_Pr%C3%A9sident_Michel_Antoine_d%27Albert_de_Saint-Hippolyte_(1719-1795)_02.jpg,https://upload.wikimedia.org/wikipedia/commons/f/f5/Claude_Arnulphy_-_Portrait_du_Pr%C3%A9sident_Michel_Antoine_d%27Albert_de_Saint-Hippolyte_%281719-1795%29_02.jpg,"Own work , Tylwyth Eldar , 2024-03-09 13:43:01",Claude Arnulphy,,inventory_match,auto,2026-07-29,
04450000740,rejete,inventory_number,open,Public domain,Judith tenant la tête d'Holopherne,Palais-musée des Archevêques de Narbonne,Le Guerchin,Q19861910,"Gerome - An Idyll, 1852.jpg","https://commons.wikimedia.org/wiki/File:Gerome_-_An_Idyll,_1852.jpg",https://upload.wikimedia.org/wikipedia/commons/0/01/Gerome_-_An_Idyll%2C_1852.jpg,2. Musée Massey athenaeum.org,Jean-Léon Gérôme,,inventory_match,auto,2026-07-29,
04450000740,rejete,inventory_number,open,Public domain,Judith tenant la tête d'Holopherne,Palais-musée des Archevêques de Narbonne,Le Guerchin,Q107650490,(Narbonne) Judith tenant la tête d'Holopherne - Lorenzo Lippi - Musée des Beaux-Arts de Narbonne.jpg,https://commons.wikimedia.org/wiki/File:(Narbonne)_Judith_tenant_la_t%C3%AAte_d%27Holopherne_-_Lorenzo_Lippi_-_Mus%C3%A9e_des_Beaux-Arts_de_Narbonne.jpg,https://upload.wikimedia.org/wikipedia/commons/8/8c/%28Narbonne%29_Judith_tenant_la_t%C3%AAte_d%27Holopherne_-_Lorenzo_Lippi_-_Mus%C3%A9e_des_Beaux-Arts_de_Narbonne.jpg,Own work,Didier Descouens,,inventory_match;title_match,auto,2026-07-29,
04450000800,rejete,inventory_number,open,Public domain,Mendiant recroquevillé,Palais-musée des Archevêques de Narbonne,Ribera,Q107695282,(Narbonne) Mendiant accroupit - Gaspare Traversi - Musée des Beaux-Arts de Narbonne.jpg,https://commons.wikimedia.org/wiki/File:(Narbonne)_Mendiant_accroupit_-_Gaspare_Traversi_-_Mus%C3%A9e_des_Beaux-Arts_de_Narbonne.jpg,https://upload.wikimedia.org/wikipedia/commons/a/ad/%28Narbonne%29_Mendiant_accroupit_-_Gaspare_Traversi_-_Mus%C3%A9e_des_Beaux-Arts_de_Narbonne.jpg,Own work,Didier Descouens,,inventory_match;title_match,auto,2026-07-29,
05120000046,rejete,inventory_number,unknown,,Le Torrent,musée des Beaux-Arts,David Téniers,Q22980829,,,,,,,inventory_match,auto,2026-07-29,
05120000046,rejete,inventory_number,open,Public domain,Le Torrent,musée des Beaux-Arts,David Téniers,Q111651208,"Nîmes,Beaux Arts176.jpg","https://commons.wikimedia.org/wiki/File:N%C3%AEmes,Beaux_Arts176.jpg",https://upload.wikimedia.org/wikipedia/commons/c/c1/N%C3%AEmes%2CBeaux_Arts176.jpg,"Own work , Finoskov , 2017-01-29 16:29:28",Giovanni Paolo Panini,,inventory_match,auto,2026-07-29,
05120000046,rejete,inventory_number,unknown,,Le Torrent,musée des Beaux-Arts,David Téniers,Q122680956,,,,,,,inventory_match;title_match,auto,2026-07-29,
05120000046,rejete,inventory_number,unknown,,Le Torrent,musée des Beaux-Arts,David Téniers,Q50872419,,,,,,,inventory_match,auto,2026-07-29,
05120000046,rejete,inventory_number,open,Public domain,Le Torrent,musée des Beaux-Arts,David Téniers,Q5963059,Jacopo Tintoretto — Creation of the Animals.jpg,https://commons.wikimedia.org/wiki/File:Jacopo_Tintoretto_%E2%80%94_Creation_of_the_Animals.jpg,https://upload.wikimedia.org/wikipedia/commons/8/87/Jacopo_Tintoretto_%E2%80%94_Creation_of_the_Animals.jpg,Own work,Gleb Simonov,,inventory_match,auto,2026-07-29,
05120000046,rejete,inventory_number,unknown,,Le Torrent,musée des Beaux-Arts,David Téniers,Q27000386,,,,,,,inventory_match,auto,2026-07-29,
05120001189,rejete,inventory_number,open,CC BY-SA 4.0,L'Annonciation,musée des Beaux-Arts,Federico Barocci,Q55655934,MSR-26180-MV-a.jpg,https://commons.wikimedia.org/wiki/File:MSR-26180-MV-a.jpg,https://upload.wikimedia.org/wikipedia/commons/7/75/MSR-26180-MV-a.jpg,musée Saint-Raymond,Materia Viva,https://creativecommons.org/licenses/by-sa/4.0,inventory_match,auto,2026-07-29,
05120001189,rejete,inventory_number,open,Public domain,L'Annonciation,musée des Beaux-Arts,Federico Barocci,Q17275718,Ludolf Bakhuysen - The Arrival of Stadholder-King Willem III (1650- 1702) in the Oranjepolder on 31 January 1691 - 6 - Mauritshuis.jpg,https://commons.wikimedia.org/wiki/File:Ludolf_Bakhuysen_-_The_Arrival_of_Stadholder-King_Willem_III_(1650-_1702)_in_the_Oranjepolder_on_31_January_1691_-_6_-_Mauritshuis.jpg,https://upload.wikimedia.org/wikipedia/commons/2/22/Ludolf_Bakhuysen_-_The_Arrival_of_Stadholder-King_Willem_III_%281650-_1702%29_in_the_Oranjepolder_on_31_January_1691_-_6_-_Mauritshuis.jpg,Mauritshuis,Ludolf Bakhuizen,,inventory_match,auto,2026-07-29,
05120001189,rejete,inventory_number,unknown,,L'Annonciation,musée des Beaux-Arts,Federico Barocci,Q22978292,,,,,,,inventory_match;title_match,auto,2026-07-29,
05120001189,rejete,inventory_number,open,CC BY-SA 4.0,L'Annonciation,musée des Beaux-Arts,Federico Barocci,Q29211990,Paris Cathédrale Notre-Dame Innen Schatzkammer 53.jpg,https://commons.wikimedia.org/wiki/File:Paris_Cath%C3%A9drale_Notre-Dame_Innen_Schatzkammer_53.jpg,https://upload.wikimedia.org/wikipedia/commons/6/6c/Paris_Cath%C3%A9drale_Notre-Dame_Innen_Schatzkammer_53.jpg,Own work,Zairon,https://creativecommons.org/licenses/by-sa/4.0,inventory_match,auto,2026-07-29,
05120001189,rejete,inventory_number,unknown,,L'Annonciation,musée des Beaux-Arts,Federico Barocci,Q71844189,,,,,,,inventory_match,auto,2026-07-29,
05120001189,rejete,inventory_number,open,Public domain,L'Annonciation,musée des Beaux-Arts,Federico Barocci,Q64410173,"Eugène Boudin - Berck, pêcheuses sur la plage, marée basse - 6 - Foundation E.G. Bührle Collection.jpg","https://commons.wikimedia.org/wiki/File:Eug%C3%A8ne_Boudin_-_Berck,_p%C3%AAcheuses_sur_la_plage,_mar%C3%A9e_basse_-_6_-_Foundation_E.G._B%C3%BChrle_Collection.jpg",https://upload.wikimedia.org/wikipedia/commons/f/fc/Eug%C3%A8ne_Boudin_-_Berck%2C_p%C3%AAcheuses_sur_la_plage%2C_mar%C3%A9e_basse_-_6_-_Foundation_E.G._B%C3%BChrle_Collection.jpg,Kunsthaus Zürich,Eugène Louis Boudin,,inventory_match,auto,2026-07-29,
05120001189,rejete,inventory_number,open,Public domain,L'Annonciation,musée des Beaux-Arts,Federico Barocci,Q88712211,Arras 05.jpg,https://commons.wikimedia.org/wiki/File:Arras_05.jpg,https://upload.wikimedia.org/wikipedia/commons/c/c7/Arras_05.jpg,"Flanders tapestry at Wawel Royal Castle , Arkady, 1975","Jan de Kempeneer's workshop (design by Michiel Coxie ). Scan made by Marcin Miler, upload by Paweł Drozd Drozdp",,inventory_match,auto,2026-07-29,
05120001189,rejete,inventory_number,unknown,,L'Annonciation,musée des Beaux-Arts,Federico Barocci,Q130730713,,,,,,,inventory_match,auto,2026-07-29,
05120001189,rejete,inventory_number,open,CC BY-SA 4.0,L'Annonciation,musée des Beaux-Arts,Federico Barocci,Q123284216,Rectangles mosaic in Timgad.jpg,https://commons.wikimedia.org/wiki/File:Rectangles_mosaic_in_Timgad.jpg,https://upload.wikimedia.org/wikipedia/commons/2/28/Rectangles_mosaic_in_Timgad.jpg,Own work,Reda Kerbush,https://creativecommons.org/licenses/by-sa/4.0,inventory_match,auto,2026-07-29,
05120002092,rejete,inventory_number,unknown,,Conversion de saint Paul ; Saint Paul terrassé sur le chemin de Damas,musée des Beaux-Arts,Luca Giordano,Q22985945,,,,,,,inventory_match,auto,2026-07-29,
06190001179,rejete,inventory_number,unknown,,Le Cardinal de Richelieu exposé après sa mort sur son lit de parade,musée de la Chartreuse,Philippe de Champaigne,Q138427793,,,,,,,inventory_match,auto,2026-07-29,
06190001179,rejete,inventory_number,unknown,,Le Cardinal de Richelieu exposé après sa mort sur son lit de parade,musée de la Chartreuse,Philippe de Champaigne,Q120685500,,,,,,,inventory_match,auto,2026-07-29,
06190001179,rejete,inventory_number,unknown,,Le Cardinal de Richelieu exposé après sa mort sur son lit de parade,musée de la Chartreuse,Philippe de Champaigne,Q22978303,,,,,,,inventory_match,auto,2026-07-29,
06190001179,rejete,inventory_number,open,Public domain,Le Cardinal de Richelieu exposé après sa mort sur son lit de parade,musée de la Chartreuse,Philippe de Champaigne,Q17275769,J. van Huchtenburg Henry Casimir II Prince of Nassau-Dietz 1692.jpg,https://commons.wikimedia.org/wiki/File:J._van_Huchtenburg_Henry_Casimir_II_Prince_of_Nassau-Dietz_1692.jpg,https://upload.wikimedia.org/wikipedia/commons/b/bb/J._van_Huchtenburg_Henry_Casimir_II_Prince_of_Nassau-Dietz_1692.jpg,www.rijksmuseum.nl : Home : Info : Pic,Jan van Huchtenburgh,,inventory_match,auto,2026-07-29,
06190001179,rejete,inventory_number,unknown,,Le Cardinal de Richelieu exposé après sa mort sur son lit de parade,musée de la Chartreuse,Philippe de Champaigne,Q59522425,,,,,,,inventory_match,auto,2026-07-29,
06190001179,rejete,inventory_number,open,CC BY-SA 4.0,Le Cardinal de Richelieu exposé après sa mort sur son lit de parade,musée de la Chartreuse,Philippe de Champaigne,Q63346504,La Charité MBA.jpg,https://commons.wikimedia.org/wiki/File:La_Charit%C3%A9_MBA.jpg,https://upload.wikimedia.org/wikipedia/commons/f/f0/La_Charit%C3%A9_MBA.jpg,This photograph is preserved by the Museum of Fine Arts of Nancy. It was provided to Wikimedia Commons as part of a cooperation project with Wikimédia France .,"Champaigne, Philippe de",https://creativecommons.org/licenses/by-sa/4.0,inventory_match,auto,2026-07-29,
06190001179,rejete,inventory_number,open,Public domain,Le Cardinal de Richelieu exposé après sa mort sur son lit de parade,musée de la Chartreuse,Philippe de Champaigne,Q15974339,"Magdalena penitente, por Tiziano.jpg","https://commons.wikimedia.org/wiki/File:Magdalena_penitente,_por_Tiziano.jpg",https://upload.wikimedia.org/wikipedia/commons/a/a2/Magdalena_penitente%2C_por_Tiziano.jpg,Uffizi,Titian,,inventory_match,auto,2026-07-29,
06190001179,rejete,inventory_number,open,Public domain,Le Cardinal de Richelieu exposé après sa mort sur son lit de parade,musée de la Chartreuse,Philippe de Champaigne,Q15633390,Egyptian man by Kamal-ol-molk.jpg,https://commons.wikimedia.org/wiki/File:Egyptian_man_by_Kamal-ol-molk.jpg,https://upload.wikimedia.org/wikipedia/commons/b/b8/Egyptian_man_by_Kamal-ol-molk.jpg,https://museum.ical.ir/virtualtour/fa/index.htm,Kamal-ol-molk,,inventory_match,auto,2026-07-29,
06190001179,rejete,inventory_number,open,CC BY-SA 4.0,Le Cardinal de Richelieu exposé après sa mort sur son lit de parade,musée de la Chartreuse,Philippe de Champaigne,Q74260881,La Table Garnie Henri Fantin-Latour 1866.jpg,https://commons.wikimedia.org/wiki/File:La_Table_Garnie_Henri_Fantin-Latour_1866.jpg,https://upload.wikimedia.org/wikipedia/commons/2/2a/La_Table_Garnie_Henri_Fantin-Latour_1866.jpg,Own work,Yelkrokoyade,https://creativecommons.org/licenses/by-sa/4.0,inventory_match,auto,2026-07-29,
06190001179,rejete,inventory_number,unknown,,Le Cardinal de Richelieu exposé après sa mort sur son lit de parade,musée de la Chartreuse,Philippe de Champaigne,Q111651513,,,,,,,inventory_match,auto,2026-07-29,
06190001179,rejete,inventory_number,unknown,,Le Cardinal de Richelieu exposé après sa mort sur son lit de parade,musée de la Chartreuse,Philippe de Champaigne,Q124331209,,,,,,,inventory_match,auto,2026-07-29,
06190001780,rejete,inventory_number,open,CC BY-SA 4.0,Réception de saint Placide et de saint Maur par saint Benoît,musée de la Chartreuse,Van Dyck,Q55655916,MSR-26123-MV-R2.jpg,https://commons.wikimedia.org/wiki/File:MSR-26123-MV-R2.jpg,https://upload.wikimedia.org/wikipedia/commons/8/8a/MSR-26123-MV-R2.jpg,musée Saint-Raymond,Materia Viva,https://creativecommons.org/licenses/by-sa/4.0,inventory_match,auto,2026-07-29,
06190001780,rejete,inventory_number,unknown,,Réception de saint Placide et de saint Maur par saint Benoît,musée de la Chartreuse,Van Dyck,Q120686135,,,,,,,inventory_match,auto,2026-07-29,
06190001780,rejete,inventory_number,unknown,,Réception de saint Placide et de saint Maur par saint Benoît,musée de la Chartreuse,Van Dyck,Q138416159,,,,,,,inventory_match,auto,2026-07-29,
06190001780,rejete,inventory_number,unknown,,Réception de saint Placide et de saint Maur par saint Benoît,musée de la Chartreuse,Van Dyck,Q22979962,,,,,,,inventory_match,auto,2026-07-29,
06190001780,rejete,inventory_number,unknown,,Réception de saint Placide et de saint Maur par saint Benoît,musée de la Chartreuse,Van Dyck,Q59538739,,,,,,,inventory_match,auto,2026-07-29,
06190001780,rejete,inventory_number,unknown,,Réception de saint Placide et de saint Maur par saint Benoît,musée de la Chartreuse,Van Dyck,Q133584179,,,,,,,inventory_match,auto,2026-07-29,
06190001780,rejete,inventory_number,unknown,,Réception de saint Placide et de saint Maur par saint Benoît,musée de la Chartreuse,Van Dyck,Q107456799,,,,,,,inventory_match,auto,2026-07-29,
06190023766,rejete,inventory_number,unknown,,Portrait de Catherine de Médicis,musée de la Chartreuse,Corneille de Lyon,Q138416105,,,,,,,inventory_match,auto,2026-07-29,
06190023766,rejete,inventory_number,unknown,,Portrait de Catherine de Médicis,musée de la Chartreuse,Corneille de Lyon,Q22999219,,,,,,,inventory_match,auto,2026-07-29,
06190023766,rejete,inventory_number,unknown,,Portrait de Catherine de Médicis,musée de la Chartreuse,Corneille de Lyon,Q122680850,,,,,,,inventory_match,auto,2026-07-29,
06570008170,rejete,inventory_number,open,CC BY-SA 4.0,Le Christ au tombeau ; Déploration sur le corps du Christ,musée des beaux-arts,Le Pérugin,Q55655994,MSR-26369-MV-R-a.jpg,https://commons.wikimedia.org/wiki/File:MSR-26369-MV-R-a.jpg,https://upload.wikimedia.org/wikipedia/commons/c/c8/MSR-26369-MV-R-a.jpg,musée Saint-Raymond,Materia Viva,https://creativecommons.org/licenses/by-sa/4.0,inventory_match,auto,2026-07-29,
06570008170,rejete,inventory_number,unknown,,Le Christ au tombeau ; Déploration sur le corps du Christ,musée des beaux-arts,Le Pérugin,Q22992566,,,,,,,inventory_match,auto,2026-07-29,
06570008170,rejete,inventory_number,open,Public domain,Le Christ au tombeau ; Déploration sur le corps du Christ,musée des beaux-arts,Le Pérugin,Q93171202,"Vos, Cornelis de - Holy family - Bildergalerie Sanssouci - Lost art.jpg","https://commons.wikimedia.org/wiki/File:Vos,_Cornelis_de_-_Holy_family_-_Bildergalerie_Sanssouci_-_Lost_art.jpg",https://upload.wikimedia.org/wikipedia/commons/b/b3/Vos%2C_Cornelis_de_-_Holy_family_-_Bildergalerie_Sanssouci_-_Lost_art.jpg,Lost art,Attributed to Cornelis de Vos,,inventory_match,auto,2026-07-29,
06570008170,rejete,inventory_number,open,Public domain,Le Christ au tombeau ; Déploration sur le corps du Christ,musée des beaux-arts,Le Pérugin,Q64174096,Édouard Manet - Oloron-Sainte-Marie.jpg,https://commons.wikimedia.org/wiki/File:%C3%89douard_Manet_-_Oloron-Sainte-Marie.jpg,https://upload.wikimedia.org/wikipedia/commons/2/22/%C3%89douard_Manet_-_Oloron-Sainte-Marie.jpg,Artbook,Édouard Manet,,inventory_match,auto,2026-07-29,
06570008170,rejete,inventory_number,open,Public domain,Le Christ au tombeau ; Déploration sur le corps du Christ,musée des beaux-arts,Le Pérugin,Q1194578,Van Gogh - Garten des Hospitals Saint-Paul3.jpeg,https://commons.wikimedia.org/wiki/File:Van_Gogh_-_Garten_des_Hospitals_Saint-Paul3.jpeg,https://upload.wikimedia.org/wikipedia/commons/b/bf/Van_Gogh_-_Garten_des_Hospitals_Saint-Paul3.jpeg,Copied from an art book,Vincent van Gogh,,inventory_match,auto,2026-07-29,
06570008170,rejete,inventory_number,open,Public domain,Le Christ au tombeau ; Déploration sur le corps du Christ,musée des beaux-arts,Le Pérugin,Q17275765,"Gerrit van Honthorst - Dubbelportret van prins Willem III (1650-1702) en zijn tante Maria, prinses van Oranje (1642- 1688), als kinderen - 64 - Mauritshuis.jpg","https://commons.wikimedia.org/wiki/File:Gerrit_van_Honthorst_-_Dubbelportret_van_prins_Willem_III_(1650-1702)_en_zijn_tante_Maria,_prinses_van_Oranje_(1642-_1688),_als_kinderen_-_64_-_Mauritshuis.jpg",https://upload.wikimedia.org/wikipedia/commons/9/91/Gerrit_van_Honthorst_-_Dubbelportret_van_prins_Willem_III_%281650-1702%29_en_zijn_tante_Maria%2C_prinses_van_Oranje_%281642-_1688%29%2C_als_kinderen_-_64_-_Mauritshuis.jpg,Mauritshuis,Gerard van Honthorst,,inventory_match,auto,2026-07-29,
06570008170,rejete,inventory_number,open,Public domain,Le Christ au tombeau ; Déploration sur le corps du Christ,musée des beaux-arts,Le Pérugin,Q3685123,Fra Bartolomeo - Lamentation - WGA1369.jpg,https://commons.wikimedia.org/wiki/File:Fra_Bartolomeo_-_Lamentation_-_WGA1369.jpg,https://upload.wikimedia.org/wikipedia/commons/e/e9/Fra_Bartolomeo_-_Lamentation_-_WGA1369.jpg,"Web Gallery of Art : Image Info about artwork wga QS:P11807,""b/bartolom/fra/lamentat""",Fra Bartolomeo,,inventory_match,auto,2026-07-29,
06570008170,rejete,inventory_number,unknown,,Le Christ au tombeau ; Déploration sur le corps du Christ,musée des beaux-arts,Le Pérugin,Q29211897,,,,,,,inventory_match,auto,2026-07-29,
06570008170,rejete,inventory_number,unknown,,Le Christ au tombeau ; Déploration sur le corps du Christ,musée des beaux-arts,Le Pérugin,Q71844302,,,,,,,inventory_match,auto,2026-07-29,
06570009240,rejete,inventory_number,open,Public domain,La Vierge et l'Enfant entourés d'anges ; Triomphe de la Vierge,musée des beaux-arts,Le Tintoret,Q474024,Caravaggio - Cupid as Victor - Google Art Project.jpg,https://commons.wikimedia.org/wiki/File:Caravaggio_-_Cupid_as_Victor_-_Google_Art_Project.jpg,https://upload.wikimedia.org/wikipedia/commons/0/0c/Caravaggio_-_Cupid_as_Victor_-_Google_Art_Project.jpg,Google Arts & Culture — HQEQJRFURFe4qg,Caravaggio,,inventory_match,auto,2026-07-29,
06570009240,rejete,inventory_number,open,Public domain,La Vierge et l'Enfant entourés d'anges ; Triomphe de la Vierge,musée des beaux-arts,Le Tintoret,Q136752887,Workshop of Titian - Leda and the Swan.png,https://commons.wikimedia.org/wiki/File:Workshop_of_Titian_-_Leda_and_the_Swan.png,https://upload.wikimedia.org/wikipedia/commons/4/43/Workshop_of_Titian_-_Leda_and_the_Swan.png,LearnFromMasters - Titian: A collection of 255 paintings (HD) www.youtube.com/watch?v=JPg4yvGulyk 25.06-nál Retrieved: 2023.04.29,Workshop of Titian,,inventory_match,auto,2026-07-29,
06570009240,rejete,inventory_number,open,Public domain,La Vierge et l'Enfant entourés d'anges ; Triomphe de la Vierge,musée des beaux-arts,Le Tintoret,Q2500226,"Raffaello, pala baglioni, deposizione.jpg","https://commons.wikimedia.org/wiki/File:Raffaello,_pala_baglioni,_deposizione.jpg",https://upload.wikimedia.org/wikipedia/commons/f/f2/Raffaello%2C_pala_baglioni%2C_deposizione.jpg,aiwaz.net,Raphael,,inventory_match,auto,2026-07-29,
07030017687,rejete,inventory_number,unknown,,"Portrait d'Emmanuel-Théodose de la Tour d'Auvergne, Duc, d'Albert et de Bouillon","musée d'art, histoire et archéologie d'Évreux",Hyacinthe Rigaud,Q136481194,,,,,,,inventory_match,auto,2026-07-29,
07030017687,rejete,inventory_number,open,CC BY-SA 4.0,"Portrait d'Emmanuel-Théodose de la Tour d'Auvergne, Duc, d'Albert et de Bouillon","musée d'art, histoire et archéologie d'Évreux",Hyacinthe Rigaud,Q132456945,Musée d'Aquitaine - Eventail La Chasse.jpg,https://commons.wikimedia.org/wiki/File:Mus%C3%A9e_d%27Aquitaine_-_Eventail_La_Chasse.jpg,https://upload.wikimedia.org/wikipedia/commons/7/70/Mus%C3%A9e_d%27Aquitaine_-_Eventail_La_Chasse.jpg,"Own work , Tylwyth Eldar , 2024-10-29 15:01:59",,https://creativecommons.org/licenses/by-sa/4.0,inventory_match,auto,2026-07-29,
07140009138,rejete,inventory_number,unknown,,Mater Dolorosa,musée Louis Philippe,Philippe de Champaigne,Q138328461,,,,,,,inventory_match,auto,2026-07-29,
07430004686,rejete,inventory_number,unknown,,Quatre têtes d'étude,musée des Beaux-Arts,Carlo Maratti,Q22992373,,,,,,,inventory_match,auto,2026-07-29,
07430004686,rejete,inventory_number,open,CC BY-SA 4.0,Quatre têtes d'étude,musée des Beaux-Arts,Carlo Maratti,Q55655987,MSR-26363-MS-a.JPG,https://commons.wikimedia.org/wiki/File:MSR-26363-MS-a.JPG,https://upload.wikimedia.org/wikipedia/commons/0/00/MSR-26363-MS-a.JPG,musée Saint-Raymond,"Mathieu Scapin, musée Saint-Raymond",https://creativecommons.org/licenses/by-sa/4.0,inventory_match,auto,2026-07-29,
07430004686,rejete,inventory_number,open,Public domain,Quatre têtes d'étude,musée des Beaux-Arts,Carlo Maratti,Q114081367,Francesco Ladatte.jpg,https://commons.wikimedia.org/wiki/File:Francesco_Ladatte.jpg,https://upload.wikimedia.org/wikipedia/commons/f/f6/Francesco_Ladatte.jpg,"Ritratto di Francesco Ladatte, Charles-André van Loo",Facquis,,inventory_match,auto,2026-07-29,
07430004686,rejete,inventory_number,open,Public domain,Quatre têtes d'étude,musée des Beaux-Arts,Carlo Maratti,Q126730446,"Böcklin - Petrarca an der Quelle von Vaucluse, 1867, 103.jpg","https://commons.wikimedia.org/wiki/File:B%C3%B6cklin_-_Petrarca_an_der_Quelle_von_Vaucluse,_1867,_103.jpg",https://upload.wikimedia.org/wikipedia/commons/6/64/B%C3%B6cklin_-_Petrarca_an_der_Quelle_von_Vaucluse%2C_1867%2C_103.jpg,http://sammlungonline.kunstmuseumbasel.ch/eMuseumPlus?service=direct/1/ResultDetailView/result.t1.collection_detail.$TspReferenceLink.link&sp=10&sp=Scollection&sp=SelementList&sp=1&sp=75&sp=999&sp=SdetailView&sp=0&sp=Sdetail&sp=0&sp=F&sp=Sartist&sp=l4709,Arnold Böcklin,,inventory_match,auto,2026-07-29,
07430004686,rejete,inventory_number,unknown,,Quatre têtes d'étude,musée des Beaux-Arts,Carlo Maratti,Q106566011,,,,,,,inventory_match,auto,2026-07-29,
07430004686,rejete,inventory_number,open,Public domain,Quatre têtes d'étude,musée des Beaux-Arts,Carlo Maratti,Q133584152,"Sur la plage de Trouville, Eugène Boudin - 3144 (cropped).jpg","https://commons.wikimedia.org/wiki/File:Sur_la_plage_de_Trouville,_Eug%C3%A8ne_Boudin_-_3144_(cropped).jpg",https://upload.wikimedia.org/wikipedia/commons/e/e3/Sur_la_plage_de_Trouville%2C_Eug%C3%A8ne_Boudin_-_3144_%28cropped%29.jpg,This image has been extracted from another file,Eugène Louis Boudin,,inventory_match,auto,2026-07-29,
07430004686,rejete,inventory_number,open,Public domain,Quatre têtes d'étude,musée des Beaux-Arts,Carlo Maratti,Q64223623,Henri de Toulouse-Lautrec - Messaline - 103 - Foundation E.G. Bührle Collection.jpg,https://commons.wikimedia.org/wiki/File:Henri_de_Toulouse-Lautrec_-_Messaline_-_103_-_Foundation_E.G._B%C3%BChrle_Collection.jpg,https://upload.wikimedia.org/wikipedia/commons/e/e4/Henri_de_Toulouse-Lautrec_-_Messaline_-_103_-_Foundation_E.G._B%C3%BChrle_Collection.jpg,Kunsthaus Zürich,Henri de Toulouse-Lautrec,,inventory_match,auto,2026-07-29,
07430004686,rejete,inventory_number,open,Public domain,Quatre têtes d'étude,musée des Beaux-Arts,Carlo Maratti,Q43306289,"Douleur - Georges Moreau de Tours - musée d'art et d'histoire de Saint-Brieuc, DOC 103b.jpg","https://commons.wikimedia.org/wiki/File:Douleur_-_Georges_Moreau_de_Tours_-_mus%C3%A9e_d%27art_et_d%27histoire_de_Saint-Brieuc,_DOC_103b.jpg",https://upload.wikimedia.org/wikipedia/commons/b/b5/Douleur_-_Georges_Moreau_de_Tours_-_mus%C3%A9e_d%27art_et_d%27histoire_de_Saint-Brieuc%2C_DOC_103b.jpg,Photograph:Gérard Yvergniaux,Georges Moreau de Tours,,inventory_match,auto,2026-07-29,
07430004686,rejete,inventory_number,open,Public domain,Quatre têtes d'étude,musée des Beaux-Arts,Carlo Maratti,Q3630741,"Maerten van Heemskerck - Self-portrait, with the Colosseum, 1553 (Fitzwilliam Museum).jpg","https://commons.wikimedia.org/wiki/File:Maerten_van_Heemskerck_-_Self-portrait,_with_the_Colosseum,_1553_(Fitzwilliam_Museum).jpg",https://upload.wikimedia.org/wikipedia/commons/c/c0/Maerten_van_Heemskerck_-_Self-portrait%2C_with_the_Colosseum%2C_1553_%28Fitzwilliam_Museum%29.jpg,Fitzwilliam Museum,Maarten van Heemskerck,,inventory_match,auto,2026-07-29,
07430004698,rejete,inventory_number,open,CC BY-SA 3.0,Les arbres abattus ; Paysage (Ancien titre),musée des Beaux-Arts,Salvator Rosa,Q130612008,Assomption de la Vierge Italie.JPG,https://commons.wikimedia.org/wiki/File:Assomption_de_la_Vierge_Italie.JPG,https://upload.wikimedia.org/wikipedia/commons/6/68/Assomption_de_la_Vierge_Italie.JPG,Own work,Anonymous Unknown author,https://creativecommons.org/licenses/by-sa/3.0,inventory_match,auto,2026-07-29,
07430004698,rejete,inventory_number,open,Public domain,Les arbres abattus ; Paysage (Ancien titre),musée des Beaux-Arts,Salvator Rosa,Q17275820,"En atelier Jan Anthonisz van Ravesteyn - Portrait of an Officer, possibly Gaspard de Coligny (1584-1646) - 139 - Mauritshuis.jpg","https://commons.wikimedia.org/wiki/File:En_atelier_Jan_Anthonisz_van_Ravesteyn_-_Portrait_of_an_Officer,_possibly_Gaspard_de_Coligny_(1584-1646)_-_139_-_Mauritshuis.jpg",https://upload.wikimedia.org/wikipedia/commons/0/0f/En_atelier_Jan_Anthonisz_van_Ravesteyn_-_Portrait_of_an_Officer%2C_possibly_Gaspard_de_Coligny_%281584-1646%29_-_139_-_Mauritshuis.jpg,Mauritshuis,Jan van Ravesteyn,,inventory_match,auto,2026-07-29,
07430004698,rejete,inventory_number,open,CC BY-SA 4.0,Les arbres abattus ; Paysage (Ancien titre),musée des Beaux-Arts,Salvator Rosa,Q55656032,MSR-26414-MV-R1.jpg,https://commons.wikimedia.org/wiki/File:MSR-26414-MV-R1.jpg,https://upload.wikimedia.org/wikipedia/commons/2/2b/MSR-26414-MV-R1.jpg,musée Saint-Raymond,Materia Viva,https://creativecommons.org/licenses/by-sa/4.0,inventory_match,auto,2026-07-29,
07430004698,rejete,inventory_number,unknown,,Les arbres abattus ; Paysage (Ancien titre),musée des Beaux-Arts,Salvator Rosa,Q22979963,,,,,,,inventory_match,auto,2026-07-29,
07430004698,rejete,inventory_number,unknown,,Les arbres abattus ; Paysage (Ancien titre),musée des Beaux-Arts,Salvator Rosa,Q114761112,,,,,,,inventory_match,auto,2026-07-29,
07430004698,rejete,inventory_number,open,Public domain,Les arbres abattus ; Paysage (Ancien titre),musée des Beaux-Arts,Salvator Rosa,Q18918030,Edouard Dantan Enterrement d'un enfant à Villerville.jpg,https://commons.wikimedia.org/wiki/File:Edouard_Dantan_Enterrement_d%27un_enfant_%C3%A0_Villerville.jpg,https://upload.wikimedia.org/wikipedia/commons/b/ba/Edouard_Dantan_Enterrement_d%27un_enfant_%C3%A0_Villerville.jpg,Own work,Édouard Joseph Dantan,,inventory_match,auto,2026-07-29,
07430004698,rejete,inventory_number,open,CC0,Les arbres abattus ; Paysage (Ancien titre),musée des Beaux-Arts,Salvator Rosa,Q62114011,0139 De leeuw.jpg,https://commons.wikimedia.org/wiki/File:0139_De_leeuw.jpg,https://upload.wikimedia.org/wikipedia/commons/2/26/0139_De_leeuw.jpg,Jakob Smitsmuseum,Jakob Smits,http://creativecommons.org/publicdomain/zero/1.0/deed.en,inventory_match,auto,2026-07-29,
07430004698,rejete,inventory_number,unknown,,Les arbres abattus ; Paysage (Ancien titre),musée des Beaux-Arts,Salvator Rosa,Q114081369,,,,,,,inventory_match,auto,2026-07-29,
07430004969,rejete,inventory_number,open,Public domain,La Charité chrétienne,musée des Beaux-Arts,Guido Reni,Q122828201,"Self-Portrait-1788) by Sir Thomas Lawrence, PRA.jpg","https://commons.wikimedia.org/wiki/File:Self-Portrait-1788)_by_Sir_Thomas_Lawrence,_PRA.jpg",https://upload.wikimedia.org/wikipedia/commons/2/24/Self-Portrait-1788%29_by_Sir_Thomas_Lawrence%2C_PRA.jpg,"Berger Collection: id #49 (Denver, Colorado)",Thomas Lawrence,,inventory_match,auto,2026-07-29,
07430004969,rejete,inventory_number,open,Public domain,La Charité chrétienne,musée des Beaux-Arts,Guido Reni,Q17275754,Jan Davidsz de Heem - Garland of Fruit and Flowers - 49 - Mauritshuis.jpg,https://commons.wikimedia.org/wiki/File:Jan_Davidsz_de_Heem_-_Garland_of_Fruit_and_Flowers_-_49_-_Mauritshuis.jpg,https://upload.wikimedia.org/wikipedia/commons/4/4d/Jan_Davidsz_de_Heem_-_Garland_of_Fruit_and_Flowers_-_49_-_Mauritshuis.jpg,Mauritshuis,Jan Davidsz. de Heem,,inventory_match,auto,2026-07-29,
07430004969,rejete,inventory_number,open,Public domain,La Charité chrétienne,musée des Beaux-Arts,Guido Reni,Q26220279,Vincent van Gogh - Le Semeur au soleil couchant - 49 - Foundation E.G. Bührle Collection.jpg,https://commons.wikimedia.org/wiki/File:Vincent_van_Gogh_-_Le_Semeur_au_soleil_couchant_-_49_-_Foundation_E.G._B%C3%BChrle_Collection.jpg,https://upload.wikimedia.org/wikipedia/commons/5/52/Vincent_van_Gogh_-_Le_Semeur_au_soleil_couchant_-_49_-_Foundation_E.G._B%C3%BChrle_Collection.jpg,Kunsthaus Zürich,Vincent van Gogh,,inventory_match,auto,2026-07-29,
07430004969,rejete,inventory_number,open,Public domain,La Charité chrétienne,musée des Beaux-Arts,Guido Reni,Q17632673,John Opie (1761-1807) - The Murder of Rizzio - 49 - Guildhall Art Gallery.jpg,https://commons.wikimedia.org/wiki/File:John_Opie_(1761-1807)_-_The_Murder_of_Rizzio_-_49_-_Guildhall_Art_Gallery.jpg,https://upload.wikimedia.org/wikipedia/commons/8/8f/John_Opie_%281761-1807%29_-_The_Murder_of_Rizzio_-_49_-_Guildhall_Art_Gallery.jpg,Art UK,William Allan / John Opie,,inventory_match,auto,2026-07-29,
07430004969,rejete,inventory_number,unknown,,La Charité chrétienne,musée des Beaux-Arts,Guido Reni,Q22979720,,,,,,,inventory_match,auto,2026-07-29,
07430004969,rejete,inventory_number,unknown,,La Charité chrétienne,musée des Beaux-Arts,Guido Reni,Q29211917,,,,,,,inventory_match,auto,2026-07-29,
07430004969,rejete,inventory_number,unknown,,La Charité chrétienne,musée des Beaux-Arts,Guido Reni,Q29211918,,,,,,,inventory_match,auto,2026-07-29,
07430004969,rejete,inventory_number,unknown,,La Charité chrétienne,musée des Beaux-Arts,Guido Reni,Q29211920,,,,,,,inventory_match,auto,2026-07-29,
07430004969,rejete,inventory_number,unknown,,La Charité chrétienne,musée des Beaux-Arts,Guido Reni,Q71844267,,,,,,,inventory_match,auto,2026-07-29,
07430004969,rejete,inventory_number,unknown,,La Charité chrétienne,musée des Beaux-Arts,Guido Reni,Q106565856,,,,,,,inventory_match,auto,2026-07-29,
07430004969,rejete,inventory_number,open,CC0,La Charité chrétienne,musée des Beaux-Arts,Guido Reni,Q62113925,0049 Boby.jpg,https://commons.wikimedia.org/wiki/File:0049_Boby.jpg,https://upload.wikimedia.org/wikipedia/commons/1/1d/0049_Boby.jpg,Jakob Smitsmuseum,Jakob Smits,http://creativecommons.org/publicdomain/zero/1.0/deed.en,inventory_match,auto,2026-07-29,
07430005048,rejete,inventory_number,unknown,,Paysage animé,musée des Beaux-Arts,Salvator Rosa,Q22998660,,,,,,,inventory_match,auto,2026-07-29,
07430005048,rejete,inventory_number,open,Public domain,Paysage animé,musée des Beaux-Arts,Salvator Rosa,Q106368235,"Hans Holbein d. J. - Adam und Eva, 1517.jpg","https://commons.wikimedia.org/wiki/File:Hans_Holbein_d._J._-_Adam_und_Eva,_1517.jpg",https://upload.wikimedia.org/wikipedia/commons/6/69/Hans_Holbein_d._J._-_Adam_und_Eva%2C_1517.jpg,http://sammlungonline.kunstmuseumbasel.ch/eMuseumPlus?service=direct/1/ResultDetailView/result.inline.moduleContextFunctionBar.navigator.back&sp=13&sp=Sartist&sp=SfilterDefinition&sp=0&sp=2&sp=1&sp=SdetailView&sp=11&sp=Sdetail&sp=0&sp=T&sp=0&sp=SdetailList&sp=25&sp=0,Hans Holbein the Younger,,inventory_match,auto,2026-07-29,
07430005116,rejete,inventory_number,unknown,,L'Ange gardien,musée des Beaux-Arts,Carlo Maratti,Q22980179,,,,,,,inventory_match,auto,2026-07-29,
07430005116,rejete,inventory_number,open,Public domain,L'Ange gardien,musée des Beaux-Arts,Carlo Maratti,Q3898507,Jan Brueghel de Oude en Peter Paul Rubens - Het aards paradijs met de zondeval van Adam en Eva.jpg,https://commons.wikimedia.org/wiki/File:Jan_Brueghel_de_Oude_en_Peter_Paul_Rubens_-_Het_aards_paradijs_met_de_zondeval_van_Adam_en_Eva.jpg,https://upload.wikimedia.org/wikipedia/commons/6/6d/Jan_Brueghel_de_Oude_en_Peter_Paul_Rubens_-_Het_aards_paradijs_met_de_zondeval_van_Adam_en_Eva.jpg,Geheugen van Nederland : Home : Info : Pic,Peter Paul Rubens / Jan Brueghel the Elder,,inventory_match,auto,2026-07-29,
07430005116,rejete,inventory_number,open,Public domain,L'Ange gardien,musée des Beaux-Arts,Carlo Maratti,Q97614014,Portrait de Victor Hugo sur fond de Notre-Dame de Reims - Jean Alaux.jpg,https://commons.wikimedia.org/wiki/File:Portrait_de_Victor_Hugo_sur_fond_de_Notre-Dame_de_Reims_-_Jean_Alaux.jpg,https://upload.wikimedia.org/wikipedia/commons/8/8a/Portrait_de_Victor_Hugo_sur_fond_de_Notre-Dame_de_Reims_-_Jean_Alaux.jpg,http://parismuseescollections.paris.fr/fr/maison-de-victor-hugo/oeuvres/portrait-de-victor-hugo-sur-fond-de-notre-dame-de-reims,Jean Alaux (1786-1864),,inventory_match,auto,2026-07-29,
07430005144,rejete,inventory_number,unknown,,Paysage. Soldats dans un ravin,musée des Beaux-Arts,Salvator Rosa,Q22980550,,,,,,,inventory_match,auto,2026-07-29,
07430005210,rejete,inventory_number,open,Public domain,Tobie et l'ange,musée des Beaux-Arts,Simon Vouet,Q93732300,Sustermans Portrait of a prince.jpg,https://commons.wikimedia.org/wiki/File:Sustermans_Portrait_of_a_prince.jpg,https://upload.wikimedia.org/wikipedia/commons/d/db/Sustermans_Portrait_of_a_prince.jpg,www.accademiasanluca.eu,Attributed to Justus Sustermans / Formerly attributed to Anthony van Dyck,,inventory_match,auto,2026-07-29,
07430005210,rejete,inventory_number,open,CC0,Tobie et l'ange,musée des Beaux-Arts,Simon Vouet,Q3842482,Bellini — Madonna and Child 1510.jpg,https://commons.wikimedia.org/wiki/File:Bellini_%E2%80%94_Madonna_and_Child_1510.jpg,https://upload.wikimedia.org/wikipedia/commons/a/a8/Bellini_%E2%80%94_Madonna_and_Child_1510.jpg,Own work,Gleb Simonov,http://creativecommons.org/publicdomain/zero/1.0/deed.en,inventory_match,auto,2026-07-29,
07430005210,rejete,inventory_number,unknown,,Tobie et l'ange,musée des Beaux-Arts,Simon Vouet,Q22980103,,,,,,,inventory_match,auto,2026-07-29,
07430005210,rejete,inventory_number,open,Public domain,Tobie et l'ange,musée des Beaux-Arts,Simon Vouet,Q20177276,Salomon van Ruysdael - Rivierlandschap met veerpont (1649).jpg,https://commons.wikimedia.org/wiki/File:Salomon_van_Ruysdael_-_Rivierlandschap_met_veerpont_(1649).jpg,https://upload.wikimedia.org/wikipedia/commons/9/90/Salomon_van_Ruysdael_-_Rivierlandschap_met_veerpont_%281649%29.jpg,"1. www.nga.gov : National Gallery of Art, Washington, D. C., online collection",Salomon van Ruysdael,,inventory_match,auto,2026-07-29,
07430005210,rejete,inventory_number,open,Public domain,Tobie et l'ange,musée des Beaux-Arts,Simon Vouet,Q17343119,Prins Balthasar Carlos (1629-46). Zoon van de Spaanse koning Philips IV op ongeveer elfjarige leeftijd Rijksmuseum SK-C-1362.jpeg,https://commons.wikimedia.org/wiki/File:Prins_Balthasar_Carlos_(1629-46)._Zoon_van_de_Spaanse_koning_Philips_IV_op_ongeveer_elfjarige_leeftijd_Rijksmuseum_SK-C-1362.jpeg,https://upload.wikimedia.org/wikipedia/commons/6/63/Prins_Balthasar_Carlos_%281629-46%29._Zoon_van_de_Spaanse_koning_Philips_IV_op_ongeveer_elfjarige_leeftijd_Rijksmuseum_SK-C-1362.jpeg,www.rijksmuseum.nl : Home : Info : Pic,Attributed to Juan Bautista Martínez del Mazo,,inventory_match,auto,2026-07-29,
07430005210,rejete,inventory_number,open,Public domain,Tobie et l'ange,musée des Beaux-Arts,Simon Vouet,Q20537069,Jacob van Ruisdael - Mountain Torrent KMSsp569.jpg,https://commons.wikimedia.org/wiki/File:Jacob_van_Ruisdael_-_Mountain_Torrent_KMSsp569.jpg,https://upload.wikimedia.org/wikipedia/commons/a/a7/Jacob_van_Ruisdael_-_Mountain_Torrent_KMSsp569.jpg,http://collection.smk.dk/#/en/detail/KMSsp569,Jacob van Ruisdael,,inventory_match,auto,2026-07-29,
07430005210,rejete,inventory_number,open,Public domain,Tobie et l'ange,musée des Beaux-Arts,Simon Vouet,Q133451713,"Portrait d'un gentilhomme, sa fille et une servante, par Lavinia Fontana.jpg","https://commons.wikimedia.org/wiki/File:Portrait_d%27un_gentilhomme,_sa_fille_et_une_servante,_par_Lavinia_Fontana.jpg",https://upload.wikimedia.org/wikipedia/commons/1/13/Portrait_d%27un_gentilhomme%2C_sa_fille_et_une_servante%2C_par_Lavinia_Fontana.jpg,https://pop-perf-assets.s3.gra.io.cloud.ovh.net/joconde/06190001399/0001028.jpg,Lavinia Fontana,,inventory_match,auto,2026-07-29,
07430005253,rejete,inventory_number,open,Public domain,Putto,musée des Beaux-Arts,Nicolas Poussin,Q24396654,De Vos Tochter Susanne@Städel Museum Frankfurt20170818.jpg,https://commons.wikimedia.org/wiki/File:De_Vos_Tochter_Susanne@St%C3%A4del_Museum_Frankfurt20170818.jpg,https://upload.wikimedia.org/wikipedia/commons/7/7e/De_Vos_Tochter_Susanne%40St%C3%A4del_Museum_Frankfurt20170818.jpg,uploader was Hajotthu at de.wikipedia,Cornelis de Vos,,inventory_match,auto,2026-07-29,
07430005253,rejete,inventory_number,open,Public domain,Putto,musée des Beaux-Arts,Nicolas Poussin,Q111075071,1616 Rubens Himmelfahrt Mariens anagoria.jpg,https://commons.wikimedia.org/wiki/File:1616_Rubens_Himmelfahrt_Mariens_anagoria.jpg,https://upload.wikimedia.org/wikipedia/commons/f/f9/1616_Rubens_Himmelfahrt_Mariens_anagoria.jpg,anagoria,Peter Paul Rubens,,inventory_match,auto,2026-07-29,
07430005253,rejete,inventory_number,open,Public domain,Putto,musée des Beaux-Arts,Nicolas Poussin,Q97606172,"Jeannin, Georges - Les fleurs et les couronnes de la chambre mortuaire - 763 - Maison de Victor Hugo.jpg","https://commons.wikimedia.org/wiki/File:Jeannin,_Georges_-_Les_fleurs_et_les_couronnes_de_la_chambre_mortuaire_-_763_-_Maison_de_Victor_Hugo.jpg",https://upload.wikimedia.org/wikipedia/commons/d/dd/Jeannin%2C_Georges_-_Les_fleurs_et_les_couronnes_de_la_chambre_mortuaire_-_763_-_Maison_de_Victor_Hugo.jpg,Paris Musées,Georges Jeannin,,inventory_match,auto,2026-07-29,
07430005253,rejete,inventory_number,unknown,,Putto,musée des Beaux-Arts,Nicolas Poussin,Q23465023,,,,,,,inventory_match,auto,2026-07-29,
07430005266,rejete,inventory_number,open,Public domain,Putto,musée des Beaux-Arts,Nicolas Poussin,Q9391482,Omgeving van Dirk Bouts - The Resurrection of Christ - 762 - Mauritshuis.jpg,https://commons.wikimedia.org/wiki/File:Omgeving_van_Dirk_Bouts_-_The_Resurrection_of_Christ_-_762_-_Mauritshuis.jpg,https://upload.wikimedia.org/wikipedia/commons/0/05/Omgeving_van_Dirk_Bouts_-_The_Resurrection_of_Christ_-_762_-_Mauritshuis.jpg,Mauritshuis,Circle of Dieric Bouts,,inventory_match,auto,2026-07-29,
07430005266,rejete,inventory_number,open,Public domain,Putto,musée des Beaux-Arts,Nicolas Poussin,Q30095054,Johann Heinrich Roos - Selbstbildnis - 762 - Bavarian State Painting Collections.jpg,https://commons.wikimedia.org/wiki/File:Johann_Heinrich_Roos_-_Selbstbildnis_-_762_-_Bavarian_State_Painting_Collections.jpg,https://upload.wikimedia.org/wikipedia/commons/9/97/Johann_Heinrich_Roos_-_Selbstbildnis_-_762_-_Bavarian_State_Painting_Collections.jpg,https://www.sammlung.pinakothek.de/en/bookmark/artwork/apG9OzDdxZ,Johann Heinrich Roos,,inventory_match,auto,2026-07-29,
07430005266,rejete,inventory_number,open,Public domain,Putto,musée des Beaux-Arts,Nicolas Poussin,Q97606179,"Jeannin, Georges - Le jardin de l'avenue d'Eylau - 762 - Maison de Victor Hugo.jpg","https://commons.wikimedia.org/wiki/File:Jeannin,_Georges_-_Le_jardin_de_l%27avenue_d%27Eylau_-_762_-_Maison_de_Victor_Hugo.jpg",https://upload.wikimedia.org/wikipedia/commons/2/27/Jeannin%2C_Georges_-_Le_jardin_de_l%27avenue_d%27Eylau_-_762_-_Maison_de_Victor_Hugo.jpg,Paris Musées,Georges Jeannin,,inventory_match,auto,2026-07-29,
07430005266,rejete,inventory_number,unknown,,Putto,musée des Beaux-Arts,Nicolas Poussin,Q23662812,,,,,,,inventory_match,auto,2026-07-29,
07430005266,rejete,inventory_number,unknown,,Putto,musée des Beaux-Arts,Nicolas Poussin,Q115670484,,,,,,,inventory_match,auto,2026-07-29,
07430005280,rejete,inventory_number,unknown,,La tempête sur le phare,musée des Beaux-Arts,Joseph Vernet,Q122680902,,,,,,,inventory_match;title_match,auto,2026-07-29,
07430005280,rejete,inventory_number,unknown,,La tempête sur le phare,musée des Beaux-Arts,Joseph Vernet,Q22980587,,,,,,,inventory_match,auto,2026-07-29,
07430005280,rejete,inventory_number,open,Public domain,La tempête sur le phare,musée des Beaux-Arts,Joseph Vernet,Q17276048,George van der Mijn - Portrait of Cornelis Ploos van Amstel (1726-1798) - 729 - Mauritshuis.jpg,https://commons.wikimedia.org/wiki/File:George_van_der_Mijn_-_Portrait_of_Cornelis_Ploos_van_Amstel_(1726-1798)_-_729_-_Mauritshuis.jpg,https://upload.wikimedia.org/wikipedia/commons/4/47/George_van_der_Mijn_-_Portrait_of_Cornelis_Ploos_van_Amstel_%281726-1798%29_-_729_-_Mauritshuis.jpg,Mauritshuis,George van der Mijn,,inventory_match,auto,2026-07-29,
07430005474,rejete,inventory_number,open,CC BY-SA 4.0,Vue du port,musée des Beaux-Arts,Salvator Rosa,Q27969717,"Cathédrale de Chartres, Rosace Ouest, Jugement Dernier.jpg","https://commons.wikimedia.org/wiki/File:Cath%C3%A9drale_de_Chartres,_Rosace_Ouest,_Jugement_Dernier.jpg",https://upload.wikimedia.org/wikipedia/commons/c/c9/Cath%C3%A9drale_de_Chartres%2C_Rosace_Ouest%2C_Jugement_Dernier.jpg,Own work,Vladimir Renard,https://creativecommons.org/licenses/by-sa/4.0,inventory_match,auto,2026-07-29,
07430005474,rejete,inventory_number,unknown,,Vue du port,musée des Beaux-Arts,Salvator Rosa,Q22979972,,,,,,,inventory_match,auto,2026-07-29,
07430005474,rejete,inventory_number,open,Public domain,Vue du port,musée des Beaux-Arts,Salvator Rosa,Q17275823,En atelier Jan Anthonisz van Ravesteyn - Portrait of an Officer - 143 - Mauritshuis.jpg,https://commons.wikimedia.org/wiki/File:En_atelier_Jan_Anthonisz_van_Ravesteyn_-_Portrait_of_an_Officer_-_143_-_Mauritshuis.jpg,https://upload.wikimedia.org/wikipedia/commons/7/7c/En_atelier_Jan_Anthonisz_van_Ravesteyn_-_Portrait_of_an_Officer_-_143_-_Mauritshuis.jpg,Mauritshuis,Jan van Ravesteyn,,inventory_match,auto,2026-07-29,
07430005474,rejete,inventory_number,open,Public domain,Vue du port,musée des Beaux-Arts,Salvator Rosa,Q133865015,Frits Van den Berghe - Zondagmiddag (MDD).jpg,https://commons.wikimedia.org/wiki/File:Frits_Van_den_Berghe_-_Zondagmiddag_(MDD).jpg,https://upload.wikimedia.org/wikipedia/commons/8/86/Frits_Van_den_Berghe_-_Zondagmiddag_%28MDD%29.jpg,https://museumdd.be/collectie/zondagmiddag,Frits Van den Berghe,,inventory_match,auto,2026-07-29,
07430005474,rejete,inventory_number,open,Public domain,Vue du port,musée des Beaux-Arts,Salvator Rosa,Q133584202,Pêches et raisins noirs - 3187 (cropped).jpg,https://commons.wikimedia.org/wiki/File:P%C3%AAches_et_raisins_noirs_-_3187_(cropped).jpg,https://upload.wikimedia.org/wikipedia/commons/d/d1/P%C3%AAches_et_raisins_noirs_-_3187_%28cropped%29.jpg,This image has been extracted from another file,Henri Fantin-Latour,,inventory_match,auto,2026-07-29,
07430005474,rejete,inventory_number,open,Public domain,Vue du port,musée des Beaux-Arts,Salvator Rosa,Q135000874,"The Races at the Bois de Boulogne, by Giuseppe De Nittis, 1881, detail 1 of 3 - Galleria nazionale d'arte moderna - Rome, Italy - DSC05538.jpg","https://commons.wikimedia.org/wiki/File:The_Races_at_the_Bois_de_Boulogne,_by_Giuseppe_De_Nittis,_1881,_detail_1_of_3_-_Galleria_nazionale_d%27arte_moderna_-_Rome,_Italy_-_DSC05538.jpg",https://upload.wikimedia.org/wikipedia/commons/f/f4/The_Races_at_the_Bois_de_Boulogne%2C_by_Giuseppe_De_Nittis%2C_1881%2C_detail_1_of_3_-_Galleria_nazionale_d%27arte_moderna_-_Rome%2C_Italy_-_DSC05538.jpg,Own work,Daderot,,inventory_match,auto,2026-07-29,
07430005474,rejete,inventory_number,open,Public domain,Vue du port,musée des Beaux-Arts,Salvator Rosa,Q135000910,"The Races at the Bois de Boulogne, by Giuseppe De Nittis, 1881, detail 2 of 3 - Galleria nazionale d'arte moderna - Rome, Italy - DSC05539.jpg","https://commons.wikimedia.org/wiki/File:The_Races_at_the_Bois_de_Boulogne,_by_Giuseppe_De_Nittis,_1881,_detail_2_of_3_-_Galleria_nazionale_d%27arte_moderna_-_Rome,_Italy_-_DSC05539.jpg",https://upload.wikimedia.org/wikipedia/commons/9/9b/The_Races_at_the_Bois_de_Boulogne%2C_by_Giuseppe_De_Nittis%2C_1881%2C_detail_2_of_3_-_Galleria_nazionale_d%27arte_moderna_-_Rome%2C_Italy_-_DSC05539.jpg,Own work,Daderot,,inventory_match,auto,2026-07-29,
07430005474,rejete,inventory_number,open,Public domain,Vue du port,musée des Beaux-Arts,Salvator Rosa,Q135000929,"The Races at the Bois de Boulogne, by Giuseppe De Nittis, 1881, detail 3 of 3 - Galleria nazionale d'arte moderna - Rome, Italy - DSC05540.jpg","https://commons.wikimedia.org/wiki/File:The_Races_at_the_Bois_de_Boulogne,_by_Giuseppe_De_Nittis,_1881,_detail_3_of_3_-_Galleria_nazionale_d%27arte_moderna_-_Rome,_Italy_-_DSC05540.jpg",https://upload.wikimedia.org/wikipedia/commons/1/1d/The_Races_at_the_Bois_de_Boulogne%2C_by_Giuseppe_De_Nittis%2C_1881%2C_detail_3_of_3_-_Galleria_nazionale_d%27arte_moderna_-_Rome%2C_Italy_-_DSC05540.jpg,Own work,Daderot,,inventory_match,auto,2026-07-29,
07430005474,rejete,inventory_number,open,Public domain,Vue du port,musée des Beaux-Arts,Salvator Rosa,Q29997042,"Newborn Baby in a Crib (c. 1583, PNB).jpg","https://commons.wikimedia.org/wiki/File:Newborn_Baby_in_a_Crib_(c._1583,_PNB).jpg",https://upload.wikimedia.org/wikipedia/commons/7/7a/Newborn_Baby_in_a_Crib_%28c._1583%2C_PNB%29.jpg,"National Gallery of Ireland, via The Guardian",Lavinia Fontana,,inventory_match,auto,2026-07-29,
07430005474,rejete,inventory_number,open,Public domain,Vue du port,musée des Beaux-Arts,Salvator Rosa,Q28797203,Sir Joshua Reynolds - Self-Portrait - Google Art Project.jpg,https://commons.wikimedia.org/wiki/File:Sir_Joshua_Reynolds_-_Self-Portrait_-_Google_Art_Project.jpg,https://upload.wikimedia.org/wikipedia/commons/2/2a/Sir_Joshua_Reynolds_-_Self-Portrait_-_Google_Art_Project.jpg,Google Arts & Culture — _wHDJZ0TGlEIWw,Joshua Reynolds,,inventory_match,auto,2026-07-29,
07430005647,rejete,inventory_number,open,Public domain,"Portrait de Jacques II Stuart, roi d'Ecosse",musée des Beaux-Arts,Nicolas de Largillière,Q50821181,Walter Howell Deverell (1827-1854) - Self Portrait - 774 - Fitzwilliam Museum.jpg,https://commons.wikimedia.org/wiki/File:Walter_Howell_Deverell_(1827-1854)_-_Self_Portrait_-_774_-_Fitzwilliam_Museum.jpg,https://upload.wikimedia.org/wikipedia/commons/8/8f/Walter_Howell_Deverell_%281827-1854%29_-_Self_Portrait_-_774_-_Fitzwilliam_Museum.jpg,Art UK,Walter Deverell,,inventory_match,auto,2026-07-29,
07430005647,rejete,inventory_number,open,Public domain,"Portrait de Jacques II Stuart, roi d'Ecosse",musée des Beaux-Arts,Nicolas de Largillière,Q97614009,"Devéria, Eugène - Portrait du général Joseph-Léopold Sigisbert Hugo - 774 - Maison de Victor Hugo.jpg","https://commons.wikimedia.org/wiki/File:Dev%C3%A9ria,_Eug%C3%A8ne_-_Portrait_du_g%C3%A9n%C3%A9ral_Joseph-L%C3%A9opold_Sigisbert_Hugo_-_774_-_Maison_de_Victor_Hugo.jpg",https://upload.wikimedia.org/wikipedia/commons/a/ad/Dev%C3%A9ria%2C_Eug%C3%A8ne_-_Portrait_du_g%C3%A9n%C3%A9ral_Joseph-L%C3%A9opold_Sigisbert_Hugo_-_774_-_Maison_de_Victor_Hugo.jpg,Paris Musées,Eugène Devéria,,inventory_match,auto,2026-07-29,
07430007011,rejete,inventory_number,open,PDM-owner,Intérieur de tabagie,musée des Beaux-Arts,David Téniers,Q64788438,Portrait of a Woman (SM 458).png,https://commons.wikimedia.org/wiki/File:Portrait_of_a_Woman_(SM_458).png,https://upload.wikimedia.org/wikipedia/commons/4/4b/Portrait_of_a_Woman_%28SM_458%29.png,https://sammlung.staedelmuseum.de/de/werk/bildnis-einer-dame-3,Ary de Vois,,inventory_match,auto,2026-07-29,
07430007011,rejete,inventory_number,open,Public domain,Intérieur de tabagie,musée des Beaux-Arts,David Téniers,Q107438270,1675 Il Sassoferrato Die Heilige Familie Gemäldegalerie Kat.Nr. 458 anagoria.jpg,https://commons.wikimedia.org/wiki/File:1675_Il_Sassoferrato_Die_Heilige_Familie_Gem%C3%A4ldegalerie_Kat.Nr._458_anagoria.jpg,https://upload.wikimedia.org/wikipedia/commons/8/84/1675_Il_Sassoferrato_Die_Heilige_Familie_Gem%C3%A4ldegalerie_Kat.Nr._458_anagoria.jpg,"Own work , anagoria",Giovanni Battista Salvi da Sassoferrato,,inventory_match,auto,2026-07-29,
07430007011,rejete,inventory_number,open,Public domain,Intérieur de tabagie,musée des Beaux-Arts,David Téniers,Q30094365,Francesco Albani - Venus und Adonis - 458 - Bavarian State Painting Collections.jpg,https://commons.wikimedia.org/wiki/File:Francesco_Albani_-_Venus_und_Adonis_-_458_-_Bavarian_State_Painting_Collections.jpg,https://upload.wikimedia.org/wikipedia/commons/a/aa/Francesco_Albani_-_Venus_und_Adonis_-_458_-_Bavarian_State_Painting_Collections.jpg,https://www.sammlung.pinakothek.de/en/bookmark/artwork/QrLW9J0w4N,Francesco Albani,,inventory_match,auto,2026-07-29,
07430007011,rejete,inventory_number,open,Public domain,Intérieur de tabagie,musée des Beaux-Arts,David Téniers,Q50816074,Sophie de Tott (active 1801-1808) (copy after) - Charles X of France - 458 - Fitzwilliam Museum.jpg,https://commons.wikimedia.org/wiki/File:Sophie_de_Tott_(active_1801-1808)_(copy_after)_-_Charles_X_of_France_-_458_-_Fitzwilliam_Museum.jpg,https://upload.wikimedia.org/wikipedia/commons/4/40/Sophie_de_Tott_%28active_1801-1808%29_%28copy_after%29_-_Charles_X_of_France_-_458_-_Fitzwilliam_Museum.jpg,Art UK,Sophie de Tott,,inventory_match,auto,2026-07-29,
07430007011,rejete,inventory_number,open,Public domain,Intérieur de tabagie,musée des Beaux-Arts,David Téniers,Q109289139,"Peter Paul Rubens - Bellérophon, monté sur Pégase transperce la Chimère.JPG","https://commons.wikimedia.org/wiki/File:Peter_Paul_Rubens_-_Bell%C3%A9rophon,_mont%C3%A9_sur_P%C3%A9gase_transperce_la_Chim%C3%A8re.JPG",https://upload.wikimedia.org/wikipedia/commons/a/a0/Peter_Paul_Rubens_-_Bell%C3%A9rophon%2C_mont%C3%A9_sur_P%C3%A9gase_transperce_la_Chim%C3%A8re.JPG,Ophelia2,Peter Paul Rubens,,inventory_match,auto,2026-07-29,
07430007020,rejete,inventory_number,unknown,,Têtes d'étude,musée des Beaux-Arts,Rubens,Q22992720,,,,,,,inventory_match,auto,2026-07-29,
07430007020,rejete,inventory_number,unknown,,Têtes d'étude,musée des Beaux-Arts,Rubens,Q114761152,,,,,,,inventory_match,auto,2026-07-29,
07430007020,rejete,inventory_number,open,Public domain,Têtes d'étude,musée des Beaux-Arts,Rubens,Q74260854,Venice from the Dogana Jean-Baptiste Camille Corot 1834.jpg,https://commons.wikimedia.org/wiki/File:Venice_from_the_Dogana_Jean-Baptiste_Camille_Corot_1834.jpg,https://upload.wikimedia.org/wikipedia/commons/3/30/Venice_from_the_Dogana_Jean-Baptiste_Camille_Corot_1834.jpg,Own work Yelkrokoyade Taken on 26 April 2015,Jean-Baptiste Camille Corot,,inventory_match,auto,2026-07-29,
07430007020,rejete,inventory_number,open,Public domain,Têtes d'étude,musée des Beaux-Arts,Rubens,Q3937718,Piero del Pollaiolo - Portrait of a Woman - Google Art Project.jpg,https://commons.wikimedia.org/wiki/File:Piero_del_Pollaiolo_-_Portrait_of_a_Woman_-_Google_Art_Project.jpg,https://upload.wikimedia.org/wikipedia/commons/9/90/Piero_del_Pollaiolo_-_Portrait_of_a_Woman_-_Google_Art_Project.jpg,Google Arts & Culture — WgEz8Hc186HlQQ,Piero del Pollaiuolo,,inventory_match,auto,2026-07-29,
07430007025,rejete,inventory_number,unknown,,L'arracheur de dents,musée des Beaux-Arts,David Téniers,Q23457799,,,,,,,inventory_match;title_match,auto,2026-07-29,
07430007025,rejete,inventory_number,open,Public domain,L'arracheur de dents,musée des Beaux-Arts,David Téniers,Q2627056,David with the Head of Goliath-Caravaggio (1610).jpg,https://commons.wikimedia.org/wiki/File:David_with_the_Head_of_Goliath-Caravaggio_(1610).jpg,https://upload.wikimedia.org/wikipedia/commons/f/f6/David_with_the_Head_of_Goliath-Caravaggio_%281610%29.jpg,Self-scanned,Caravaggio,,inventory_match,auto,2026-07-29,
07430007025,rejete,inventory_number,open,Public domain,L'arracheur de dents,musée des Beaux-Arts,David Téniers,Q30094949,Paolo Veronese (Werkstatt) - Fides - 455 - Bavarian State Painting Collections.jpg,https://commons.wikimedia.org/wiki/File:Paolo_Veronese_(Werkstatt)_-_Fides_-_455_-_Bavarian_State_Painting_Collections.jpg,https://upload.wikimedia.org/wikipedia/commons/d/d0/Paolo_Veronese_%28Werkstatt%29_-_Fides_-_455_-_Bavarian_State_Painting_Collections.jpg,https://www.sammlung.pinakothek.de/en/bookmark/artwork/ZMLJy29wxJ,Paolo Veronese,,inventory_match,auto,2026-07-29,
07430007027,rejete,inventory_number,unknown,,Allégorie de la paix,musée des Beaux-Arts,Rubens,Q22980305,,,,,,,inventory_match,auto,2026-07-29,
07430007027,rejete,inventory_number,open,Public domain,Allégorie de la paix,musée des Beaux-Arts,Rubens,Q3937801,Bacchiacca - Scenes from the Story of Joseph - The Search for the Cup - WGA01100.jpg,https://commons.wikimedia.org/wiki/File:Bacchiacca_-_Scenes_from_the_Story_of_Joseph_-_The_Search_for_the_Cup_-_WGA01100.jpg,https://upload.wikimedia.org/wikipedia/commons/2/24/Bacchiacca_-_Scenes_from_the_Story_of_Joseph_-_The_Search_for_the_Cup_-_WGA01100.jpg,"Web Gallery of Art : Image Info about artwork wga QS:P11807,""b/bacchiac/joseph3""",Francesco Bacchiacca,,inventory_match;title_match,auto,2026-07-29,
07430007027,rejete,inventory_number,open,Public domain,Allégorie de la paix,musée des Beaux-Arts,Rubens,Q19925169,P.P. Rubens - Achilles herkend onder de dochters van Lycomedes - NK2680 - Museum Boijmans Van Beuningen.jpg,https://commons.wikimedia.org/wiki/File:P.P._Rubens_-_Achilles_herkend_onder_de_dochters_van_Lycomedes_-_NK2680_-_Museum_Boijmans_Van_Beuningen.jpg,https://upload.wikimedia.org/wikipedia/commons/3/38/P.P._Rubens_-_Achilles_herkend_onder_de_dochters_van_Lycomedes_-_NK2680_-_Museum_Boijmans_Van_Beuningen.jpg,http://beeldbank.cultureelerfgoed.nl/alle-afbeeldingen/detail/451c7e53-2e58-56bf-8813-b6182ff24429/media/0df8f9e5-0adf-03e0-1c8a-cb3c017dc26c,Peter Paul Rubens,,inventory_match,auto,2026-07-29,
07430007027,rejete,inventory_number,open,Public domain,Allégorie de la paix,musée des Beaux-Arts,Rubens,Q17275951,Cornelis Dusart ^ Adriaen van Ostade - Peasant Inn - 440 - Mauritshuis.jpg,https://commons.wikimedia.org/wiki/File:Cornelis_Dusart_%5E_Adriaen_van_Ostade_-_Peasant_Inn_-_440_-_Mauritshuis.jpg,https://upload.wikimedia.org/wikipedia/commons/2/28/Cornelis_Dusart_%5E_Adriaen_van_Ostade_-_Peasant_Inn_-_440_-_Mauritshuis.jpg,Mauritshuis,Cornelis Dusart,,inventory_match,auto,2026-07-29,
07430007027,rejete,inventory_number,unknown,,Allégorie de la paix,musée des Beaux-Arts,Rubens,Q19759279,,,,,,,inventory_match,auto,2026-07-29,
07430007027,rejete,inventory_number,unknown,,Allégorie de la paix,musée des Beaux-Arts,Rubens,Q123738372,,,,,,,inventory_match,auto,2026-07-29,
07430007081,rejete,inventory_number,open,Public domain,Intérieur de cabaret,musée des Beaux-Arts,David Téniers,Q17275956,Frans Hals - Portrait of Jacob Olycan (1596-1638) - 459 - Mauritshuis.jpg,https://commons.wikimedia.org/wiki/File:Frans_Hals_-_Portrait_of_Jacob_Olycan_(1596-1638)_-_459_-_Mauritshuis.jpg,https://upload.wikimedia.org/wikipedia/commons/e/e9/Frans_Hals_-_Portrait_of_Jacob_Olycan_%281596-1638%29_-_459_-_Mauritshuis.jpg,Mauritshuis,Frans Hals,,inventory_match,auto,2026-07-29,
07430007081,rejete,inventory_number,unknown,,Intérieur de cabaret,musée des Beaux-Arts,David Téniers,Q123738344,,,,,,,inventory_match,auto,2026-07-29,
07430007081,rejete,inventory_number,open,Public domain,Intérieur de cabaret,musée des Beaux-Arts,David Téniers,Q115498092,Vase lion paws Louvre OA7434.jpg,https://commons.wikimedia.org/wiki/File:Vase_lion_paws_Louvre_OA7434.jpg,https://upload.wikimedia.org/wikipedia/commons/1/1e/Vase_lion_paws_Louvre_OA7434.jpg,Own work,Marie-Lan Nguyen,,inventory_match,auto,2026-07-29,
07430007134,rejete,inventory_number,unknown,,Intérieur de tabagie,musée des Beaux-Arts,David Téniers,Q22980377,,,,,,,inventory_match,auto,2026-07-29,
07430007134,rejete,inventory_number,open,Public domain,Intérieur de tabagie,musée des Beaux-Arts,David Téniers,Q111262326,Peter Paul Rubens - Elie et l’Ange.JPG,https://commons.wikimedia.org/wiki/File:Peter_Paul_Rubens_-_Elie_et_l%E2%80%99Ange.JPG,https://upload.wikimedia.org/wikipedia/commons/a/af/Peter_Paul_Rubens_-_Elie_et_l%E2%80%99Ange.JPG,Ophelia2,Peter Paul Rubens,,inventory_match,auto,2026-07-29,
07430007254,rejete,inventory_number,unknown,,Paysage,musée des Beaux-Arts,Joseph Vernet,Q23469876,,,,,,,inventory_match,auto,2026-07-29,
07430007254,rejete,inventory_number,unknown,,Paysage,musée des Beaux-Arts,Joseph Vernet,Q22260215,,,,,,,inventory_match,auto,2026-07-29,
07430007264,rejete,inventory_number,open,Public domain,Paysage avec deux moines,musée des Beaux-Arts,Pier Francesco Mola,Q89041159,Play of the Nereides by Arnold Böcklin.jpg,https://commons.wikimedia.org/wiki/File:Play_of_the_Nereides_by_Arnold_B%C3%B6cklin.jpg,https://upload.wikimedia.org/wikipedia/commons/4/41/Play_of_the_Nereides_by_Arnold_B%C3%B6cklin.jpg,"1. The Yorck Project (2002) 10.000 Meisterwerke der Malerei (DVD-ROM), distributed by DIRECTMEDIA Publishing GmbH. ISBN : 3936122202 . 2. Kunstmuseum Basel, online collection",Arnold Böcklin,,inventory_match,auto,2026-07-29,
07430007264,rejete,inventory_number,open,CC BY-SA 4.0,Paysage avec deux moines,musée des Beaux-Arts,Pier Francesco Mola,Q55655991,MSR-26367-MV-R-a.jpg,https://commons.wikimedia.org/wiki/File:MSR-26367-MV-R-a.jpg,https://upload.wikimedia.org/wikipedia/commons/b/b0/MSR-26367-MV-R-a.jpg,musée Saint-Raymond,Materia Viva,https://creativecommons.org/licenses/by-sa/4.0,inventory_match,auto,2026-07-29,
07430007264,rejete,inventory_number,unknown,,Paysage avec deux moines,musée des Beaux-Arts,Pier Francesco Mola,Q124294678,,,,,,,inventory_match,auto,2026-07-29,
07430007264,rejete,inventory_number,open,Public domain,Paysage avec deux moines,musée des Beaux-Arts,Pier Francesco Mola,Q17275797,Abraham Mignon - Flowers in a metal vase.jpg,https://commons.wikimedia.org/wiki/File:Abraham_Mignon_-_Flowers_in_a_metal_vase.jpg,https://upload.wikimedia.org/wikipedia/commons/2/26/Abraham_Mignon_-_Flowers_in_a_metal_vase.jpg,Mauritshuis,Abraham Mignon,,inventory_match,auto,2026-07-29,
07430007264,rejete,inventory_number,open,Public domain,Paysage avec deux moines,musée des Beaux-Arts,Pier Francesco Mola,Q118428443,George Geldorp - Portrait of a Lady.jpg,https://commons.wikimedia.org/wiki/File:George_Geldorp_-_Portrait_of_a_Lady.jpg,https://upload.wikimedia.org/wikipedia/commons/1/12/George_Geldorp_-_Portrait_of_a_Lady.jpg,https://artuk.org/discover/artworks/portrait-of-a-lady-56127,Attributed to George Geldorp / George Geldorp,,inventory_match,auto,2026-07-29,
07430007264,rejete,inventory_number,open,Public domain,Paysage avec deux moines,musée des Beaux-Arts,Pier Francesco Mola,Q140311638,"Vierge à la crèche, par Antoine van Dyck.jpg","https://commons.wikimedia.org/wiki/File:Vierge_%C3%A0_la_cr%C3%A8che,_par_Antoine_van_Dyck.jpg",https://upload.wikimedia.org/wikipedia/commons/a/a3/Vierge_%C3%A0_la_cr%C3%A8che%2C_par_Antoine_van_Dyck.jpg,https://barberinicorsini.org/collezione/opera/?id=WE202,Anthony van Dyck,,inventory_match,auto,2026-07-29,
07430007264,rejete,inventory_number,open,CC BY-SA 4.0,Paysage avec deux moines,musée des Beaux-Arts,Pier Francesco Mola,Q137802452,Timgad- A Roman Colonial City and UNESCO World Heritage Site in the Aurès Mountains 81.jpg,https://commons.wikimedia.org/wiki/File:Timgad-_A_Roman_Colonial_City_and_UNESCO_World_Heritage_Site_in_the_Aur%C3%A8s_Mountains_81.jpg,https://upload.wikimedia.org/wikipedia/commons/9/97/Timgad-_A_Roman_Colonial_City_and_UNESCO_World_Heritage_Site_in_the_Aur%C3%A8s_Mountains_81.jpg,Own work,Rachid Hamatou,https://creativecommons.org/licenses/by-sa/4.0,inventory_match,auto,2026-07-29,
07430007264,rejete,inventory_number,open,CC0,Paysage avec deux moines,musée des Beaux-Arts,Pier Francesco Mola,Q62113983,0111 Moeders vermaning.jpg,https://commons.wikimedia.org/wiki/File:0111_Moeders_vermaning.jpg,https://upload.wikimedia.org/wikipedia/commons/e/ee/0111_Moeders_vermaning.jpg,Jakob Smitsmuseum,Jakob Smits,http://creativecommons.org/publicdomain/zero/1.0/deed.en,inventory_match,auto,2026-07-29,
07430007264,rejete,inventory_number,unknown,,Paysage avec deux moines,musée des Beaux-Arts,Pier Francesco Mola,Q124331251,,,,,,,inventory_match,auto,2026-07-29,
07430007264,rejete,inventory_number,open,Public domain,Paysage avec deux moines,musée des Beaux-Arts,Pier Francesco Mola,Q56878624,Antônio Parreiras - Relique Sacrée.jpg,https://commons.wikimedia.org/wiki/File:Ant%C3%B4nio_Parreiras_-_Relique_Sacr%C3%A9e.jpg,https://upload.wikimedia.org/wikipedia/commons/2/22/Ant%C3%B4nio_Parreiras_-_Relique_Sacr%C3%A9e.jpg,Superintendência de Museus - Governo do Estado do Rio de Janeiro,Antônio Parreiras,,inventory_match,auto,2026-07-29,
07430007265,rejete,inventory_number,open,Public domain,Le repos des soldats,musée des Beaux-Arts,Salvator Rosa,Q133865124,Frits Van den Berghe - Vissers aan de Leie (1923).jpg,https://commons.wikimedia.org/wiki/File:Frits_Van_den_Berghe_-_Vissers_aan_de_Leie_(1923).jpg,https://upload.wikimedia.org/wikipedia/commons/5/5d/Frits_Van_den_Berghe_-_Vissers_aan_de_Leie_%281923%29.jpg,https://museumdd.be/collectie/vissers-aan-de-leie,Frits Van den Berghe,,inventory_match,auto,2026-07-29,
07430007265,rejete,inventory_number,unknown,,Le repos des soldats,musée des Beaux-Arts,Salvator Rosa,Q22979780,,,,,,,inventory_match,auto,2026-07-29,
07430007265,rejete,inventory_number,open,CC BY-SA 4.0,Le repos des soldats,musée des Beaux-Arts,Salvator Rosa,Q55656012,MSR-26387-MS-b.jpg,https://commons.wikimedia.org/wiki/File:MSR-26387-MS-b.jpg,https://upload.wikimedia.org/wikipedia/commons/9/9f/MSR-26387-MS-b.jpg,musée Saint-Raymond,"Mathieu Scapin, musée Saint-Raymond",https://creativecommons.org/licenses/by-sa/4.0,inventory_match,auto,2026-07-29,
07430007265,rejete,inventory_number,open,Public domain,Le repos des soldats,musée des Beaux-Arts,Salvator Rosa,Q17275822,En atelier Jan Anthonisz van Ravesteyn - Portrait of an Officer - 142 - Mauritshuis.jpg,https://commons.wikimedia.org/wiki/File:En_atelier_Jan_Anthonisz_van_Ravesteyn_-_Portrait_of_an_Officer_-_142_-_Mauritshuis.jpg,https://upload.wikimedia.org/wikipedia/commons/c/c0/En_atelier_Jan_Anthonisz_van_Ravesteyn_-_Portrait_of_an_Officer_-_142_-_Mauritshuis.jpg,Mauritshuis,Jan van Ravesteyn,,inventory_match,auto,2026-07-29,
07430007265,rejete,inventory_number,open,CC BY-SA 3.0 fr,Le repos des soldats,musée des Beaux-Arts,Salvator Rosa,Q31081125,Tanto-IMG 9655-gradient.jpg,https://commons.wikimedia.org/wiki/File:Tanto-IMG_9655-gradient.jpg,https://upload.wikimedia.org/wikipedia/commons/6/65/Tanto-IMG_9655-gradient.jpg,Own work,Rama,https://creativecommons.org/licenses/by-sa/3.0/fr/deed.en,inventory_match,auto,2026-07-29,
07430007265,rejete,inventory_number,open,Public domain,Le repos des soldats,musée des Beaux-Arts,Salvator Rosa,Q3689716,Artemisia Gentileschi Mary Magdalene Pitti.jpg,https://commons.wikimedia.org/wiki/File:Artemisia_Gentileschi_Mary_Magdalene_Pitti.jpg,https://upload.wikimedia.org/wikipedia/commons/f/f6/Artemisia_Gentileschi_Mary_Magdalene_Pitti.jpg,https://caravaggismo.files.wordpress.com/2010/08/agentileschi-maddalena.jpg,Artemisia Gentileschi,,inventory_match,auto,2026-07-29,
07430007337,rejete,inventory_number,unknown,,Joseph vendu par ses frères,musée des Beaux-Arts,Le Guerchin,Q25749,,,,,,,inventory_match,auto,2026-07-29,
07760001538,rejete,inventory_number,open,Public domain,Femme et fillette,musée municipal,Rubens,Q57300274,Les pinceaux de l'artiste - Camille Martin.jpg,https://commons.wikimedia.org/wiki/File:Les_pinceaux_de_l%27artiste_-_Camille_Martin.jpg,https://upload.wikimedia.org/wikipedia/commons/7/77/Les_pinceaux_de_l%27artiste_-_Camille_Martin.jpg,musée de l'école de Nancy,Camille Martin,,inventory_match,auto,2026-07-29,
07840001024,rejete,inventory_number,unknown,,Jean de La Fontaine,musée Jean de la Fontaine,Hyacinthe Rigaud,Q117469189,,,,,,,inventory_match,auto,2026-07-29,
07840001178,rejete,inventory_number,open,Public domain,"Le Loup devenu Berger, III, 3",musée Jean de la Fontaine,Jean-Baptiste Oudry,Q66107727,Maître de l'Annonce aux bergers - Philosophe.jpg,https://commons.wikimedia.org/wiki/File:Ma%C3%AEtre_de_l%27Annonce_aux_bergers_-_Philosophe.jpg,https://upload.wikimedia.org/wikipedia/commons/a/ad/Ma%C3%AEtre_de_l%27Annonce_aux_bergers_-_Philosophe.jpg,"Own work , Tylwyth Eldar , 2018-10-29 15:24:50",Maître de l'Annonce aux Bergers,,inventory_match,auto,2026-07-29,
M0121001933,rejete,inventory_number,open,CC BY-SA 2.0,Étude de tête d'homme,musée d'art Roger-Quillot,Géricault,Q122011640,"Douai (Nord) - Musée de la Chartreuse - ""Un moulin en Hollande"" (Eugène Boudin, 1824-1898).jpg","https://commons.wikimedia.org/wiki/File:Douai_(Nord)_-_Mus%C3%A9e_de_la_Chartreuse_-_%22Un_moulin_en_Hollande%22_(Eug%C3%A8ne_Boudin,_1824-1898).jpg",https://upload.wikimedia.org/wikipedia/commons/6/64/Douai_%28Nord%29_-_Mus%C3%A9e_de_la_Chartreuse_-_%22Un_moulin_en_Hollande%22_%28Eug%C3%A8ne_Boudin%2C_1824-1898%29.jpg,https://www.flickr.com/photos/78775886@N06/29519005771/,Patrick,https://creativecommons.org/licenses/by-sa/2.0,inventory_match,auto,2026-07-29,
M0121001933,rejete,inventory_number,unknown,,Étude de tête d'homme,musée d'art Roger-Quillot,Géricault,Q111798670,,,,,,,inventory_match,auto,2026-07-29,
M0121003071,rejete,inventory_number,open,Public domain,Portrait de Mademoiselle de Charolais (ou de Blois),musée d'art Roger-Quillot,Hyacinthe Rigaud,Q27951003,"Gauguin, Paul - Vahine no te miti (Femme a la mer) (Mujer del mar). - Google Art Project.jpg","https://commons.wikimedia.org/wiki/File:Gauguin,_Paul_-_Vahine_no_te_miti_(Femme_a_la_mer)_(Mujer_del_mar)._-_Google_Art_Project.jpg",https://upload.wikimedia.org/wikipedia/commons/2/2b/Gauguin%2C_Paul_-_Vahine_no_te_miti_%28Femme_a_la_mer%29_%28Mujer_del_mar%29._-_Google_Art_Project.jpg,xAFLlsmOUmnsTA at Google Cultural Institute maximum zoom level,Paul Gauguin,,inventory_match,auto,2026-07-29,
M0121003074,rejete,inventory_number,open,Public domain,La sainte Famille contemplant l'Enfant Jésus endormi,musée d'art Roger-Quillot,Guido Reni,Q97330791,Beaux-Arts de Carcassonne - Jupiter et Léda - Nicolas Bertin Joconde04400000587.jpg,https://commons.wikimedia.org/wiki/File:Beaux-Arts_de_Carcassonne_-_Jupiter_et_L%C3%A9da_-_Nicolas_Bertin_Joconde04400000587.jpg,https://upload.wikimedia.org/wikipedia/commons/e/ec/Beaux-Arts_de_Carcassonne_-_Jupiter_et_L%C3%A9da_-_Nicolas_Bertin_Joconde04400000587.jpg,Own work,Didier Descouens,,inventory_match,auto,2026-07-29,
M0121003074,rejete,inventory_number,open,Public domain,La sainte Famille contemplant l'Enfant Jésus endormi,musée d'art Roger-Quillot,Guido Reni,Q107573293,Johann Heinrich Füssli 039.jpg,https://commons.wikimedia.org/wiki/File:Johann_Heinrich_F%C3%BCssli_039.jpg,https://upload.wikimedia.org/wikipedia/commons/e/e1/Johann_Heinrich_F%C3%BCssli_039.jpg,"The Yorck Project (2002) 10.000 Meisterwerke der Malerei (DVD-ROM), distributed by DIRECTMEDIA Publishing GmbH. ISBN : 3936122202 .",Henry Fuseli,,inventory_match,auto,2026-07-29,
M0121004505,rejete,inventory_number,open,Public domain,Pyrrhus sauvé ou La naissance d'Oedipe,musée d'art Roger-Quillot,Boucher,Q98034442,"Jean-Baptiste Greuze - Portrait of the Artist's Wife, Palazzo Barbarini, Romapedia 11 DSC 0944.jpg","https://commons.wikimedia.org/wiki/File:Jean-Baptiste_Greuze_-_Portrait_of_the_Artist%27s_Wife,_Palazzo_Barbarini,_Romapedia_11_DSC_0944.jpg",https://upload.wikimedia.org/wikipedia/commons/c/c0/Jean-Baptiste_Greuze_-_Portrait_of_the_Artist%27s_Wife%2C_Palazzo_Barbarini%2C_Romapedia_11_DSC_0944.jpg,http://www.davidmacchi.com/tourguide/Palazzo_Barberini_-_Galleria_Nazionale_dArte_Antica_files/Media/Romapedia%2011%20DSC_0944/Romapedia%2011%20DSC_0944.jpg,Jean-Baptiste Greuze,,inventory_match,auto,2026-07-29,
M0332003041,rejete,inventory_number,open,Public domain,Étude de tête d'homme barbu,musée des beaux-arts et d'archéologie,Van Dyck,Q137558564,Uranie Alphonsine Colin-Libour La charité 1888.jpg,https://commons.wikimedia.org/wiki/File:Uranie_Alphonsine_Colin-Libour_La_charit%C3%A9_1888.jpg,https://upload.wikimedia.org/wikipedia/commons/6/60/Uranie_Alphonsine_Colin-Libour_La_charit%C3%A9_1888.jpg,https://www.facebook.com/photo?fbid=736306135164314&set=a.379435774184687,Uranie Alphonsine Colin-Libour (1831–1916),,inventory_match,auto,2026-07-29,
M0347000650,rejete,inventory_number,unknown,,Paysage,musée des beaux-arts et d'archéologie,Paul Bril,Q22992430,,,,,,,inventory_match,auto,2026-07-29,
M0347000651,rejete,inventory_number,unknown,,Paysage,musée des beaux-arts et d'archéologie,Paul Bril,Q22980256,,,,,,,inventory_match,auto,2026-07-29,
M0347000651,rejete,inventory_number,unknown,,Paysage,musée des beaux-arts et d'archéologie,Paul Bril,Q123345567,,,,,,,inventory_match,auto,2026-07-29,
M0347000652,rejete,inventory_number,open,Public domain,Paysage avec une rivière,musée des beaux-arts et d'archéologie,Paul Bril,Q35484087,Jusepe de Ribera (1591 - 1652) - Bust Portrait of a Man - 354 - Gemäldegalerie.jpg,https://commons.wikimedia.org/wiki/File:Jusepe_de_Ribera_(1591_-_1652)_-_Bust_Portrait_of_a_Man_-_354_-_Gem%C3%A4ldegalerie.jpg,https://upload.wikimedia.org/wikipedia/commons/c/ce/Jusepe_de_Ribera_%281591_-_1652%29_-_Bust_Portrait_of_a_Man_-_354_-_Gem%C3%A4ldegalerie.jpg,Staatliche Museen zu Berlin,Jusepe de Ribera,,inventory_match,auto,2026-07-29,
M0347000652,rejete,inventory_number,open,Public domain,Paysage avec une rivière,musée des beaux-arts et d'archéologie,Paul Bril,Q105773240,Piero di Giovanni Bonaccorsi detto Perin del Vaga (Firenze 1501 - Roma 1547) - Ritratto del cardinale Alessandro Farnese - 354 - Galleria Nazionale d'Arte Antica.jpg,https://commons.wikimedia.org/wiki/File:Piero_di_Giovanni_Bonaccorsi_detto_Perin_del_Vaga_(Firenze_1501_-_Roma_1547)_-_Ritratto_del_cardinale_Alessandro_Farnese_-_354_-_Galleria_Nazionale_d%27Arte_Antica.jpg,https://upload.wikimedia.org/wikipedia/commons/b/b1/Piero_di_Giovanni_Bonaccorsi_detto_Perin_del_Vaga_%28Firenze_1501_-_Roma_1547%29_-_Ritratto_del_cardinale_Alessandro_Farnese_-_354_-_Galleria_Nazionale_d%27Arte_Antica.jpg,Galleria Nazionale d'Arte Antica,Perino del Vaga,,inventory_match,auto,2026-07-29,
M0347000652,rejete,inventory_number,open,Public domain,Paysage avec une rivière,musée des beaux-arts et d'archéologie,Paul Bril,Q3605533,"Lorenzo Costa, adorazione dei magi, brera.jpg","https://commons.wikimedia.org/wiki/File:Lorenzo_Costa,_adorazione_dei_magi,_brera.jpg",https://upload.wikimedia.org/wikipedia/commons/1/1e/Lorenzo_Costa%2C_adorazione_dei_magi%2C_brera.jpg,"Web Gallery of Art : Image Info about artwork wga QS:P11807,""c/costa/lorenzo/adormagi""",Lorenzo Costa,,inventory_match,auto,2026-07-29,
M0347000652,rejete,inventory_number,unknown,,Paysage avec une rivière,musée des beaux-arts et d'archéologie,Paul Bril,Q22992416,,,,,,,inventory_match,auto,2026-07-29,
M0347000652,rejete,inventory_number,open,Public domain,Paysage avec une rivière,musée des beaux-arts et d'archéologie,Paul Bril,Q3553389,Jan van Eyck - Man in a Blue Cap (c.1430).jpg,https://commons.wikimedia.org/wiki/File:Jan_van_Eyck_-_Man_in_a_Blue_Cap_(c.1430).jpg,https://upload.wikimedia.org/wikipedia/commons/c/cd/Jan_van_Eyck_-_Man_in_a_Blue_Cap_%28c.1430%29.jpg,"Google Art Project works from the Brukenthal National Museum This is a featured picture on the Persian language Wikipedia ( نگاره‌های برگزیده ) and is considered one of the finest images. See its nomination here . If you think this file should be featured on Wikimedia Commons as well, feel free to nominate it . If you have an image of similar quality that can be published under a suitable copyright license , be sure to upload it, tag it, and nominate it .",Jan van Eyck,,inventory_match,auto,2026-07-29,
M0347000653,rejete,inventory_number,unknown,,Paysage au ciel tourmenté,musée des beaux-arts et d'archéologie,Paul Bril,Q22992430,,,,,,,inventory_match,auto,2026-07-29,
M0347001249,rejete,inventory_number,unknown,,Lucrèce,musée des beaux-arts et d'archéologie,Luca Giordano,Q22992319,,,,,,,inventory_match,auto,2026-07-29,
M0347001249,rejete,inventory_number,open,Public domain,Lucrèce,musée des beaux-arts et d'archéologie,Luca Giordano,Q55841389,Frederica Anhalt-Bernburg by Tischbein.jpg,https://commons.wikimedia.org/wiki/File:Frederica_Anhalt-Bernburg_by_Tischbein.jpg,https://upload.wikimedia.org/wikipedia/commons/1/10/Frederica_Anhalt-Bernburg_by_Tischbein.jpg,https://www.bildindex.de/document/obj00010096,Johann Friedrich August Tischbein,,inventory_match,auto,2026-07-29,
M0347001249,rejete,inventory_number,open,Public domain,Lucrèce,musée des beaux-arts et d'archéologie,Luca Giordano,Q3463685,"Tavolette di s. bernardino, 1473, s.bernardino risana da un'ulcera la figlia di giovanni antonio petrazio da rieti.jpg","https://commons.wikimedia.org/wiki/File:Tavolette_di_s._bernardino,_1473,_s.bernardino_risana_da_un%27ulcera_la_figlia_di_giovanni_antonio_petrazio_da_rieti.jpg",https://upload.wikimedia.org/wikipedia/commons/e/ea/Tavolette_di_s._bernardino%2C_1473%2C_s.bernardino_risana_da_un%27ulcera_la_figlia_di_giovanni_antonio_petrazio_da_rieti.jpg,"Vittoria Garibaldi: Perugino. Silvana, Milano 2004, ISBN 88-8215-813-6",Pietro Perugino,,inventory_match,auto,2026-07-29,
M0347001249,rejete,inventory_number,open,Public domain,Lucrèce,musée des beaux-arts et d'archéologie,Luca Giordano,Q97606173,"Laugée, Désiré François - La chambre de Victor Hugo avenue d'Eylau - 223 - Maison de Victor Hugo.jpg","https://commons.wikimedia.org/wiki/File:Laug%C3%A9e,_D%C3%A9sir%C3%A9_Fran%C3%A7ois_-_La_chambre_de_Victor_Hugo_avenue_d%27Eylau_-_223_-_Maison_de_Victor_Hugo.jpg",https://upload.wikimedia.org/wikipedia/commons/f/f0/Laug%C3%A9e%2C_D%C3%A9sir%C3%A9_Fran%C3%A7ois_-_La_chambre_de_Victor_Hugo_avenue_d%27Eylau_-_223_-_Maison_de_Victor_Hugo.jpg,Paris Musées,Désiré François Laugée,,inventory_match,auto,2026-07-29,
M0347001249,rejete,inventory_number,open,CC BY 3.0,Lucrèce,musée des beaux-arts et d'archéologie,Luca Giordano,Q115153353,"Gualtiero baynes, ritratto di matilde monori puini, 1905 (cropped).jpg","https://commons.wikimedia.org/wiki/File:Gualtiero_baynes,_ritratto_di_matilde_monori_puini,_1905_(cropped).jpg",https://upload.wikimedia.org/wikipedia/commons/d/d7/Gualtiero_baynes%2C_ritratto_di_matilde_monori_puini%2C_1905_%28cropped%29.jpg,Own work,Sailko,https://creativecommons.org/licenses/by/3.0,inventory_match,auto,2026-07-29,
M0347001325,rejete,inventory_number,open,Public domain,La Tentation de saint Antoine,musée des beaux-arts et d'archéologie,David Téniers,Q50812839,"Self-portrait, by Godefridus Schalcken.jpg","https://commons.wikimedia.org/wiki/File:Self-portrait,_by_Godefridus_Schalcken.jpg",https://upload.wikimedia.org/wikipedia/commons/d/df/Self-portrait%2C_by_Godefridus_Schalcken.jpg,"Derived from Fitzwilliam Museum, Cambridge",Godfried Schalcken,,inventory_match,auto,2026-07-29,
M0347001325,rejete,inventory_number,unknown,,La Tentation de saint Antoine,musée des beaux-arts et d'archéologie,David Téniers,Q106566516,,,,,,,inventory_match,auto,2026-07-29,
M0347001325,rejete,inventory_number,unknown,,La Tentation de saint Antoine,musée des beaux-arts et d'archéologie,David Téniers,Q71844359,,,,,,,inventory_match,auto,2026-07-29,
M0347001327,rejete,inventory_number,unknown,,Laitière dans une étable ; Intérieur d'étable (autre titre),musée des beaux-arts et d'archéologie,David Téniers,Q22980167,,,,,,,inventory_match,auto,2026-07-29,
M0347001327,rejete,inventory_number,open,Public domain,Laitière dans une étable ; Intérieur d'étable (autre titre),musée des beaux-arts et d'archéologie,David Téniers,Q28071104,School of Fontainebleau - Portrait of a Lady 2007 NYR 01822 0011.jpg,https://commons.wikimedia.org/wiki/File:School_of_Fontainebleau_-_Portrait_of_a_Lady_2007_NYR_01822_0011.jpg,https://upload.wikimedia.org/wikipedia/commons/7/77/School_of_Fontainebleau_-_Portrait_of_a_Lady_2007_NYR_01822_0011.jpg,www.christies.com : Home : Info : Pic,Unknown author Unknown author ( School of Fontainebleau ),,inventory_match,auto,2026-07-29,
M0347001327,rejete,inventory_number,open,Public domain,Laitière dans une étable ; Intérieur d'étable (autre titre),musée des beaux-arts et d'archéologie,David Téniers,Q97606681,"Bourgeois, Eugène - La maison de Victor Hugo à Guernesey - 246 - Maison de Victor Hugo.jpg","https://commons.wikimedia.org/wiki/File:Bourgeois,_Eug%C3%A8ne_-_La_maison_de_Victor_Hugo_%C3%A0_Guernesey_-_246_-_Maison_de_Victor_Hugo.jpg",https://upload.wikimedia.org/wikipedia/commons/c/c6/Bourgeois%2C_Eug%C3%A8ne_-_La_maison_de_Victor_Hugo_%C3%A0_Guernesey_-_246_-_Maison_de_Victor_Hugo.jpg,Paris Musées,Eugène Bourgeois,,inventory_match,auto,2026-07-29,
M0347001723,rejete,inventory_number,open,Public domain,Tête de femme : Le Silence,musée des beaux-arts et d'archéologie,Michel-Ange ; Andrea del Sarto,Q27906730,MSR-26101-DM.jpg,https://commons.wikimedia.org/wiki/File:MSR-26101-DM.jpg,https://upload.wikimedia.org/wikipedia/commons/c/cf/MSR-26101-DM.jpg,"Photothèque du Musée Saint-Raymond, musée des Antiques de Toulouse",Daniel Martin,,inventory_match,auto,2026-07-29,
M0347001723,rejete,inventory_number,unknown,,Tête de femme : Le Silence,musée des beaux-arts et d'archéologie,Michel-Ange ; Andrea del Sarto,Q22979768,,,,,,,inventory_match,auto,2026-07-29,
M0347001723,rejete,inventory_number,open,Public domain,Tête de femme : Le Silence,musée des beaux-arts et d'archéologie,Michel-Ange ; Andrea del Sarto,Q107436101,Andrea del Verrocchio (1435 - 1488) - The Virgin and Child - 108 - Gemäldegalerie.jpg,https://commons.wikimedia.org/wiki/File:Andrea_del_Verrocchio_(1435_-_1488)_-_The_Virgin_and_Child_-_108_-_Gem%C3%A4ldegalerie.jpg,https://upload.wikimedia.org/wikipedia/commons/6/68/Andrea_del_Verrocchio_%281435_-_1488%29_-_The_Virgin_and_Child_-_108_-_Gem%C3%A4ldegalerie.jpg,Staatliche Museen zu Berlin,Andrea del Verrocchio,,inventory_match,auto,2026-07-29,
M0347001723,rejete,inventory_number,open,CC BY-SA 4.0,Tête de femme : Le Silence,musée des beaux-arts et d'archéologie,Michel-Ange ; Andrea del Sarto,Q85016618,"Inwendig, tekening in Gemeente Archief Dordrecht. - Dordrecht - 20060952 - RCE.jpg","https://commons.wikimedia.org/wiki/File:Inwendig,_tekening_in_Gemeente_Archief_Dordrecht._-_Dordrecht_-_20060952_-_RCE.jpg",https://upload.wikimedia.org/wikipedia/commons/7/78/Inwendig%2C_tekening_in_Gemeente_Archief_Dordrecht._-_Dordrecht_-_20060952_-_RCE.jpg,Rijksdienst voor het Cultureel Erfgoed,Abraham van Calraet / Aelbert Cuyp,https://creativecommons.org/licenses/by-sa/4.0,inventory_match,auto,2026-07-29,
M0347001723,rejete,inventory_number,open,Public domain,Tête de femme : Le Silence,musée des beaux-arts et d'archéologie,Michel-Ange ; Andrea del Sarto,Q64506467,Arnold Böcklin 008.jpg,https://commons.wikimedia.org/wiki/File:Arnold_B%C3%B6cklin_008.jpg,https://upload.wikimedia.org/wikipedia/commons/2/25/Arnold_B%C3%B6cklin_008.jpg,"1. The Yorck Project (2002) 10.000 Meisterwerke der Malerei (DVD-ROM), distributed by DIRECTMEDIA Publishing GmbH. ISBN : 3936122202 . 2. Kunstmuseum Basel, online collection",Arnold Böcklin,,inventory_match,auto,2026-07-29,
M0347001723,rejete,inventory_number,unknown,,Tête de femme : Le Silence,musée des beaux-arts et d'archéologie,Michel-Ange ; Andrea del Sarto,Q133584150,,,,,,,inventory_match,auto,2026-07-29,
M0347001723,rejete,inventory_number,open,Public domain,Tête de femme : Le Silence,musée des beaux-arts et d'archéologie,Michel-Ange ; Andrea del Sarto,Q104521869,Lucas Cranach (1472) - Maria mit dem Kinde - 108 - Staatliche Kunsthalle Karlsruhe.jpg,https://commons.wikimedia.org/wiki/File:Lucas_Cranach_(1472)_-_Maria_mit_dem_Kinde_-_108_-_Staatliche_Kunsthalle_Karlsruhe.jpg,https://upload.wikimedia.org/wikipedia/commons/9/9f/Lucas_Cranach_%281472%29_-_Maria_mit_dem_Kinde_-_108_-_Staatliche_Kunsthalle_Karlsruhe.jpg,"Staatliche Kunsthalle Karlsruhe, Sammlung online",Lucas Cranach the Elder,,inventory_match,auto,2026-07-29,
M0347001723,rejete,inventory_number,unknown,,Tête de femme : Le Silence,musée des beaux-arts et d'archéologie,Michel-Ange ; Andrea del Sarto,Q91503295,,,,,,,inventory_match,auto,2026-07-29,
M0347001723,rejete,inventory_number,unknown,,Tête de femme : Le Silence,musée des beaux-arts et d'archéologie,Michel-Ange ; Andrea del Sarto,Q22678531,,,,,,,inventory_match,auto,2026-07-29,
M0949000353,rejete,inventory_number,open,Public domain,Portrait de l'abbé de Rancé,bibliothèque-musée Inguimbertine,Hyacinthe Rigaud,Q134607586,Giraffe Crossing (1827) by Jacques Raymond Brascassat.jpg,https://commons.wikimedia.org/wiki/File:Giraffe_Crossing_(1827)_by_Jacques_Raymond_Brascassat.jpg,https://upload.wikimedia.org/wikipedia/commons/3/32/Giraffe_Crossing_%281827%29_by_Jacques_Raymond_Brascassat.jpg,Blogspot ( Direct link to image ),Jacques Raymond Brascassat,,inventory_match,auto,2026-07-29,
