musee,ville,reference,numero_inventaire,titre,domaine,artistes,statut,credit,notice_pop
musée Ingres Bourdelle,Montauban,06070043332,MIC.1.54.A,,dessin,Ingres,unknown,© Jeanneteau Marc ; © musée de Montauban,https://pop.culture.gouv.fr/notice/joconde/06070043332
musée Ingres Bourdelle,Montauban,06070043334,MIC.1.54.B,,dessin,Ingres,unknown,© Jeanneteau Marc ; © musée de Montauban,https://pop.culture.gouv.fr/notice/joconde/06070043334
musée Ingres Bourdelle,Montauban,06070043336,MIC.1.54.C,,dessin,Ingres,unknown,© Jeanneteau Marc ; © musée de Montauban,https://pop.culture.gouv.fr/notice/joconde/06070043336
musée Ingres Bourdelle,Montauban,06070043338,MIC.1.54.D,,dessin,Ingres,unknown,© Jeanneteau Marc ; © musée de Montauban,https://pop.culture.gouv.fr/notice/joconde/06070043338
musée Ingres Bourdelle,Montauban,06070052048,MIC.2.20.A,,dessin,Ingres,unknown,© Jeanneteau Marc ; © musée de Montauban,https://pop.culture.gouv.fr/notice/joconde/06070052048
musée Ingres Bourdelle,Montauban,06070052054,MIC.2.20.D,,dessin,Ingres,unknown,© Jeanneteau Marc ; © musée de Montauban,https://pop.culture.gouv.fr/notice/joconde/06070052054
musée Ingres Bourdelle,Montauban,06070052056,MIC.2.20.E,,dessin,Ingres,unknown,© Jeanneteau Marc ; © musée de Montauban,https://pop.culture.gouv.fr/notice/joconde/06070052056
musée Ingres Bourdelle,Montauban,06070052058,MIC.2.20.F,,dessin,Ingres,unknown,© Jeanneteau Marc ; © musée de Montauban,https://pop.culture.gouv.fr/notice/joconde/06070052058
musée Ingres Bourdelle,Montauban,06070052062,MIC.2.20.H,,dessin,Ingres,unknown,© Jeanneteau Marc ; © musée de Montauban,https://pop.culture.gouv.fr/notice/joconde/06070052062
musée Ingres Bourdelle,Montauban,06070052064,MIC.2.20.I,,dessin,Ingres,unknown,© Jeanneteau Marc ; © musée de Montauban,https://pop.culture.gouv.fr/notice/joconde/06070052064
musée Ingres Bourdelle,Montauban,06070052066,MIC.2.20.J,,dessin,Ingres,unknown,© Jeanneteau Marc ; © musée de Montauban,https://pop.culture.gouv.fr/notice/joconde/06070052066
musée Ingres Bourdelle,Montauban,06070052068,MIC.2.20.K,,dessin,Ingres,unknown,© Jeanneteau Marc ; © musée de Montauban,https://pop.culture.gouv.fr/notice/joconde/06070052068
musée Ingres Bourdelle,Montauban,06070052070,MIC.2.20.L,,dessin,Ingres,unknown,© Jeanneteau Marc ; © musée de Montauban,https://pop.culture.gouv.fr/notice/joconde/06070052070
musée Ingres Bourdelle,Montauban,06070052072,MIC.2.20.M,,dessin,Ingres,unknown,© Jeanneteau Marc ; © musée de Montauban,https://pop.culture.gouv.fr/notice/joconde/06070052072
musée Ingres Bourdelle,Montauban,06070052074,MIC.2.21.D,,dessin,Ingres,unknown,© Jeanneteau Marc ; © musée de Montauban,https://pop.culture.gouv.fr/notice/joconde/06070052074
musée Ingres Bourdelle,Montauban,06070052076,MIC.2.21.B,,dessin,Ingres,unknown,© Jeanneteau Marc ; © musée de Montauban,https://pop.culture.gouv.fr/notice/joconde/06070052076
musée Ingres Bourdelle,Montauban,06070052078,MIC.2.21.A,,dessin,Ingres,unknown,© Jeanneteau Marc ; © musée de Montauban,https://pop.culture.gouv.fr/notice/joconde/06070052078
musée Ingres Bourdelle,Montauban,06070052079,MIC.2.21.C,,dessin,Ingres,unknown,© Jeanneteau Marc ; © musée de Montauban,https://pop.culture.gouv.fr/notice/joconde/06070052079
musée Ingres Bourdelle,Montauban,06070052082,MIC.2.21.E,,dessin,Ingres,unknown,© Jeanneteau Marc ; © musée de Montauban,https://pop.culture.gouv.fr/notice/joconde/06070052082
musée Ingres Bourdelle,Montauban,06070052084,MIC.2.21.F,,dessin,Ingres,unknown,© Jeanneteau Marc ; © musée de Montauban,https://pop.culture.gouv.fr/notice/joconde/06070052084
musée Ingres Bourdelle,Montauban,06070052086,MIC.2.21.G,,dessin,Ingres,unknown,© Jeanneteau Marc ; © musée de Montauban,https://pop.culture.gouv.fr/notice/joconde/06070052086
musée Ingres Bourdelle,Montauban,06070052088,MIC.2.22.A,,dessin,Ingres,unknown,© Jeanneteau Marc ; © musée de Montauban,https://pop.culture.gouv.fr/notice/joconde/06070052088
musée Ingres Bourdelle,Montauban,06070052092,MIC.2.23.A,,dessin,Ingres,unknown,© Jeanneteau Marc ; © musée de Montauban,https://pop.culture.gouv.fr/notice/joconde/06070052092
musée Ingres Bourdelle,Montauban,06070052094,MIC.2.23.B,,dessin,Ingres,unknown,© Jeanneteau Marc ; © musée de Montauban,https://pop.culture.gouv.fr/notice/joconde/06070052094
musée Ingres Bourdelle,Montauban,06070052096,MIC.2.24.A,,dessin,Ingres,unknown,© Jeanneteau Marc ; © musée de Montauban,https://pop.culture.gouv.fr/notice/joconde/06070052096
musée Ingres Bourdelle,Montauban,06070052100,MIC.2.24.C,,dessin,Ingres,unknown,© Jeanneteau Marc ; © musée de Montauban,https://pop.culture.gouv.fr/notice/joconde/06070052100
musée Ingres Bourdelle,Montauban,06070052102,MIC.2.24.D,,dessin,Ingres,unknown,© Jeanneteau Marc ; © musée de Montauban,https://pop.culture.gouv.fr/notice/joconde/06070052102
musée Ingres Bourdelle,Montauban,06070052104,MIC.2.24.E,,dessin,Ingres,unknown,© Jeanneteau Marc ; © musée de Montauban,https://pop.culture.gouv.fr/notice/joconde/06070052104
musée Ingres Bourdelle,Montauban,06070052106,MIC.2.24.F,,dessin,Ingres,unknown,© Jeanneteau Marc ; © musée de Montauban,https://pop.culture.gouv.fr/notice/joconde/06070052106
musée Ingres Bourdelle,Montauban,06070052110,MIC.2.24.H,,dessin,Ingres,unknown,© Jeanneteau Marc ; © musée de Montauban,https://pop.culture.gouv.fr/notice/joconde/06070052110
musée Ingres Bourdelle,Montauban,06070052112,MIC.2.24.I,,dessin,Ingres,unknown,© Jeanneteau Marc ; © musée de Montauban,https://pop.culture.gouv.fr/notice/joconde/06070052112
musée Ingres Bourdelle,Montauban,06070052114,MIC.2.24.J,,dessin,Ingres,unknown,© Jeanneteau Marc ; © musée de Montauban,https://pop.culture.gouv.fr/notice/joconde/06070052114
musée Ingres Bourdelle,Montauban,06070052118,MIC.2.25.A,,dessin,Ingres,unknown,© Jeanneteau Marc ; © musée de Montauban,https://pop.culture.gouv.fr/notice/joconde/06070052118
musée Ingres Bourdelle,Montauban,06070052120,MIC.2.25.B,,dessin,Ingres,unknown,© Jeanneteau Marc ; © musée de Montauban,https://pop.culture.gouv.fr/notice/joconde/06070052120
musée Ingres Bourdelle,Montauban,06070052127,MIC.2.25.E,,dessin,Ingres,unknown,© Jeanneteau Marc ; © musée de Montauban,https://pop.culture.gouv.fr/notice/joconde/06070052127
musée Ingres Bourdelle,Montauban,06070052129,MIC.2.26.A,,dessin,Ingres,unknown,© Jeanneteau Marc ; © musée de Montauban,https://pop.culture.gouv.fr/notice/joconde/06070052129
musée Ingres Bourdelle,Montauban,06070052131,MIC.2.26.B,,dessin,Ingres,unknown,© Jeanneteau Marc ; © musée de Montauban,https://pop.culture.gouv.fr/notice/joconde/06070052131
musée Ingres Bourdelle,Montauban,06070052133,MIC.2.26.C,,dessin,Ingres,unknown,© Jeanneteau Marc ; © musée de Montauban,https://pop.culture.gouv.fr/notice/joconde/06070052133
musée Ingres Bourdelle,Montauban,06070052135,MIC.2.26.D,,dessin,Ingres,unknown,© Jeanneteau Marc ; © musée de Montauban,https://pop.culture.gouv.fr/notice/joconde/06070052135
musée Ingres Bourdelle,Montauban,06070052137,MIC.2.26.E,,dessin,Ingres,unknown,© Jeanneteau Marc ; © musée de Montauban,https://pop.culture.gouv.fr/notice/joconde/06070052137
musée Ingres Bourdelle,Montauban,06070052139,MIC.2.26.F,,dessin,Ingres,unknown,© Jeanneteau Marc ; © musée de Montauban,https://pop.culture.gouv.fr/notice/joconde/06070052139
musée Ingres Bourdelle,Montauban,06070052141,MIC.2.26.G,,dessin,Ingres,unknown,© Jeanneteau Marc ; © musée de Montauban,https://pop.culture.gouv.fr/notice/joconde/06070052141
musée Ingres Bourdelle,Montauban,06070052143,MIC.2.26.H,,dessin,Ingres,unknown,© Jeanneteau Marc ; © musée de Montauban,https://pop.culture.gouv.fr/notice/joconde/06070052143
musée Ingres Bourdelle,Montauban,06070052145,MIC.2.26.I,,dessin,Ingres,unknown,© Jeanneteau Marc ; © musée de Montauban,https://pop.culture.gouv.fr/notice/joconde/06070052145
musée Ingres Bourdelle,Montauban,06070052211,MIC.2.29.A,,dessin,Ingres,unknown,© Jeanneteau Marc ; © musée de Montauban,https://pop.culture.gouv.fr/notice/joconde/06070052211
musée Ingres Bourdelle,Montauban,06070052213,MIC.2.29.B,,dessin,Ingres,unknown,© Jeanneteau Marc ; © musée de Montauban,https://pop.culture.gouv.fr/notice/joconde/06070052213
musée Ingres Bourdelle,Montauban,06070052215,MIC.2.29.C,,dessin,Ingres,unknown,© Jeanneteau Marc ; © musée de Montauban,https://pop.culture.gouv.fr/notice/joconde/06070052215
musée Ingres Bourdelle,Montauban,06070052219,MIC.2.29.E,,dessin,Ingres,unknown,© Jeanneteau Marc ; © musée de Montauban,https://pop.culture.gouv.fr/notice/joconde/06070052219
musée Ingres Bourdelle,Montauban,06070052221,MIC.2.29.F,,dessin,Ingres,unknown,© Jeanneteau Marc ; © musée de Montauban,https://pop.culture.gouv.fr/notice/joconde/06070052221
musée Ingres Bourdelle,Montauban,06070052223,MIC.2.29.G,,dessin,Ingres,unknown,© Jeanneteau Marc ; © musée de Montauban,https://pop.culture.gouv.fr/notice/joconde/06070052223
musée Ingres Bourdelle,Montauban,06070052225,MIC.2.29.H,,dessin,Ingres,unknown,© Jeanneteau Marc ; © musée de Montauban,https://pop.culture.gouv.fr/notice/joconde/06070052225
musée Ingres Bourdelle,Montauban,06070052233,MIC.2.29.L,,dessin,Ingres,unknown,© Jeanneteau Marc ; © musée de Montauban,https://pop.culture.gouv.fr/notice/joconde/06070052233
musée Ingres Bourdelle,Montauban,06070052237,MIC.2.29.N,,dessin,Ingres,unknown,© Jeanneteau Marc ; © musée de Montauban,https://pop.culture.gouv.fr/notice/joconde/06070052237
musée Ingres Bourdelle,Montauban,06070052239,MIC.2.29.P,,dessin,Ingres,unknown,© Jeanneteau Marc ; © musée de Montauban,https://pop.culture.gouv.fr/notice/joconde/06070052239
musée Ingres Bourdelle,Montauban,06070052245,MIC.2.29.R,,dessin,Ingres,unknown,© Jeanneteau Marc ; © musée de Montauban,https://pop.culture.gouv.fr/notice/joconde/06070052245
musée Ingres Bourdelle,Montauban,06070052247,MIC.2.29.S,,dessin,Ingres,unknown,© Jeanneteau Marc ; © musée de Montauban,https://pop.culture.gouv.fr/notice/joconde/06070052247
musée Ingres Bourdelle,Montauban,06070052249,MIC.2.30.A,,dessin,Ingres,unknown,© Jeanneteau Marc ; © musée de Montauban,https://pop.culture.gouv.fr/notice/joconde/06070052249
musée Ingres Bourdelle,Montauban,06070052251,MIC.2.30.E,,dessin,Ingres,unknown,© Jeanneteau Marc ; © musée de Montauban,https://pop.culture.gouv.fr/notice/joconde/06070052251
musée Ingres Bourdelle,Montauban,06070052253,MIC.2.30.B,,dessin,Ingres,unknown,© Jeanneteau Marc ; © musée de Montauban,https://pop.culture.gouv.fr/notice/joconde/06070052253
musée Ingres Bourdelle,Montauban,06070052255,MIC.2.30.C,,dessin,Ingres,unknown,© Jeanneteau Marc ; © musée de Montauban,https://pop.culture.gouv.fr/notice/joconde/06070052255
musée Ingres Bourdelle,Montauban,06070052257,MIC.2.30.D,,dessin,Ingres,unknown,© Jeanneteau Marc ; © musée de Montauban,https://pop.culture.gouv.fr/notice/joconde/06070052257
musée Ingres Bourdelle,Montauban,06070052259,MIC.2.30.F,,dessin,Ingres,unknown,© Jeanneteau Marc ; © musée de Montauban,https://pop.culture.gouv.fr/notice/joconde/06070052259
musée Ingres Bourdelle,Montauban,06070052261,MIC.2.30.G,,dessin,Ingres,unknown,© Jeanneteau Marc ; © musée de Montauban,https://pop.culture.gouv.fr/notice/joconde/06070052261
musée Ingres Bourdelle,Montauban,06070052277,MIC.2.31.H,,dessin,Ingres,unknown,© Jeanneteau Marc ; © musée de Montauban,https://pop.culture.gouv.fr/notice/joconde/06070052277
musée Ingres Bourdelle,Montauban,06070052283,MIC.2.31.K,,dessin,Ingres,unknown,© Jeanneteau Marc ; © musée de Montauban,https://pop.culture.gouv.fr/notice/joconde/06070052283
musée Ingres Bourdelle,Montauban,06070052287,MIC.2.31.M,,dessin,Ingres,unknown,© Jeanneteau Marc ; © musée de Montauban,https://pop.culture.gouv.fr/notice/joconde/06070052287
musée Ingres Bourdelle,Montauban,06070052375,MIC.2.35.J,,dessin,Ingres,unknown,© Jeanneteau Marc ; © musée de Montauban,https://pop.culture.gouv.fr/notice/joconde/06070052375
musée Ingres Bourdelle,Montauban,06070052377,MIC.2.35.K,,dessin,Ingres,unknown,© Jeanneteau Marc ; © musée de Montauban,https://pop.culture.gouv.fr/notice/joconde/06070052377
musée Ingres Bourdelle,Montauban,06070052379,MIC.2.35.L,,dessin,Ingres,unknown,© Jeanneteau Marc ; © musée de Montauban,https://pop.culture.gouv.fr/notice/joconde/06070052379
musée Ingres Bourdelle,Montauban,06070052383,MIC.2.35.N,,dessin,Ingres,unknown,© Jeanneteau Marc ; © musée de Montauban,https://pop.culture.gouv.fr/notice/joconde/06070052383
musée Ingres Bourdelle,Montauban,06070052393,MIC.2.35.S,,dessin,Ingres,unknown,© Jeanneteau Marc ; © musée de Montauban,https://pop.culture.gouv.fr/notice/joconde/06070052393
musée Ingres Bourdelle,Montauban,06070052394,MIC.2.35.S,,dessin,Ingres,unknown,© Jeanneteau Marc ; © musée de Montauban,https://pop.culture.gouv.fr/notice/joconde/06070052394
musée Ingres Bourdelle,Montauban,06070052396,MIC.2.35.T,,dessin,Ingres,unknown,© Jeanneteau Marc ; © musée de Montauban,https://pop.culture.gouv.fr/notice/joconde/06070052396
musée Ingres Bourdelle,Montauban,06070052398,MIC.2.35.U,,dessin,Ingres,unknown,© Jeanneteau Marc ; © musée de Montauban,https://pop.culture.gouv.fr/notice/joconde/06070052398
musée Ingres Bourdelle,Montauban,06070052410,MIC.2.37.C,,dessin,Ingres,unknown,© Jeanneteau Marc ; © musée de Montauban,https://pop.culture.gouv.fr/notice/joconde/06070052410
musée Ingres Bourdelle,Montauban,06070052412,MIC.2.37.D,,dessin,Ingres,unknown,© Jeanneteau Marc ; © musée de Montauban,https://pop.culture.gouv.fr/notice/joconde/06070052412
musée Ingres Bourdelle,Montauban,06070052414,MIC.2.37.F,,dessin,Ingres,unknown,© Jeanneteau Marc ; © musée de Montauban,https://pop.culture.gouv.fr/notice/joconde/06070052414
musée Ingres Bourdelle,Montauban,06070052468,MIC.2.39.B,,dessin,Ingres,unknown,© Jeanneteau Marc ; © musée de Montauban,https://pop.culture.gouv.fr/notice/joconde/06070052468
musée Ingres Bourdelle,Montauban,06070052470,MIC.2.39.D,,dessin,Ingres,unknown,© Jeanneteau Marc ; © musée de Montauban,https://pop.culture.gouv.fr/notice/joconde/06070052470
musée Ingres Bourdelle,Montauban,06070052472,MIC.2.39.E,,dessin,Ingres,unknown,© Jeanneteau Marc ; © musée de Montauban,https://pop.culture.gouv.fr/notice/joconde/06070052472
musée Ingres Bourdelle,Montauban,06070052474,MIC.2.39.F,,dessin,Ingres,unknown,© Jeanneteau Marc ; © musée de Montauban,https://pop.culture.gouv.fr/notice/joconde/06070052474
musée Ingres Bourdelle,Montauban,06070052475,MIC.2.39.G,,dessin,Ingres,unknown,© Jeanneteau Marc ; © musée de Montauban,https://pop.culture.gouv.fr/notice/joconde/06070052475
musée Ingres Bourdelle,Montauban,06070052478,MIC.2.39.I,,dessin,Ingres,unknown,© Jeanneteau Marc ; © musée de Montauban,https://pop.culture.gouv.fr/notice/joconde/06070052478
musée Ingres Bourdelle,Montauban,06070052480,MIC.2.43.A,,dessin,Ingres,unknown,© Jeanneteau Marc ; © musée de Montauban,https://pop.culture.gouv.fr/notice/joconde/06070052480
musée Ingres Bourdelle,Montauban,06070052483,MIC.2.43.C,,dessin,Ingres,unknown,© Jeanneteau Marc ; © musée de Montauban,https://pop.culture.gouv.fr/notice/joconde/06070052483
musée Ingres Bourdelle,Montauban,06070052491,MIC.2.43.G,,dessin,Ingres,unknown,© Jeanneteau Marc ; © musée de Montauban,https://pop.culture.gouv.fr/notice/joconde/06070052491
musée Ingres Bourdelle,Montauban,06070052502,MIC.2.43.M,,dessin,Ingres,unknown,© Jeanneteau Marc ; © musée de Montauban,https://pop.culture.gouv.fr/notice/joconde/06070052502
musée Ingres Bourdelle,Montauban,06070052504,MIC.2.43.N,,dessin,Ingres,unknown,© Jeanneteau Marc ; © musée de Montauban,https://pop.culture.gouv.fr/notice/joconde/06070052504
musée Ingres Bourdelle,Montauban,06070052516,MIC.2.44.F,,dessin,Ingres,unknown,© Jeanneteau Marc ; © musée de Montauban,https://pop.culture.gouv.fr/notice/joconde/06070052516
musée Ingres Bourdelle,Montauban,06070052539,MIC.2.55.C,,dessin,Ingres,unknown,© Jeanneteau Marc ; © musée de Montauban,https://pop.culture.gouv.fr/notice/joconde/06070052539
musée Ingres Bourdelle,Montauban,06070052541,MIC.2.55.D,,dessin,Ingres,unknown,© Jeanneteau Marc ; © musée de Montauban,https://pop.culture.gouv.fr/notice/joconde/06070052541
musée Ingres Bourdelle,Montauban,06070052543,MIC.2.55.E,,dessin,Ingres,unknown,© Jeanneteau Marc ; © musée de Montauban,https://pop.culture.gouv.fr/notice/joconde/06070052543
musée Ingres Bourdelle,Montauban,06070052557,MIC.2.55.M,,dessin,Ingres,unknown,© Jeanneteau Marc ; © musée de Montauban,https://pop.culture.gouv.fr/notice/joconde/06070052557
musée Ingres Bourdelle,Montauban,06070052561,MIC.2.55.O,,dessin,Ingres,unknown,© Jeanneteau Marc ; © musée de Montauban,https://pop.culture.gouv.fr/notice/joconde/06070052561
musée Ingres Bourdelle,Montauban,06070052563,MIC.2.55.P,,dessin,Ingres,unknown,© Jeanneteau Marc ; © musée de Montauban,https://pop.culture.gouv.fr/notice/joconde/06070052563
musée Ingres Bourdelle,Montauban,06070052567,MIC.2.12.bis,,dessin,Ingres,unknown,© Jeanneteau Marc ; © musée de Montauban,https://pop.culture.gouv.fr/notice/joconde/06070052567
musée Ingres Bourdelle,Montauban,06070001420,MI.885.3,Académie d'homme,peinture,Géricault,unknown,© Roumagnac Guy,https://pop.culture.gouv.fr/notice/joconde/06070001420
musée Ingres Bourdelle,Montauban,06070009338,MI.867.4410,Allée d'une villa romaine,dessin,Ingres,unknown,© Roumagnac Guy,https://pop.culture.gouv.fr/notice/joconde/06070009338
musée Ingres Bourdelle,Montauban,06070000146,MI.882.2,Allégorie à la gloire de Louis XIV,peinture,Charles Le Brun,unknown,© Roumagnac Guy,https://pop.culture.gouv.fr/notice/joconde/06070000146
musée Ingres Bourdelle,Montauban,06070003323,MI.867.1767 ; 40 F15 SP (Inventaire Cambon) ; 530 (Inventaire Momméja),Apôtre n°2 et saint Matthieu,dessin,Ingres,unknown,© Roumagnac Guy,https://pop.culture.gouv.fr/notice/joconde/06070003323
musée Ingres Bourdelle,Montauban,06070009440,MI.867.4502,Arcades supportées par des colonnes,dessin,Ingres,unknown,© Roumagnac Guy,https://pop.culture.gouv.fr/notice/joconde/06070009440
musée Ingres Bourdelle,Montauban,06070009307,MI.867.4360,Autel du Saint-Sacrement à St-Jean de Latran,dessin,Ingres,unknown,© Roumagnac Guy,https://pop.culture.gouv.fr/notice/joconde/06070009307
musée Ingres Bourdelle,Montauban,06070009295,MI.867.4351,Campanile de Santa Francesca Romana ; au verso : Des maisons vues au-delà d'une arcade,dessin,Ingres,unknown,© Roumagnac Guy,https://pop.culture.gouv.fr/notice/joconde/06070009295
musée Ingres Bourdelle,Montauban,06070009309,MI.867.4408,Casino de Raphaël à la Villa Borghèse ; Au verso : Un homme tenant une croix,dessin,Ingres,unknown,© Roumagnac Guy,https://pop.culture.gouv.fr/notice/joconde/06070009309
musée Ingres Bourdelle,Montauban,06070009342,MI.867.4444 ; 1 F28 SP (Inventaire Cambon) ; 3530 (Inventaire Momméja),Chambre à coucher d'Ingres à la villa Médicis,dessin,Ingres,unknown,© Roumagnac Guy,https://pop.culture.gouv.fr/notice/joconde/06070009342
musée Ingres Bourdelle,Montauban,06070009404,MI.867.4478,Choeur d'une église gothique ; au verso : Cavaliers dans une ville,dessin,Ingres,unknown,© Roumagnac Guy,https://pop.culture.gouv.fr/notice/joconde/06070009404
musée Ingres Bourdelle,Montauban,06070009444,MI.867.4506,Couloir au bout duquel on aperçoit un paysage,dessin,Ingres,unknown,© Roumagnac Guy,https://pop.culture.gouv.fr/notice/joconde/06070009444
musée Ingres Bourdelle,Montauban,06070009308,MI.867.4389,Coupole de Santa Pudenziana,dessin,Ingres,unknown,© Roumagnac Guy,https://pop.culture.gouv.fr/notice/joconde/06070009308
musée Ingres Bourdelle,Montauban,06070009426,MI.867.4488,Croquis vague d'une maison avec un portique,dessin,Ingres,unknown,© Roumagnac Guy,https://pop.culture.gouv.fr/notice/joconde/06070009426
musée Ingres Bourdelle,Montauban,06070009432,MI.867.4494,Des maisons parmi les arbres sur un promontoire,dessin,Ingres,unknown,© Roumagnac Guy,https://pop.culture.gouv.fr/notice/joconde/06070009432
musée Ingres Bourdelle,Montauban,06070009316,MI.867.4448,Détail de la façade d'une église,dessin,Ingres,unknown,© Roumagnac Guy,https://pop.culture.gouv.fr/notice/joconde/06070009316
musée Ingres Bourdelle,Montauban,06070009306,MI.867.4343,Eglise de Sainte-Agnès-hors-les-murs,dessin,Ingres,unknown,© Roumagnac Guy,https://pop.culture.gouv.fr/notice/joconde/06070009306
musée Ingres Bourdelle,Montauban,06070009410,MI.867.4490,Entrée d'un couvent,dessin,Ingres,unknown,© Roumagnac Guy,https://pop.culture.gouv.fr/notice/joconde/06070009410
musée Ingres Bourdelle,Montauban,06070001465,MI.867.92,Etude d'arbres,peinture,Ingres,unknown,© Roumagnac Guy,https://pop.culture.gouv.fr/notice/joconde/06070001465
musée Ingres Bourdelle,Montauban,06070001464,MI.867.183,Etude d'un cheval,peinture,Ingres,unknown,© Roumagnac Guy,https://pop.culture.gouv.fr/notice/joconde/06070001464
musée Ingres Bourdelle,Montauban,06070009449,MI.867.4522,Etude de ciel ; au verso : Deux personnages et un branchage,dessin,Ingres,unknown,© Roumagnac Guy,https://pop.culture.gouv.fr/notice/joconde/06070009449
musée Ingres Bourdelle,Montauban,06070009448,MI.867.4521,Etude de fleurs et de feuilles,dessin,Ingres,unknown,© Roumagnac Guy,https://pop.culture.gouv.fr/notice/joconde/06070009448
musée Ingres Bourdelle,Montauban,06070009451,MI.867.4524,Etude de vagues,dessin,Ingres,unknown,© Roumagnac Guy,https://pop.culture.gouv.fr/notice/joconde/06070009451
musée Ingres Bourdelle,Montauban,06070001460,MI.867.182,Etude pour le Portrait de Madame Moitessier assise,peinture,Ingres,unknown,© Guy Roumagnac,https://pop.culture.gouv.fr/notice/joconde/06070001460
musée Ingres Bourdelle,Montauban,06070001463,MI.867.76,Etudes d'ailes,peinture,Ingres,unknown,© Roumagnac Guy,https://pop.culture.gouv.fr/notice/joconde/06070001463
musée Ingres Bourdelle,Montauban,06070009291,MI.867.4307,Fontaine dell'acqua felice,dessin,Ingres,unknown,© Roumagnac Guy,https://pop.culture.gouv.fr/notice/joconde/06070009291
musée Ingres Bourdelle,Montauban,06070000244,MI.48.2.7,Glaucus et Scylla,peinture,Salvator Rosa,unknown,© Roumagnac Guy,https://pop.culture.gouv.fr/notice/joconde/06070000244
musée Ingres Bourdelle,Montauban,06070009441,MI.867.4503,Grande habitation parmi les arbres,dessin,Ingres,unknown,© Roumagnac Guy,https://pop.culture.gouv.fr/notice/joconde/06070009441
musée Ingres Bourdelle,Montauban,06070001461,MI.867.135,Groupe de femmes,peinture,Ingres,unknown,© Roumagnac Guy,https://pop.culture.gouv.fr/notice/joconde/06070001461
musée Ingres Bourdelle,Montauban,06070009438,MI.867.4499,Groupe de maisons,dessin,Ingres,unknown,© Roumagnac Guy,https://pop.culture.gouv.fr/notice/joconde/06070009438
musée Ingres Bourdelle,Montauban,06070009341,MI.867.4349 ; 3 F28 SP (Inventaire Cambon) ; 3532 (Inventaire Momméja),Ingres et sa femme visitant l'église San Cosimato,dessin,Ingres,unknown,© Roumagnac Guy,https://pop.culture.gouv.fr/notice/joconde/06070009341
musée Ingres Bourdelle,Montauban,06070009290,MI.867.4449,Intérieur d'une basilique,dessin,Ingres,unknown,© Roumagnac Guy,https://pop.culture.gouv.fr/notice/joconde/06070009290
musée Ingres Bourdelle,Montauban,06070001457,MI.867.101,Investiture d'un préfet de Rome dans la chapelle Sixtine,peinture,Ingres,unknown,© Roumagnac Guy,https://pop.culture.gouv.fr/notice/joconde/06070001457
musée Ingres Bourdelle,Montauban,06070009436,MI.867.4498,Jardin avec une fontaine,dessin,Ingres,unknown,© Roumagnac Guy,https://pop.culture.gouv.fr/notice/joconde/06070009436
musée Ingres Bourdelle,Montauban,06070009311,MI.867.4364,L'Escalier de Santa Maria in Aracoeli ; au verso : Paysage avec une tour,dessin,Ingres,unknown,© Roumagnac Guy,https://pop.culture.gouv.fr/notice/joconde/06070009311
musée Ingres Bourdelle,Montauban,06070009318,MI.867.4309,La Campagne romaine,dessin,Ingres,unknown,© Roumagnac Guy,https://pop.culture.gouv.fr/notice/joconde/06070009318
musée Ingres Bourdelle,Montauban,06070009317,MI.867.4308 ; 141b F24 SP (Inventaire Cambon) ; 2908 (Inventaire Momméja),La Campagne romaine ; au verso : Quelques arbres,dessin,Ingres,unknown,© Roumagnac Guy,https://pop.culture.gouv.fr/notice/joconde/06070009317
musée Ingres Bourdelle,Montauban,06070009340,MI.867.4443 ; 26 F24 SP (Inventaire Cambon) ; 2766 (Inventaire Momméja),La Chambre d'Ingres au pavillon San Gaetano,dessin,Ingres,unknown,© Roumagnac Guy,https://pop.culture.gouv.fr/notice/joconde/06070009340
musée Ingres Bourdelle,Montauban,06070009312,MI.867.4380,La Coupole de Saint-Pierre ; au verso : Tombeau antique,dessin,Ingres,unknown,© Roumagnac Guy,https://pop.culture.gouv.fr/notice/joconde/06070009312
musée Ingres Bourdelle,Montauban,06070009339,MI.867.4415,La Façade de la villa Médicis,dessin,Ingres,unknown,© Roumagnac Guy,https://pop.culture.gouv.fr/notice/joconde/06070009339
musée Ingres Bourdelle,Montauban,06070009327,MI.867.4438,La Fontaine de la Villa Médicis,dessin,Ingres,unknown,© Roumagnac Guy,https://pop.culture.gouv.fr/notice/joconde/06070009327
musée Ingres Bourdelle,Montauban,06070009319,MI.867.4327,La Porte Capena,dessin,Ingres,unknown,© Roumagnac Guy,https://pop.culture.gouv.fr/notice/joconde/06070009319
musée Ingres Bourdelle,Montauban,06070009321,MI.867.4329,La Porte Pinciana,dessin,Ingres,unknown,© Roumagnac Guy,https://pop.culture.gouv.fr/notice/joconde/06070009321
musée Ingres Bourdelle,Montauban,06070009322,MI.867.4330,La Porte Salaria,dessin,Ingres,unknown,© Roumagnac Guy,https://pop.culture.gouv.fr/notice/joconde/06070009322
musée Ingres Bourdelle,Montauban,06070009320,MI.867.4328,La Porte de Gabies,dessin,Ingres,unknown,© Roumagnac Guy,https://pop.culture.gouv.fr/notice/joconde/06070009320
musée Ingres Bourdelle,Montauban,06070001458,MI.867.100,La Tribune des chantres de la chapelle Sixtine,peinture,Ingres,unknown,© Roumagnac Guy,https://pop.culture.gouv.fr/notice/joconde/06070001458
musée Ingres Bourdelle,Montauban,06070009336,MI.867.4375,Le Campanile et la façade de Santa Susanna,dessin,Ingres,unknown,© Roumagnac Guy,https://pop.culture.gouv.fr/notice/joconde/06070009336
musée Ingres Bourdelle,Montauban,06070009328,MI.867.4310,Le Capitole,dessin,Ingres,unknown,© Roumagnac Guy,https://pop.culture.gouv.fr/notice/joconde/06070009328
musée Ingres Bourdelle,Montauban,06070009332,MI.867.4319 ; 30 F24 SP (Inventaire Cambon) ; 2770 (Inventaire Momméja),Le Palais Sacchetti,dessin,Ingres,unknown,© Roumagnac Guy,https://pop.culture.gouv.fr/notice/joconde/06070009332
musée Ingres Bourdelle,Montauban,06070009292,MI.867.4311,Le Palais des conservateurs au Capitole,dessin,Ingres,unknown,© Roumagnac Guy,https://pop.culture.gouv.fr/notice/joconde/06070009292
musée Ingres Bourdelle,Montauban,06070009329,MI.867.4321,Le Panthéon,dessin,Ingres,unknown,© Roumagnac Guy,https://pop.culture.gouv.fr/notice/joconde/06070009329
musée Ingres Bourdelle,Montauban,06070009361,MI.867.4457,Le Temple de Vesta et le pont de San Rocco,dessin,Ingres,unknown,© Roumagnac Guy,https://pop.culture.gouv.fr/notice/joconde/06070009361
musée Ingres Bourdelle,Montauban,06070009314,MI.867.4403,Le Vatican et Saint-Pierre ; au verso : Italienne assise,dessin,Ingres,unknown,© Roumagnac Guy,https://pop.culture.gouv.fr/notice/joconde/06070009314
musée Ingres Bourdelle,Montauban,06070009337,MI.867.4388,Les Eglises del Bambin Gesu et de Santa Pudenziana,dessin,Ingres,unknown,© Roumagnac Guy,https://pop.culture.gouv.fr/notice/joconde/06070009337
musée Ingres Bourdelle,Montauban,06070009427,MI.867.4487,Maison parmi les pins ; au verso : Main tenant un bâton,dessin,Ingres,unknown,© Roumagnac Guy,https://pop.culture.gouv.fr/notice/joconde/06070009427
musée Ingres Bourdelle,Montauban,06070009409,MI.867.4484,Maisons italiennes au bord d'une rue ; au verso : Intérieur d'église,dessin,Ingres,unknown,© Roumagnac Guy,https://pop.culture.gouv.fr/notice/joconde/06070009409
musée Ingres Bourdelle,Montauban,06070009362,MI.867.4485,Maisons italiennes avec un campanile roman,dessin,Ingres,unknown,© Roumagnac Guy,https://pop.culture.gouv.fr/notice/joconde/06070009362
musée Ingres Bourdelle,Montauban,06070009357,MI.867.4455,Maisons médiévales,dessin,Ingres,unknown,© Roumagnac Guy,https://pop.culture.gouv.fr/notice/joconde/06070009357
musée Ingres Bourdelle,Montauban,06070009445,MI.867.4518,Marine,dessin,Ingres,unknown,© Roumagnac Guy,https://pop.culture.gouv.fr/notice/joconde/06070009445
musée Ingres Bourdelle,Montauban,06070009447,MI.867.4520,Nuages au-dessus d'une montagne,dessin,Ingres,unknown,© Roumagnac Guy,https://pop.culture.gouv.fr/notice/joconde/06070009447
musée Ingres Bourdelle,Montauban,06070009359,MI.867.4479 ; 10 F22 SV (Inventaire Cambon),Panorama,dessin,Ingres,unknown,© Roumagnac Guy,https://pop.culture.gouv.fr/notice/joconde/06070009359
musée Ingres Bourdelle,Montauban,06070009358,MI.867.4456,Panorama avec le temple de Vesta,dessin,Ingres,unknown,© Roumagnac Guy,https://pop.culture.gouv.fr/notice/joconde/06070009358
musée Ingres Bourdelle,Montauban,06070009355,MI.867.4453,Panorama de Tivoli,dessin,Ingres,unknown,© Roumagnac Guy,https://pop.culture.gouv.fr/notice/joconde/06070009355
musée Ingres Bourdelle,Montauban,06070009433,MI.867.4495,Partie d'une villa ; au verso : Paysage,dessin,Ingres,unknown,© Roumagnac Guy,https://pop.culture.gouv.fr/notice/joconde/06070009433
musée Ingres Bourdelle,Montauban,06070009442,MI.867.4504,Partie supérieure ovale d'un tableau,dessin,Ingres,unknown,© Roumagnac Guy,https://pop.culture.gouv.fr/notice/joconde/06070009442
musée Ingres Bourdelle,Montauban,06070000099,MI.867.4,Paysage,peinture,Gaspard Dughet,unknown,© Roumagnac Guy,https://pop.culture.gouv.fr/notice/joconde/06070000099
musée Ingres Bourdelle,Montauban,06070009443,MI.867.4505,Paysage au bord d'un lac,dessin,Ingres,unknown,© Roumagnac Guy,https://pop.culture.gouv.fr/notice/joconde/06070009443
musée Ingres Bourdelle,Montauban,06070000098,MI.867.31,Paysage au soleil couchant,peinture,Gaspard Dughet,unknown,© Roumagnac Guy,https://pop.culture.gouv.fr/notice/joconde/06070000098
musée Ingres Bourdelle,Montauban,06070000172,MI.50.494,Paysage avec chartreux,peinture,Pier Francesco Mola,unknown,© Roumagnac Guy,https://pop.culture.gouv.fr/notice/joconde/06070000172
musée Ingres Bourdelle,Montauban,06070000361,MI.50.492,Paysage avec un porteur d'eau,peinture,Gaspard Dughet,unknown,© Roumagnac Guy,https://pop.culture.gouv.fr/notice/joconde/06070000361
musée Ingres Bourdelle,Montauban,06070009403,MI.867.4477,Paysage de collines,dessin,Ingres,unknown,© Roumagnac Guy,https://pop.culture.gouv.fr/notice/joconde/06070009403
musée Ingres Bourdelle,Montauban,06070009425,MI.867.4489,Paysage de toits,dessin,Ingres,unknown,© Roumagnac Guy,https://pop.culture.gouv.fr/notice/joconde/06070009425
musée Ingres Bourdelle,Montauban,06070009304,MI.867.4384,Place Saint-Pierre,dessin,Ingres,unknown,© Roumagnac Guy,https://pop.culture.gouv.fr/notice/joconde/06070009304
musée Ingres Bourdelle,Montauban,06070009450,MI.867.4523,Pluie sur la mer,dessin,Ingres,unknown,© Roumagnac Guy,https://pop.culture.gouv.fr/notice/joconde/06070009450
musée Ingres Bourdelle,Montauban,06070000081,MI.877.1.13,Portrait d'homme,peinture,Corneille de Lyon,unknown,Roumagnac Guy,https://pop.culture.gouv.fr/notice/joconde/06070000081
musée Ingres Bourdelle,Montauban,06070000168,MI.20.1.2,Portrait d'homme,peinture,Pierre Mignard,unknown,© Roumagnac Guy,https://pop.culture.gouv.fr/notice/joconde/06070000168
musée Ingres Bourdelle,Montauban,06070001454,MI.867.61,Portrait de Bindo Altoviti,peinture,Ingres,unknown,© Roumagnac Guy,https://pop.culture.gouv.fr/notice/joconde/06070001454
musée Ingres Bourdelle,Montauban,06070000166,MI.843.1.4,Portrait de Louis XIV,peinture,Pierre Mignard,unknown,© Roumagnac Guy,https://pop.culture.gouv.fr/notice/joconde/06070000166
musée Ingres Bourdelle,Montauban,06070001455,MI.867.139,Portrait de Raphaël,peinture,Ingres,unknown,© Roumagnac Guy,https://pop.culture.gouv.fr/notice/joconde/06070001455
musée Ingres Bourdelle,Montauban,06070000167,MI.20.1.1,Portrait de femme,peinture,Pierre Mignard,unknown,© Roumagnac Guy,https://pop.culture.gouv.fr/notice/joconde/06070000167
musée Ingres Bourdelle,Montauban,06070009360,MI.867.4458 ; 35 F24 SP (Inventaire Cambon) ; 2776 (Inventaire Momméja),Péristyle du temple de Vesta,dessin,Ingres,unknown,© Roumagnac Guy,https://pop.culture.gouv.fr/notice/joconde/06070009360
musée Ingres Bourdelle,Montauban,06070009446,MI.867.4519,Rivage marin,dessin,Ingres,unknown,© Roumagnac Guy,https://pop.culture.gouv.fr/notice/joconde/06070009446
musée Ingres Bourdelle,Montauban,06070000233,MI.882.5,Saint Jérôme lisant,peinture,Ribera,unknown,© Roumagnac Guy,https://pop.culture.gouv.fr/notice/joconde/06070000233
musée Ingres Bourdelle,Montauban,06070000115,MI.21.1.1,Sainte Famille,peinture,Fragonard,unknown,© Roumagnac Guy,https://pop.culture.gouv.fr/notice/joconde/06070000115
musée Ingres Bourdelle,Montauban,06070009343,MI.867.4444 bis ; 2 F28 SP (Inventaire Cambon) ; 3531 (Inventaire Momméja),Salle à manger d'Ingres à la villa Médicis,dessin,Ingres,unknown,© Roumagnac Guy,https://pop.culture.gouv.fr/notice/joconde/06070009343
musée Ingres Bourdelle,Montauban,06070009334,MI.867.4372,Santa Maria Maggiore,dessin,Ingres,unknown,© Roumagnac Guy,https://pop.culture.gouv.fr/notice/joconde/06070009334
musée Ingres Bourdelle,Montauban,06070009313,MI.867.4393,Santa Maria della Vittoria et le campanile de Santa Susanna,dessin,Ingres,unknown,© Roumagnac Guy,https://pop.culture.gouv.fr/notice/joconde/06070009313
musée Ingres Bourdelle,Montauban,06070009297,MI.867.4369,Santa Maria in Aracoeli,dessin,Ingres,unknown,© Roumagnac Guy,https://pop.culture.gouv.fr/notice/joconde/06070009297
musée Ingres Bourdelle,Montauban,06070001453,MI.867.63,Têtes d'une mère et de deux enfants,peinture,Ingres,unknown,© Roumagnac Guy,https://pop.culture.gouv.fr/notice/joconde/06070001453
musée Ingres Bourdelle,Montauban,06070009434,MI.867.4496,Un couvent dans les bois,dessin,Ingres,unknown,© Roumagnac Guy,https://pop.culture.gouv.fr/notice/joconde/06070009434
musée Ingres Bourdelle,Montauban,06070009437,MI.867.4501,Un jardin en Italie,dessin,Ingres,unknown,© Roumagnac Guy,https://pop.culture.gouv.fr/notice/joconde/06070009437
musée Ingres Bourdelle,Montauban,06070009439,MI.867.4500,Un pont au-dessus d'une rivière,dessin,Ingres,unknown,© Roumagnac Guy,https://pop.culture.gouv.fr/notice/joconde/06070009439
musée Ingres Bourdelle,Montauban,06070009430,MI.867.4493,Une cour,dessin,Ingres,unknown,© Roumagnac Guy,https://pop.culture.gouv.fr/notice/joconde/06070009430
musée Ingres Bourdelle,Montauban,06070009405,MI.867.4480,Une fontaine au pied d'une colonne romaine,dessin,Ingres,unknown,© Roumagnac Guy,https://pop.culture.gouv.fr/notice/joconde/06070009405
musée Ingres Bourdelle,Montauban,06070009323,MI.867.4332,Une porte romaine,dessin,Ingres,unknown,© Roumagnac Guy,https://pop.culture.gouv.fr/notice/joconde/06070009323
musée Ingres Bourdelle,Montauban,06070009324,MI.867.4333,Une porte romaine,dessin,Ingres,unknown,© Roumagnac Guy,https://pop.culture.gouv.fr/notice/joconde/06070009324
musée Ingres Bourdelle,Montauban,06070009325,MI.867.4334,Une porte romaine,dessin,Ingres,unknown,© Roumagnac Guy,https://pop.culture.gouv.fr/notice/joconde/06070009325
musée Ingres Bourdelle,Montauban,06070009326,MI.867.4335,Une porte romaine,dessin,Ingres,unknown,© Roumagnac Guy,https://pop.culture.gouv.fr/notice/joconde/06070009326
musée Ingres Bourdelle,Montauban,06070009333,MI.867.4447,Une église avec un portique et une tour carrée,dessin,Ingres,unknown,© Roumagnac Guy,https://pop.culture.gouv.fr/notice/joconde/06070009333
musée Ingres Bourdelle,Montauban,06070009428,MI.867.4491,Une église en partie cachée dans les arbres,dessin,Ingres,unknown,© Roumagnac Guy,https://pop.culture.gouv.fr/notice/joconde/06070009428
musée Ingres Bourdelle,Montauban,06070001452,MI.867.65,Vierge à l'Enfant,peinture,Ingres,unknown,© Roumagnac Guy,https://pop.culture.gouv.fr/notice/joconde/06070001452
musée Ingres Bourdelle,Montauban,06070009315,MI.867.4433 ; 9b F22 SV (Inventaire Cambon),Villa Médicis ; au verso : Quelques maisons,dessin,Ingres,unknown,© Roumagnac Guy,https://pop.culture.gouv.fr/notice/joconde/06070009315
musée Ingres Bourdelle,Montauban,06070009293,MI.867.4353,Vue avec Santa Francesca Romana,dessin,Ingres,unknown,© Roumagnac Guy,https://pop.culture.gouv.fr/notice/joconde/06070009293
musée Ingres Bourdelle,Montauban,06070000100,MI.867.8,Vue d'un couvent dans un site montagneux et boisé,peinture,Gaspard Dughet,unknown,© Roumagnac Guy,https://pop.culture.gouv.fr/notice/joconde/06070000100
musée Ingres Bourdelle,Montauban,06070009429,MI.867.4492,Vue d'une loggia,dessin,Ingres,unknown,© Roumagnac Guy,https://pop.culture.gouv.fr/notice/joconde/06070009429
musée Ingres Bourdelle,Montauban,06070009435,MI.867.4497,Vue d'une loggia dans un jardin ; au verso : Perroquet,dessin,Ingres,unknown,© Roumagnac Guy,https://pop.culture.gouv.fr/notice/joconde/06070009435
musée Ingres Bourdelle,Montauban,06070009310,MI.867.4370,Vue de Sainte-Marie-Majeure,dessin,Ingres,unknown,© Roumagnac Guy,https://pop.culture.gouv.fr/notice/joconde/06070009310
musée Ingres Bourdelle,Montauban,06070001462,MI.867.57,Vue de l'acropole d'Athènes,peinture,Ingres,unknown,© Roumagnac Guy,https://pop.culture.gouv.fr/notice/joconde/06070001462
musée Ingres Bourdelle,Montauban,06070002128,MI.2002.5,Vue de la Villa Médicis,peinture,Ingres,unknown,© Roumagnac Guy,https://pop.culture.gouv.fr/notice/joconde/06070002128
musée Ingres Bourdelle,Montauban,06070009294,MI.867.4320,Vue de la ville,dessin,Ingres,unknown,© Roumagnac Guy,https://pop.culture.gouv.fr/notice/joconde/06070009294
musée Ingres Bourdelle,Montauban,06070009356,MI.867.4454 ; 164 F24 SP (Inventaire Cambon) ; 2932 (Inventaire Momméja),Vue des environs de Tivoli,dessin,Ingres,unknown,© Roumagnac Guy,https://pop.culture.gouv.fr/notice/joconde/06070009356
musée Ingres Bourdelle,Montauban,06070009330,MI.867.4354,Vue du Latran,dessin,Ingres,unknown,© Roumagnac Guy,https://pop.culture.gouv.fr/notice/joconde/06070009330
musée Ingres Bourdelle,Montauban,06070009335,MI.867.4446,Vue partielle du casino d'une villa romaine,dessin,Ingres,unknown,© Roumagnac Guy,https://pop.culture.gouv.fr/notice/joconde/06070009335
musée Ingres Bourdelle,Montauban,06070009305,MI.867.4322,Vue prise de la Piazza Barberini en direction de San Isidorio,dessin,Ingres,unknown,© Roumagnac Guy,https://pop.culture.gouv.fr/notice/joconde/06070009305
musée Ingres Bourdelle,Montauban,06070009331,MI.867.4312,Vue prise du Capitole en direction du Forum,dessin,Ingres,unknown,© Roumagnac Guy,https://pop.culture.gouv.fr/notice/joconde/06070009331
musée des beaux-arts et d'archéologie,Besançon,M0332006618,886.3.2 ; 14 ; 81 Chu,Accident de diligence,beaux-arts;peinture,Géricault,unknown,© GUENAT Pierre,https://pop.culture.gouv.fr/notice/joconde/M0332006618
musée des beaux-arts et d'archéologie,Besançon,M0332003880,D.920,Aigle ou rapace aux ailes déployées,dessin,Charles Le Brun,unknown,© musées de Besançon ; GUENAT Pierre,https://pop.culture.gouv.fr/notice/joconde/M0332003880
musée des beaux-arts et d'archéologie,Besançon,M0332000980,896.1.114,Allégorie avec une vue d'Anvers,peinture,Rubens,restricted,© CHOFFET Charles - utilisation soumise à autorisation,https://pop.culture.gouv.fr/notice/joconde/M0332000980
musée des beaux-arts et d'archéologie,Besançon,M0332004174,D.2664,"Ange tourné vers la gauche, tendant un fruit",dessin,Simon Vouet,unknown,© musées de Besançon ; GUENAT Pierre,https://pop.culture.gouv.fr/notice/joconde/M0332004174
musée des beaux-arts et d'archéologie,Besançon,M0332012327,D.2022,Cavalier sur un cheval (Henri IV à cheval ?),beaux-arts;dessin,François Gérard,unknown,GUENAT Pierre,https://pop.culture.gouv.fr/notice/joconde/M0332012327
musée des beaux-arts et d'archéologie,Besançon,M0332007131,897.1.95,Cheval devant une mangeoire,beaux-arts;peinture,Géricault,unknown,© WALTEFAUGLE Nicolas,https://pop.culture.gouv.fr/notice/joconde/M0332007131
musée des beaux-arts et d'archéologie,Besançon,M0332006632,899.1.158,Cheval mort,beaux-arts;peinture,Géricault,unknown,"© Musée des beaux-arts et d'archéologie, Besançon",https://pop.culture.gouv.fr/notice/joconde/M0332006632
musée des beaux-arts et d'archéologie,Besançon,M0332007124,899.1.155 ; 681,Cheval à l'écurie,beaux-arts;peinture,Géricault,unknown,© GUENAT Pierre,https://pop.culture.gouv.fr/notice/joconde/M0332007124
musée des beaux-arts et d'archéologie,Besançon,M0332001486,D.2932,Combat de cavalerie,beaux-arts;dessin,Boucher,unknown,© GUENAT Pierre,https://pop.culture.gouv.fr/notice/joconde/M0332001486
musée des beaux-arts et d'archéologie,Besançon,M0332013248,D.2162,Combat des Centaures et des Lapithes,beaux-arts;dessin,Géricault,unknown,© GUENAT Pierre,https://pop.culture.gouv.fr/notice/joconde/M0332013248
musée des beaux-arts et d'archéologie,Besançon,M0332012185,D.1828,Composition mythologique ou allégorique,dessin,Charles Le Brun,unknown,© musées de Besançon ; GUENAT Pierre,https://pop.culture.gouv.fr/notice/joconde/M0332012185
musée des beaux-arts et d'archéologie,Besançon,M0332002913,D.3104,Copie d'après une statue antique de Junon (recto) ; plusieurs études d'une figure casquée et esquisse d'un homme debout (verso),beaux-arts;dessin,Raphaël,unknown,© GUENAT Pierre,https://pop.culture.gouv.fr/notice/joconde/M0332002913
musée des beaux-arts et d'archéologie,Besançon,M0332001260,896.1.313,Cour de ferme,peinture,David Téniers,restricted,© GUENAT Pierre - utilisation soumise à autorisation,https://pop.culture.gouv.fr/notice/joconde/M0332001260
musée des beaux-arts et d'archéologie,Besançon,M0332013234,D.2147,Croquis avec des cavaliers,beaux-arts;dessin,Géricault,unknown,© GUENAT Pierre,https://pop.culture.gouv.fr/notice/joconde/M0332013234
musée des beaux-arts et d'archéologie,Besançon,M0332014273,D.2121,Croquis d'un homme nu assis et d'une femme tendant les bras à un petit garçon nu,beaux-arts;dessin,Géricault,unknown,© GUENAT Pierre,https://pop.culture.gouv.fr/notice/joconde/M0332014273
musée des beaux-arts et d'archéologie,Besançon,M0332013091,D.2027,Croquis d'une femme assise ou femme à sa toilette (recto) ; Etude d'architecture intérieure (verso),beaux-arts;dessin,François Gérard,unknown,GUENAT Pierre,https://pop.culture.gouv.fr/notice/joconde/M0332013091
musée des beaux-arts et d'archéologie,Besançon,M0332014274,D.2122,Croquis d'études : Scène de rue (recto) ; étude de portrait féminin (verso),beaux-arts;dessin,Géricault,unknown,© GUENAT Pierre,https://pop.culture.gouv.fr/notice/joconde/M0332014274
musée des beaux-arts et d'archéologie,Besançon,M0332013108,D.2045,Deux études d'homme assis à son bureau,beaux-arts;dessin,François Gérard,unknown,GUENAT Pierre,https://pop.culture.gouv.fr/notice/joconde/M0332013108
musée des beaux-arts et d'archéologie,Besançon,M0332012146,D.1777,Draperie d'une femme ailée,dessin,Charles Le Brun,unknown,© musées de Besançon ; GUENAT Pierre,https://pop.culture.gouv.fr/notice/joconde/M0332012146
musée des beaux-arts et d'archéologie,Besançon,M0332003871,D.1288,Etude d'arbres,dessin,Salvator Rosa,unknown,© musées de Besançon ; GUENAT Pierre,https://pop.culture.gouv.fr/notice/joconde/M0332003871
musée des beaux-arts et d'archéologie,Besançon,M0332003875,D.1292,Etude d'arbres,dessin,Salvator Rosa,unknown,© musées de Besançon ; GUENAT Pierre,https://pop.culture.gouv.fr/notice/joconde/M0332003875
musée des beaux-arts et d'archéologie,Besançon,M0332004793,D.1165,Etude d'arbres,dessin,Gaspard Dughet,unknown,© musées de Besançon ; GUENAT Pierre,https://pop.culture.gouv.fr/notice/joconde/M0332004793
musée des beaux-arts et d'archéologie,Besançon,M0332013088,D.2024,Etude d'homme nu debout (Pâris?),beaux-arts;dessin,François Gérard,unknown,GUENAT Pierre,https://pop.culture.gouv.fr/notice/joconde/M0332013088
musée des beaux-arts et d'archéologie,Besançon,M0332005161,D.5831,Etude d'un buste,dessin,Annibale Carracci,restricted,© GUENAT Pierre - utilisation soumise à autorisation,https://pop.culture.gouv.fr/notice/joconde/M0332005161
musée des beaux-arts et d'archéologie,Besançon,M0332012903,D.2167,Etude d'un cheval de profil à droite,beaux-arts;dessin,Géricault,unknown,© GUENAT Pierre,https://pop.culture.gouv.fr/notice/joconde/M0332012903
musée des beaux-arts et d'archéologie,Besançon,M0332013239,D.2155,Etude d'un cheval mort,beaux-arts;dessin,Géricault,unknown,© GUENAT Pierre,https://pop.culture.gouv.fr/notice/joconde/M0332013239
musée des beaux-arts et d'archéologie,Besançon,M0332005163,D.5848,Etude d'un chien,dessin,Annibale Carracci,restricted,© GUENAT Pierre - utilisation soumise à autorisation,https://pop.culture.gouv.fr/notice/joconde/M0332005163
musée des beaux-arts et d'archéologie,Besançon,M0332005162,D.5832,Etude d'un torse dont le bras tient un objet,dessin,Annibale Carracci,restricted,© GUENAT Pierre - utilisation soumise à autorisation,https://pop.culture.gouv.fr/notice/joconde/M0332005162
musée des beaux-arts et d'archéologie,Besançon,M0332003877,D.1299,Etude d'un tronc d'arbre,dessin,Salvator Rosa,unknown,© musées de Besançon ; GUENAT Pierre,https://pop.culture.gouv.fr/notice/joconde/M0332003877
musée des beaux-arts et d'archéologie,Besançon,M0332003873,D.1290,Etude d'un tronc d'arbre creux,dessin,Salvator Rosa,unknown,© musées de Besançon ; GUENAT Pierre,https://pop.culture.gouv.fr/notice/joconde/M0332003873
musée des beaux-arts et d'archéologie,Besançon,M0332013090,D.2026,Etude d'une danseuse d'après un vase antique,beaux-arts;dessin,François Gérard,unknown,GUENAT Pierre,https://pop.culture.gouv.fr/notice/joconde/M0332013090
musée des beaux-arts et d'archéologie,Besançon,M0332012279,D.1739,Etude de coquillage (Murex anguliferus),beaux-arts;dessin,Boucher,unknown,© GUENAT Pierre,https://pop.culture.gouv.fr/notice/joconde/M0332012279
musée des beaux-arts et d'archéologie,Besançon,M0332013282,D.2321,Etude de coquillage (Strombus occipitrinus),beaux-arts;dessin,Boucher,unknown,© GUENAT Pierre,https://pop.culture.gouv.fr/notice/joconde/M0332013282
musée des beaux-arts et d'archéologie,Besançon,M0332011678,D.931,Etude de deux chats,beaux-arts;dessin,Greuze,unknown,GUENAT Pierre,https://pop.culture.gouv.fr/notice/joconde/M0332011678
musée des beaux-arts et d'archéologie,Besançon,M0332013281,D.2320,"Etude de deux coquillages (Cypraea tigris, cypraea mappa)",beaux-arts;dessin,Boucher,unknown,© GUENAT Pierre,https://pop.culture.gouv.fr/notice/joconde/M0332013281
musée des beaux-arts et d'archéologie,Besançon,M0332013237,D.2151,Etude de jambes de chevaux,beaux-arts;dessin,Géricault,unknown,© GUENAT Pierre,https://pop.culture.gouv.fr/notice/joconde/M0332013237
musée des beaux-arts et d'archéologie,Besançon,M0332011648,D.901,Etude de jeune femme assise dans la verdure (recto) ; étude de tête de femme et haut de buste (verso),beaux-arts;dessin,Boucher,unknown,GUENAT Pierre,https://pop.culture.gouv.fr/notice/joconde/M0332011648
musée des beaux-arts et d'archéologie,Besançon,M0332002736,D.1505,Etude de nus,dessin,Annibale Carracci,restricted,© GUENAT Pierre - utilisation soumise à autorisation,https://pop.culture.gouv.fr/notice/joconde/M0332002736
musée des beaux-arts et d'archéologie,Besançon,M0332011679,D.933,Etude de tête de femme de profil,beaux-arts;dessin,Greuze,unknown,GUENAT Pierre,https://pop.culture.gouv.fr/notice/joconde/M0332011679
musée des beaux-arts et d'archéologie,Besançon,M0332013025,D.2734,Etude pour Les Génies des arts,beaux-arts;dessin,Boucher,unknown,© GUENAT Pierre,https://pop.culture.gouv.fr/notice/joconde/M0332013025
musée des beaux-arts et d'archéologie,Besançon,M0332004172,D.1359,Etude pour un motif décoratif,dessin,Simon Vouet,unknown,© musées de Besançon ; GUENAT Pierre,https://pop.culture.gouv.fr/notice/joconde/M0332004172
musée des beaux-arts et d'archéologie,Besançon,M0332013092,D.2028,"Etude pour une femme turque se reposant sur des coussins (recto) ; Femme debout, drapée, le sein dénudé (verso)",beaux-arts;dessin,François Gérard,unknown,GUENAT Pierre,https://pop.culture.gouv.fr/notice/joconde/M0332013092
musée des beaux-arts et d'archéologie,Besançon,M0332013247,D.2161,"Etudes : une tête, trois pieds et deux mains",beaux-arts;dessin,Géricault,unknown,© GUENAT Pierre,https://pop.culture.gouv.fr/notice/joconde/M0332013247
musée des beaux-arts et d'archéologie,Besançon,M0332003657,D.1609,Etudes d'une tête,beaux-arts;dessin,Van Dyck,unknown,© GUENAT Pierre,https://pop.culture.gouv.fr/notice/joconde/M0332003657
musée des beaux-arts et d'archéologie,Besançon,M0332002755,D.1486,Etudes de femmes nues vues de dos,dessin,Domenico Campagnola,restricted,© GUENAT Pierre - utilisation soumise à autorisation,https://pop.culture.gouv.fr/notice/joconde/M0332002755
musée des beaux-arts et d'archéologie,Besançon,M0332013240,D.2156,Etudes de têtes de chats,beaux-arts;dessin,Géricault,unknown,© GUENAT Pierre,https://pop.culture.gouv.fr/notice/joconde/M0332013240
musée des beaux-arts et d'archéologie,Besançon,M0332004170,D.2661,Femme assise dans les nuées tenant une palme dans la main droite,dessin,Simon Vouet,unknown,© musées de Besançon ; GUENAT Pierre,https://pop.culture.gouv.fr/notice/joconde/M0332004170
musée des beaux-arts et d'archéologie,Besançon,M0332004173,D.2662,"Femme debout vue de dos, tenant un linge",dessin,Simon Vouet,unknown,© musées de Besançon ; GUENAT Pierre,https://pop.culture.gouv.fr/notice/joconde/M0332004173
musée des beaux-arts et d'archéologie,Besançon,M0332013095,D.2031,"Femme debout, drapée et laurée",beaux-arts;dessin,François Gérard,unknown,GUENAT Pierre,https://pop.culture.gouv.fr/notice/joconde/M0332013095
musée des beaux-arts et d'archéologie,Besançon,M0332003716,D.2758,Femme portant un enfant et homme représentés à mi-corps,beaux-arts;dessin,Rembrandt,unknown,© GUENAT Pierre,https://pop.culture.gouv.fr/notice/joconde/M0332003716
musée des beaux-arts et d'archéologie,Besançon,M0332013238,D.2152,"Feuille d'étude : un cheval, coiffures de cinq soldats",beaux-arts;dessin,Géricault,unknown,© GUENAT Pierre,https://pop.culture.gouv.fr/notice/joconde/M0332013238
musée des beaux-arts et d'archéologie,Besançon,M0332013104,D.2041,Feuille de croquis,beaux-arts;dessin,François Gérard,unknown,GUENAT Pierre,https://pop.culture.gouv.fr/notice/joconde/M0332013104
musée des beaux-arts et d'archéologie,Besançon,M0332013105,D.2042,Feuille de croquis (recto et verso),beaux-arts;dessin,François Gérard,unknown,GUENAT Pierre,https://pop.culture.gouv.fr/notice/joconde/M0332013105
musée des beaux-arts et d'archéologie,Besançon,M0332011058,D.1838,Fontaine de la Renommée,dessin,Charles Le Brun,unknown,© musées de Besançon ; GUENAT Pierre,https://pop.culture.gouv.fr/notice/joconde/M0332011058
musée des beaux-arts et d'archéologie,Besançon,M0332001232,896.1.306,Fête villageoise ; personnages dansant devant une auberge,peinture,David Téniers,restricted,© GUENAT Pierre - utilisation soumise à autorisation,https://pop.culture.gouv.fr/notice/joconde/M0332001232
musée des beaux-arts et d'archéologie,Besançon,M0332012143,D.1771,Groupe de trois Amours ailés,dessin,Charles Le Brun,unknown,© musées de Besançon ; GUENAT Pierre,https://pop.culture.gouv.fr/notice/joconde/M0332012143
musée des beaux-arts et d'archéologie,Besançon,M0332014267,D.2134,Homme barbu à terre soutenu par un jeune homme,beaux-arts;dessin,Géricault,unknown,© GUENAT Pierre,https://pop.culture.gouv.fr/notice/joconde/M0332014267
musée des beaux-arts et d'archéologie,Besançon,M0332002754,D.3069,"Homme coiffé d'un grand chapeau, assis et accoudé à une table",dessin,Ludovico Carracci,restricted,© GUENAT Pierre - utilisation soumise à autorisation,https://pop.culture.gouv.fr/notice/joconde/M0332002754
musée des beaux-arts et d'archéologie,Besançon,M0332004171,D.1341,Homme debout vu de face s'apprêtant à enfoncer un pieu ((?)),dessin,Simon Vouet,unknown,© musées de Besançon ; GUENAT Pierre,https://pop.culture.gouv.fr/notice/joconde/M0332004171
musée des beaux-arts et d'archéologie,Besançon,M0332013094,D.2030,Jeune femme assise endormie,beaux-arts;dessin,François Gérard,unknown,GUENAT Pierre,https://pop.culture.gouv.fr/notice/joconde/M0332013094
musée des beaux-arts et d'archéologie,Besançon,M0332010269,837.8.1,La Sainte Famille avec saint Jean-Baptiste,beaux-arts;peinture,Carlo Maratti,unknown,© CHATELAIN Eric,https://pop.culture.gouv.fr/notice/joconde/M0332010269
musée des beaux-arts et d'archéologie,Besançon,M0332002306,D.3070,La Vierge et l'Enfant avec saint Jean-Baptiste,dessin,Ludovico Carracci,restricted,© GUENAT Pierre - utilisation soumise à autorisation,https://pop.culture.gouv.fr/notice/joconde/M0332002306
musée des beaux-arts et d'archéologie,Besançon,M0332007122,896.1.219,Naufrage,beaux-arts;peinture,Géricault,unknown,"© Musée des beaux-arts et d'archéologie, Besançon",https://pop.culture.gouv.fr/notice/joconde/M0332007122
musée des beaux-arts et d'archéologie,Besançon,M0332014163,D.2056,Officier debout,beaux-arts;dessin,François Gérard,unknown,GUENAT Pierre,https://pop.culture.gouv.fr/notice/joconde/M0332014163
musée des beaux-arts et d'archéologie,Besançon,M0332014165,D.2058,"Officier, de face, la main sur un canon (recto) ; portrait de cardinal (verso)",beaux-arts;dessin,François Gérard,unknown,GUENAT Pierre,https://pop.culture.gouv.fr/notice/joconde/M0332014165
musée des beaux-arts et d'archéologie,Besançon,M0332014164,D.2057,"Officier, debout, de face",beaux-arts;dessin,François Gérard,unknown,GUENAT Pierre,https://pop.culture.gouv.fr/notice/joconde/M0332014164
musée des beaux-arts et d'archéologie,Besançon,M0332003869,D.1285,Paysage,dessin,Salvator Rosa,unknown,© musées de Besançon ; GUENAT Pierre,https://pop.culture.gouv.fr/notice/joconde/M0332003869
musée des beaux-arts et d'archéologie,Besançon,M0332013050,D.2719,Paysage avec une ferme,beaux-arts;dessin,Boucher,unknown,© GUENAT Pierre,https://pop.culture.gouv.fr/notice/joconde/M0332013050
musée des beaux-arts et d'archéologie,Besançon,M0332003707,D.560,Personnage portant un enfant sur son dos,beaux-arts;dessin,Rembrandt,unknown,© GUENAT Pierre,https://pop.culture.gouv.fr/notice/joconde/M0332003707
musée des beaux-arts et d'archéologie,Besançon,M0332001175,896.1.119,Philosophe ou Architecte ; Héraclite (?),beaux-arts;peinture,Ribera,unknown,© C2RMF/Thomas Clot,https://pop.culture.gouv.fr/notice/joconde/M0332001175
musée des beaux-arts et d'archéologie,Besançon,M0332006700,853.13.1,Portrait d'homme,beaux-arts;peinture,Philippe de Champaigne,unknown,© GUENAT Pierre,https://pop.culture.gouv.fr/notice/joconde/M0332006700
musée des beaux-arts et d'archéologie,Besançon,M0332014186,D.2079,Portrait d'homme,beaux-arts;dessin,François Gérard,unknown,GUENAT Pierre,https://pop.culture.gouv.fr/notice/joconde/M0332014186
musée des beaux-arts et d'archéologie,Besançon,M0332013110,D.2047,Portrait d'homme assis,beaux-arts;dessin,François Gérard,unknown,GUENAT Pierre,https://pop.culture.gouv.fr/notice/joconde/M0332013110
musée des beaux-arts et d'archéologie,Besançon,M0332014156,D.2049,Portrait d'homme assis,beaux-arts;dessin,François Gérard,unknown,GUENAT Pierre,https://pop.culture.gouv.fr/notice/joconde/M0332014156
musée des beaux-arts et d'archéologie,Besançon,M0332014168,D.2061,Portrait d'homme assis,beaux-arts;dessin,François Gérard,unknown,GUENAT Pierre,https://pop.culture.gouv.fr/notice/joconde/M0332014168
musée des beaux-arts et d'archéologie,Besançon,M0332014169,D.2062,Portrait d'homme assis,beaux-arts;dessin,François Gérard,unknown,GUENAT Pierre,https://pop.culture.gouv.fr/notice/joconde/M0332014169
musée des beaux-arts et d'archéologie,Besançon,M0332014173,D.2065,Portrait d'homme assis,beaux-arts;dessin,François Gérard,unknown,GUENAT Pierre,https://pop.culture.gouv.fr/notice/joconde/M0332014173
musée des beaux-arts et d'archéologie,Besançon,M0332014174,D.2066,Portrait d'homme assis,beaux-arts;dessin,François Gérard,unknown,GUENAT Pierre,https://pop.culture.gouv.fr/notice/joconde/M0332014174
musée des beaux-arts et d'archéologie,Besançon,M0332014175,D.2067,Portrait d'homme assis,beaux-arts;dessin,François Gérard,unknown,GUENAT Pierre,https://pop.culture.gouv.fr/notice/joconde/M0332014175
musée des beaux-arts et d'archéologie,Besançon,M0332014176,D.2068,Portrait d'homme assis,beaux-arts;dessin,François Gérard,unknown,GUENAT Pierre,https://pop.culture.gouv.fr/notice/joconde/M0332014176
musée des beaux-arts et d'archéologie,Besançon,M0332014184,D.2077,Portrait d'homme assis,beaux-arts;dessin,François Gérard,unknown,GUENAT Pierre,https://pop.culture.gouv.fr/notice/joconde/M0332014184
musée des beaux-arts et d'archéologie,Besançon,M0332014183,D.2076,Portrait d'homme assis (recto et verso),beaux-arts;dessin,François Gérard,unknown,GUENAT Pierre,https://pop.culture.gouv.fr/notice/joconde/M0332014183
musée des beaux-arts et d'archéologie,Besançon,M0332014158,D.2051,Portrait d'homme assis dans un fauteuil,beaux-arts;dessin,François Gérard,unknown,GUENAT Pierre,https://pop.culture.gouv.fr/notice/joconde/M0332014158
musée des beaux-arts et d'archéologie,Besançon,M0332014159,D.2052,Portrait d'homme assis dans un fauteuil,beaux-arts;dessin,François Gérard,unknown,GUENAT Pierre,https://pop.culture.gouv.fr/notice/joconde/M0332014159
musée des beaux-arts et d'archéologie,Besançon,M0332014161,D.2054,Portrait d'homme assis dans un fauteuil,beaux-arts;dessin,François Gérard,unknown,GUENAT Pierre,https://pop.culture.gouv.fr/notice/joconde/M0332014161
musée des beaux-arts et d'archéologie,Besançon,M0332014160,D.2053,Portrait d'homme assis sur une banquette,beaux-arts;dessin,François Gérard,unknown,GUENAT Pierre,https://pop.culture.gouv.fr/notice/joconde/M0332014160
musée des beaux-arts et d'archéologie,Besançon,M0332014178,D.2070,Portrait d'homme assis tenant des gants,beaux-arts;dessin,François Gérard,unknown,GUENAT Pierre,https://pop.culture.gouv.fr/notice/joconde/M0332014178
musée des beaux-arts et d'archéologie,Besançon,M0332013106,D.2043,Portrait d'homme assis à son bureau,beaux-arts;dessin,François Gérard,unknown,GUENAT Pierre,https://pop.culture.gouv.fr/notice/joconde/M0332013106
musée des beaux-arts et d'archéologie,Besançon,M0332013107,D.2044,Portrait d'homme assis à son bureau,beaux-arts;dessin,François Gérard,unknown,GUENAT Pierre,https://pop.culture.gouv.fr/notice/joconde/M0332013107
musée des beaux-arts et d'archéologie,Besançon,M0332013109,D.2046,Portrait d'homme assis à son bureau,beaux-arts;dessin,François Gérard,unknown,GUENAT Pierre,https://pop.culture.gouv.fr/notice/joconde/M0332013109
musée des beaux-arts et d'archéologie,Besançon,M0332013111,D.2048,Portrait d'homme assis à son bureau,beaux-arts;dessin,François Gérard,unknown,GUENAT Pierre,https://pop.culture.gouv.fr/notice/joconde/M0332013111
musée des beaux-arts et d'archéologie,Besançon,M0332014167,D.2060,Portrait d'homme assis à son bureau,beaux-arts;dessin,François Gérard,unknown,GUENAT Pierre,https://pop.culture.gouv.fr/notice/joconde/M0332014167
musée des beaux-arts et d'archéologie,Besançon,M0332014185,D.2078,"Portrait d'homme assis, le bras gauche reposant sur une table",beaux-arts;dessin,François Gérard,unknown,GUENAT Pierre,https://pop.culture.gouv.fr/notice/joconde/M0332014185
musée des beaux-arts et d'archéologie,Besançon,M0332014172,D.2064,"Portrait d'homme assis, tenant une canne dans la main gauche",beaux-arts;dessin,François Gérard,unknown,GUENAT Pierre,https://pop.culture.gouv.fr/notice/joconde/M0332014172
musée des beaux-arts et d'archéologie,Besançon,M0332014171,D.2063,"Portrait d'homme assis, une épée au côté droit",beaux-arts;dessin,François Gérard,unknown,GUENAT Pierre,https://pop.culture.gouv.fr/notice/joconde/M0332014171
musée des beaux-arts et d'archéologie,Besançon,M0332000543,933.9.78 ; 831,Portrait d'homme barbu,beaux-arts;peinture,Greuze,unknown,GUENAT Pierre,https://pop.culture.gouv.fr/notice/joconde/M0332000543
musée des beaux-arts et d'archéologie,Besançon,M0332014157,D.2050,Portrait d'homme dans un fauteuil,beaux-arts;dessin,François Gérard,unknown,GUENAT Pierre,https://pop.culture.gouv.fr/notice/joconde/M0332014157
musée des beaux-arts et d'archéologie,Besançon,M0332014166,D.2059,Portrait d'homme debout,beaux-arts;dessin,François Gérard,unknown,GUENAT Pierre,https://pop.culture.gouv.fr/notice/joconde/M0332014166
musée des beaux-arts et d'archéologie,Besançon,M0332014180,D.2072,Portrait d'homme debout,beaux-arts;dessin,François Gérard,unknown,GUENAT Pierre,https://pop.culture.gouv.fr/notice/joconde/M0332014180
musée des beaux-arts et d'archéologie,Besançon,M0332014181,D.2073,Portrait d'homme debout,beaux-arts;dessin,François Gérard,unknown,GUENAT Pierre,https://pop.culture.gouv.fr/notice/joconde/M0332014181
musée des beaux-arts et d'archéologie,Besançon,M0332014182,D.2074,Portrait d'homme debout appuyé à un bureau,beaux-arts;dessin,François Gérard,unknown,GUENAT Pierre,https://pop.culture.gouv.fr/notice/joconde/M0332014182
musée des beaux-arts et d'archéologie,Besançon,M0332014179,D.2071,Portrait d'homme debout dans un encadrement de fenêtre,beaux-arts;dessin,François Gérard,unknown,GUENAT Pierre,https://pop.culture.gouv.fr/notice/joconde/M0332014179
musée des beaux-arts et d'archéologie,Besançon,M0332014187,D.2080,Portrait d'homme tenant un chapeau,beaux-arts;dessin,François Gérard,unknown,GUENAT Pierre,https://pop.culture.gouv.fr/notice/joconde/M0332014187
musée des beaux-arts et d'archéologie,Besançon,M0332006950,896.1.144,"Portrait d'un sénateur vénitien avec sa femme, sa fille et son fils",beaux-arts;peinture,Le Tintoret,unknown,© C2RMF/Thomas Clot,https://pop.culture.gouv.fr/notice/joconde/M0332006950
musée des beaux-arts et d'archéologie,Besançon,M0332003039,D.27,Portrait de Charles Ier d'Angleterre,beaux-arts;dessin,Van Dyck,unknown,© GUENAT Pierre,https://pop.culture.gouv.fr/notice/joconde/M0332003039
musée des beaux-arts et d'archéologie,Besançon,M0332013087,D.2023,Portrait de femme,beaux-arts;dessin,François Gérard,unknown,GUENAT Pierre,https://pop.culture.gouv.fr/notice/joconde/M0332013087
musée des beaux-arts et d'archéologie,Besançon,M0332014177,D.2069,Portrait de femme portant un chapeau,beaux-arts;dessin,François Gérard,unknown,GUENAT Pierre,https://pop.culture.gouv.fr/notice/joconde/M0332014177
musée des beaux-arts et d'archéologie,Besançon,M0332013024,D.2021,Portrait de jeune femme,beaux-arts;dessin,François Gérard,unknown,GUENAT Pierre,https://pop.culture.gouv.fr/notice/joconde/M0332013024
musée des beaux-arts et d'archéologie,Besançon,M0332000855,896.1.362,Portrait de jeune homme,beaux-arts;peinture,Louis Léopold Boilly,unknown,© GUENAT Pierre,https://pop.culture.gouv.fr/notice/joconde/M0332000855
musée des beaux-arts et d'archéologie,Besançon,M0332001041,897.1.74,Portrait présumé de François II (1544-1560),beaux-arts;peinture,François Clouet,unknown,© GUENAT Pierre,https://pop.culture.gouv.fr/notice/joconde/M0332001041
musée des beaux-arts et d'archéologie,Besançon,M0332001449,899.1.96,Prisonniers dans une grotte,beaux-arts;peinture,Sébastien Bourdon,unknown,© GUENAT Pierre,https://pop.culture.gouv.fr/notice/joconde/M0332001449
musée des beaux-arts et d'archéologie,Besançon,M0332012186,D.1768,Profil de Louis XIV,dessin,Charles Le Brun,unknown,© musées de Besançon ; GUENAT Pierre,https://pop.culture.gouv.fr/notice/joconde/M0332012186
musée des beaux-arts et d'archéologie,Besançon,M0332011069,D.1775,Projet de décor architectural. esquisse de deux allégories de la Renommée,dessin,Charles Le Brun,unknown,© musées de Besançon ; GUENAT Pierre,https://pop.culture.gouv.fr/notice/joconde/M0332011069
musée des beaux-arts et d'archéologie,Besançon,M0332011565,D.2160,Quatre groupes de lutteurs et deux hommes emportant un blessé,beaux-arts;dessin,Géricault,unknown,© GUENAT Pierre,https://pop.culture.gouv.fr/notice/joconde/M0332011565
musée des beaux-arts et d'archéologie,Besançon,M0332011954,D.1167,Scène antique avec un homme sur un trône et un malade : mort de Darius (?),dessin,Sébastien Bourdon,unknown,© musées de Besançon ; GUENAT Pierre,https://pop.culture.gouv.fr/notice/joconde/M0332011954
musée des beaux-arts et d'archéologie,Besançon,M0332013241,D.2158,Scènes de combats à l'épée (recto et verso),beaux-arts;dessin,Géricault,unknown,© GUENAT Pierre,https://pop.culture.gouv.fr/notice/joconde/M0332013241
musée des beaux-arts et d'archéologie,Besançon,M0332002740,D.1420,Trois caricatures de têtes d'homme,dessin,Annibale Carracci,restricted,© GUENAT Pierre - utilisation soumise à autorisation,https://pop.culture.gouv.fr/notice/joconde/M0332002740
musée des beaux-arts et d'archéologie,Besançon,M0332002641,D.2275,Tête d'enfant ou de jeune homme,beaux-arts;dessin,Federico Barocci,unknown,© GUENAT Pierre,https://pop.culture.gouv.fr/notice/joconde/M0332002641
musée des beaux-arts et d'archéologie,Besançon,M0332003417,D.563,"Tête d'homme barbu portant un bonnet allongé, vu de profil",beaux-arts;dessin,Rembrandt,unknown,© GUENAT Pierre,https://pop.culture.gouv.fr/notice/joconde/M0332003417
musée des beaux-arts et d'archéologie,Besançon,M0332003814,D.2730,Tête de femme,dessin,Philippe de Champaigne,unknown,© musées de Besançon ; GUENAT Pierre,https://pop.culture.gouv.fr/notice/joconde/M0332003814
musée des beaux-arts et d'archéologie,Besançon,M0332006709,896.1.168 ; 897,Tête de jeune fille,beaux-arts;peinture,Greuze,unknown,"© Musée des beaux-arts et d'archéologie, Besançon",https://pop.culture.gouv.fr/notice/joconde/M0332006709
musée des beaux-arts et d'archéologie,Besançon,M0332012963,D.1329,Un arbre (recto) ; Deux visages (verso),dessin,Salvator Rosa,unknown,© musées de Besançon ; GUENAT Pierre,https://pop.culture.gouv.fr/notice/joconde/M0332012963
musée des beaux-arts et d'archéologie,Besançon,M0332011640,D.892,Un coin de paysage avec une ferme,beaux-arts;dessin,Boucher,unknown,GUENAT Pierre,https://pop.culture.gouv.fr/notice/joconde/M0332011640
musée des beaux-arts et d'archéologie,Besançon,M0332014162,D.2055,Un officier debout près d'un canon,beaux-arts;dessin,François Gérard,unknown,GUENAT Pierre,https://pop.culture.gouv.fr/notice/joconde/M0332014162
musée des beaux-arts et d'archéologie,Besançon,M0332013093,D.2029,Une femme nue assise et une femme nue couchée avec un enfant,beaux-arts;dessin,François Gérard,unknown,GUENAT Pierre,https://pop.culture.gouv.fr/notice/joconde/M0332013093
musée des beaux-arts et d'archéologie,Besançon,M0332012902,D.2081,Une fête champêtre dans le parc d'un château,beaux-arts;dessin,François Gérard,unknown,GUENAT Pierre,https://pop.culture.gouv.fr/notice/joconde/M0332012902
musée des beaux-arts et d'archéologie,Besançon,M0332011641,D.893,Une maison dans la verdure avec un dessinateur au premier plan,beaux-arts;dessin,Boucher,unknown,GUENAT Pierre,https://pop.culture.gouv.fr/notice/joconde/M0332011641
musée des beaux-arts et d'archéologie,Besançon,M0332002581,D.2263,Visage d'après Michel-Ange,dessin,Le Tintoret,restricted,© GUENAT Pierre - utilisation soumise à autorisation,https://pop.culture.gouv.fr/notice/joconde/M0332002581
musée des beaux-arts et d'archéologie,Besançon,M0332003669,D.2237,"Vue prise au bord du Tibre, au loin San Pietro in Montorio et l'Acqua Paola",dessin,Gaspard Dughet,unknown,© musées de Besançon ; GUENAT Pierre,https://pop.culture.gouv.fr/notice/joconde/M0332003669
musée des beaux-arts et d'archéologie,Besançon,M0332003041,D.35,Étude de tête d'homme barbu,beaux-arts;dessin,Van Dyck,unknown,© GUENAT Pierre,https://pop.culture.gouv.fr/notice/joconde/M0332003041
musée des beaux-arts et d'archéologie,Besançon,M0332002781,D.3112,Étude pour Pétrarque,beaux-arts;dessin,Botticelli,unknown,© GUENAT Pierre,https://pop.culture.gouv.fr/notice/joconde/M0332002781
musée des beaux-arts,Rennes,000DE016661,INV 55.19.15,AMOUR,beaux-arts;dessin,Boucher,unknown,,https://pop.culture.gouv.fr/notice/joconde/000DE016661
musée des beaux-arts,Rennes,02110002698,Inv 794.1.2680,Ange tenant une épée,dessin,Charles Le Brun,unknown,© Louis Deschamps,https://pop.culture.gouv.fr/notice/joconde/02110002698
musée des beaux-arts,Rennes,02110002810,Inv 794.1.2933,Combat dans les airs,dessin,Luca Cambiaso,unknown,© Jean-Manuel Salingue,https://pop.culture.gouv.fr/notice/joconde/02110002810
musée des beaux-arts,Rennes,02110002511,Inv 794.1.2997,Combat de chevaux marins,dessin,Jules Romain,unknown,© Jean-Manuel Salingue,https://pop.culture.gouv.fr/notice/joconde/02110002511
musée des beaux-arts,Rennes,02110002437,Inv 794.1.3041,Deux amants,dessin,Jules Romain,unknown,© Jean-Manuel Salingue,https://pop.culture.gouv.fr/notice/joconde/02110002437
musée des beaux-arts,Rennes,02110002705,Inv 794.1.2583,Etude d'homme drapé debout ; Figure d'homme drapé,dessin,Simon Vouet,unknown,© Jean-Manuel Salingue,https://pop.culture.gouv.fr/notice/joconde/02110002705
musée des beaux-arts,Rennes,02110002696,Inv 794.1.2682,Etude de femme drapée,dessin,Charles Le Brun,unknown,© Jean-Manuel Salingue,https://pop.culture.gouv.fr/notice/joconde/02110002696
musée des beaux-arts,Rennes,02110003628,Inv 794.1.2718,Femme assise et enfant à ses pieds ; Danaé,dessin,Simon Vouet,unknown,© Jean-Manuel Salingue,https://pop.culture.gouv.fr/notice/joconde/02110003628
musée des beaux-arts,Rennes,02110002198,Inv 794.1.3302,Femme nue,dessin,Rubens,unknown,© Jean-Manuel Salingue,https://pop.culture.gouv.fr/notice/joconde/02110002198
musée des beaux-arts,Rennes,02110002639,Inv 794.1.3009,Feuilles d'études,dessin,Raphaël,unknown,© Deschamps,https://pop.culture.gouv.fr/notice/joconde/02110002639
musée des beaux-arts,Rennes,02110002501,Inv 794.1.3010,Figure de saint,dessin,Raphaël,unknown,© Jean-Manuel Salingue,https://pop.culture.gouv.fr/notice/joconde/02110002501
musée des beaux-arts,Rennes,02110002605,Inv 794.1.2631,Groupe tiré du massacre des innocents,dessin,Sébastien Bourdon,unknown,© Louis Deschamps,https://pop.culture.gouv.fr/notice/joconde/02110002605
musée des beaux-arts,Rennes,02110002503,Inv 794.1.3007,Guerrier avec un lion à ses pieds,dessin,Raphaël,unknown,© Jean-Manuel Salingue,https://pop.culture.gouv.fr/notice/joconde/02110002503
musée des beaux-arts,Rennes,02110002508,Inv 794.1.3001,Homme assis et drapé,dessin,Le Primatice,unknown,© Deschamps,https://pop.culture.gouv.fr/notice/joconde/02110002508
musée des beaux-arts,Rennes,00000075395,D 34.1.3 ; INV 5040 ; MR 1777,JEUNE FILLE AU RUBAN BLEU,peinture,Greuze,unknown,© Jean-Manuel Salingue,https://pop.culture.gouv.fr/notice/joconde/00000075395
musée des beaux-arts,Rennes,00000094623,INV 794.1.27,JOUEURS DE CARTES DANS UN CABARET,peinture,David Téniers,unknown,© musée des beaux-arts de Rennes,https://pop.culture.gouv.fr/notice/joconde/00000094623
musée des beaux-arts,Rennes,02110002502,Inv 794.1.3008,Jupiter,dessin,Raphaël,unknown,© Deschamps,https://pop.culture.gouv.fr/notice/joconde/02110002502
musée des beaux-arts,Rennes,02110002697,Inv 794.1.2679,Jupiter,dessin,Charles Le Brun,unknown,© Louis Deschamps,https://pop.culture.gouv.fr/notice/joconde/02110002697
musée des beaux-arts,Rennes,02110002200,Inv 794.1.3301,La Marquise de Mantoue ; Tête de femme,dessin,Rubens,unknown,© Jean-Manuel Salingue,https://pop.culture.gouv.fr/notice/joconde/02110002200
musée des beaux-arts,Rennes,02110002354,"Inv 794.1.2533 ; Reg. 1794, n° 18 (Ancien numéro) ; Reg. 1805-1963, C 110, 1 (Ancien numéro) ; Reg. 1856, C 110, 1er, V1 (Ancien numéro)","La Messe des anges ; Croquis à la plume coloré, composition allégorique et indescriptible (titre ancien) ; Dessin allégorique (titre ancien)",dessin,Albrecht Dürer,unknown,© Jean-Manuel Salingue,https://pop.culture.gouv.fr/notice/joconde/02110002354
musée des beaux-arts,Rennes,02110002278,Inv 794.1.3153,La mort de Saphira,dessin,Pier Francesco Mola,unknown,© Jean-Manuel Salingue,https://pop.culture.gouv.fr/notice/joconde/02110002278
musée des beaux-arts,Rennes,02110003533,Inv 794.1.3257,Paysage,dessin,Paul Bril,unknown,© Jean-Manuel Salingue,https://pop.culture.gouv.fr/notice/joconde/02110003533
musée des beaux-arts,Rennes,00000075736,INV 794.4.3,"SAINT SEBASTIEN, MARTYRE",peinture,Van Dyck,unknown,© C2RMF,https://pop.culture.gouv.fr/notice/joconde/00000075736
musée des beaux-arts,Rennes,00000075735,INV 794.4.2,"SAINTE AGATHE, MARTYRE",peinture,Van Dyck,unknown,© Jean-Manuel Salingue,https://pop.culture.gouv.fr/notice/joconde/00000075735
musée des beaux-arts,Rennes,02110003535,Inv 794.1.2932,Silène et deux bergers,dessin,Luca Cambiaso,unknown,© Jean-Manuel Salingue,https://pop.culture.gouv.fr/notice/joconde/02110003535
musée des beaux-arts,Rennes,02110002187,Inv 794.1.3313,Singes dans une cuisine,dessin,David Téniers,unknown,© Jean-Manuel Salingue,https://pop.culture.gouv.fr/notice/joconde/02110002187
musée des beaux-arts,Rennes,00000094658,INV 859.17.1,TETE D'ETUDE,peinture,Le Guerchin,unknown,© Jean-Manuel Salingue,https://pop.culture.gouv.fr/notice/joconde/00000094658
musée des beaux-arts,Rennes,02110002116,Inv 794.1.2919,Trois figures d'hommes nus,dessin,Michel-Ange,unknown,© Jean-Manuel Salingue,https://pop.culture.gouv.fr/notice/joconde/02110002116
musée des beaux-arts,Rennes,02110002126,Inv 794.1.2902,Tête d'enfant,dessin,Federico Barocci,unknown,© Jean-Manuel Salingue,https://pop.culture.gouv.fr/notice/joconde/02110002126
musée des beaux-arts,Rennes,02110002500,Inv 794.1.3011,Tête de vierge (recto) ; Feuille d'études (verso),dessin,Raphaël,unknown,© Jean-Manuel Salingue,https://pop.culture.gouv.fr/notice/joconde/02110002500
musée des beaux-arts,Rennes,02110002401,Inv 794.1.3000,Ulysse recevant les outres des vents,dessin,Le Primatice,unknown,© Jean-Manuel Salingue,https://pop.culture.gouv.fr/notice/joconde/02110002401
musée des beaux-arts,Rennes,02110002809,Inv 794.1.2930,Vénus et l'Amour,dessin,Luca Cambiaso,unknown,© Jean-Manuel Salingue,https://pop.culture.gouv.fr/notice/joconde/02110002809
musée Lambinet,Versailles,04000006641,904,Arrestation de Charlotte Corday,dessin,Louis Léopold Boilly,unknown,© Dufrene Gérard,https://pop.culture.gouv.fr/notice/joconde/04000006641
musée Lambinet,Versailles,04000000182,528,Erigone vaincue,beaux-arts;peinture,Boucher,unknown,"Musée Lambinet, Ville de Versailles",https://pop.culture.gouv.fr/notice/joconde/04000000182
musée Lambinet,Versailles,04000000120,1031,Homme assis tenant une cruche,peinture,David Téniers,unknown,Chatel Thierry,https://pop.culture.gouv.fr/notice/joconde/04000000120
musée Lambinet,Versailles,04000000116,1030,Homme fumant la pipe,peinture,David Téniers,unknown,Chatel Thierry,https://pop.culture.gouv.fr/notice/joconde/04000000116
musée Lambinet,Versailles,04000000110,1027,Intérieur de cabaret,peinture;beaux-arts,David Téniers,unknown,Art Shooting,https://pop.culture.gouv.fr/notice/joconde/04000000110
musée Lambinet,Versailles,04000001398,D. 95.2.1,La famille du Grand Dauphin,peinture,Pierre Mignard,unknown,© Musée Lambinet,https://pop.culture.gouv.fr/notice/joconde/04000001398
musée Lambinet,Versailles,04000013441,111 ; 625-621-630-622-?-624-629-632-631-633-624-628-612-617-620-?-623-626,"La grille d'honneur, la place d'Armes, la Petite Écurie et la Grande Écurie",miniature;costume - accessoires du costume,Joseph Vernet,unknown,Art Shooting,https://pop.culture.gouv.fr/notice/joconde/04000013441
musée Lambinet,Versailles,04000013437,107 ; 625-621-630-622-?-624-629-632-631-633-624-628-612-617-620-?-623-626,La pièce d'eau des Suisses et l'Orangerie,miniature;costume - accessoires du costume,Joseph Vernet,unknown,Art Shooting,https://pop.culture.gouv.fr/notice/joconde/04000013437
musée Lambinet,Versailles,04000013432,102 ; 625-621-630-622-?-624-629-632-631-633-624-628-612-617-620-?-623-626,Le Grand Canal avec vue sur le château,miniature;costume - accessoires du costume,Joseph Vernet,unknown,Art Shooting,https://pop.culture.gouv.fr/notice/joconde/04000013432
musée Lambinet,Versailles,04000013434,104 ; 625-621-630-622-?-624-629-632-631-633-624-628-612-617-620-?-623-626,"Le Grand Trianon, côté entrée",miniature;costume - accessoires du costume,Joseph Vernet,unknown,Art Shooting,https://pop.culture.gouv.fr/notice/joconde/04000013434
musée Lambinet,Versailles,04000013408,94 ; 625-621-630-622-?-624-629-632-631-633-624-628-612-617-620-?-623-626,"Le Grand Trianon, vu de l'extrémité nord du Grand Canal",miniature;costume - accessoires du costume,Joseph Vernet,unknown,Art Shooting,https://pop.culture.gouv.fr/notice/joconde/04000013408
musée Lambinet,Versailles,04000013440,110 ; 625-621-630-622-?-624-629-632-631-633-624-628-612-617-620-?-623-626,"Le bassin d'Apollon, avec vue sur le Grand Canal",miniature;costume - accessoires du costume,Joseph Vernet,unknown,Art Shooting,https://pop.culture.gouv.fr/notice/joconde/04000013440
musée Lambinet,Versailles,04000013435,105 ; 625-621-630-622-?-624-629-632-631-633-624-628-612-617-620-?-623-626,"Le bassin d'Apollon, avec vue sur le château",miniature;costume - accessoires du costume,Joseph Vernet,unknown,Art Shooting,https://pop.culture.gouv.fr/notice/joconde/04000013435
musée Lambinet,Versailles,04000013436,106 ; 625-621-630-622-?-624-629-632-631-633-624-628-612-617-620-?-623-626,Le bassin de Latone,miniature;costume - accessoires du costume,Joseph Vernet,unknown,Art Shooting,https://pop.culture.gouv.fr/notice/joconde/04000013436
musée Lambinet,Versailles,04000013425,95 ; 625-621-630-622-?-624-629-632-631-633-624-628-612-617-620-?-623-626,Le bassin de Neptune et d'Amphitrite,miniature;costume - accessoires du costume,Joseph Vernet,unknown,Art Shooting,https://pop.culture.gouv.fr/notice/joconde/04000013425
musée Lambinet,Versailles,04000013431,101 ; 625-621-630-622-?-624-629-632-631-633-624-628-612-617-620-?-623-626,Le bosquet de l'Obélisque,miniature;costume - accessoires du costume,Joseph Vernet,unknown,Art Shooting,https://pop.culture.gouv.fr/notice/joconde/04000013431
musée Lambinet,Versailles,04000013428,98 ; 625-621-630-622-?-624-629-632-631-633-624-628-612-617-620-?-623-626,Le bosquet de la Colonnade,miniature;costume - accessoires du costume,Joseph Vernet,unknown,Art Shooting,https://pop.culture.gouv.fr/notice/joconde/04000013428
musée Lambinet,Versailles,04000013429,99 ; 625-621-630-622-?-624-629-632-631-633-624-628-612-617-620-?-623-626,Le bosquet de la salle de Bal,miniature;costume - accessoires du costume,Joseph Vernet,unknown,Art Shooting,https://pop.culture.gouv.fr/notice/joconde/04000013429
musée Lambinet,Versailles,04000013427,97 ; 625-621-630-622-?-624-629-632-631-633-624-628-612-617-620-?-623-626,Le bosquet des Dômes,miniature;costume - accessoires du costume,Joseph Vernet,unknown,Art Shooting,https://pop.culture.gouv.fr/notice/joconde/04000013427
musée Lambinet,Versailles,04000013433,103 ; 625-621-630-622-?-624-629-632-631-633-624-628-612-617-620-?-623-626,Le château vu de la place d'Armes,miniature;costume - accessoires du costume,Joseph Vernet,unknown,Art Shooting,https://pop.culture.gouv.fr/notice/joconde/04000013433
musée Lambinet,Versailles,04000013430,100 ; 625-621-630-622-?-624-629-632-631-633-624-628-612-617-620-?-623-626,Le parterre d'Eau et la façade du château,miniature;costume - accessoires du costume,Joseph Vernet,unknown,Art Shooting,https://pop.culture.gouv.fr/notice/joconde/04000013430
musée Lambinet,Versailles,04000013438,108 ; 625-621-630-622-?-624-629-632-631-633-624-628-612-617-620-?-623-626,Le parterre d'Eau et les bassins des fleuves,miniature;costume - accessoires du costume,Joseph Vernet,unknown,Art Shooting,https://pop.culture.gouv.fr/notice/joconde/04000013438
musée Lambinet,Versailles,04000013439,109 ; 625-621-630-622-?-624-629-632-631-633-624-628-612-617-620-?-623-626,Le parterre du Nord avec vue de la fontaine de la pyramide,miniature;costume - accessoires du costume,Joseph Vernet,unknown,Art Shooting,https://pop.culture.gouv.fr/notice/joconde/04000013439
musée Lambinet,Versailles,04000013426,96 ; 625-621-630-622-?-624-629-632-631-633-624-628-612-617-620-?-623-626,Le petit Trianon,miniature;costume - accessoires du costume,Joseph Vernet,unknown,Art Shooting,https://pop.culture.gouv.fr/notice/joconde/04000013426
musée Lambinet,Versailles,04000001600,1231,Marine : entrée d'un port,peinture;marine,Joseph Vernet,unknown,"Musée Lambinet, Ville de Versailles",https://pop.culture.gouv.fr/notice/joconde/04000001600
musée des Beaux-Arts,Nantes,07430005700,600,Amours dans les nuages,beaux-arts;peinture;beaux-arts,Boucher,unknown,Gérard Blot,https://pop.culture.gouv.fr/notice/joconde/07430005700
musée des Beaux-Arts,Nantes,07430007081,459,Intérieur de cabaret,peinture;beaux-arts,David Téniers,unknown,C. CLOS,https://pop.culture.gouv.fr/notice/joconde/07430007081
musée des Beaux-Arts,Nantes,07430007134,457,Intérieur de tabagie,peinture;beaux-arts,David Téniers,unknown,Alain Guillard,https://pop.culture.gouv.fr/notice/joconde/07430007134
musée des Beaux-Arts,Nantes,07430005116,253,L'Ange gardien,peinture;beaux-arts,Carlo Maratti,unknown,Alain Guillard,https://pop.culture.gouv.fr/notice/joconde/07430005116
musée des Beaux-Arts,Nantes,07430004969,49,La Charité chrétienne,peinture;beaux-arts,Guido Reni,unknown,Gérard Blot,https://pop.culture.gouv.fr/notice/joconde/07430004969
musée des Beaux-Arts,Nantes,07430005039,990.5.1.P ; 9043,La Sainte Famille avec saint Jean-Baptiste et sainte Elisabeth,peinture;beaux-arts,Annibale Carracci,unknown,Alain Guillard,https://pop.culture.gouv.fr/notice/joconde/07430005039
musée des Beaux-Arts,Nantes,07430005280,729,La tempête sur le phare,peinture;beaux-arts,Joseph Vernet,unknown,Gérard Blot,https://pop.culture.gouv.fr/notice/joconde/07430005280
musée des Beaux-Arts,Nantes,07430007265,142,Le repos des soldats,peinture;beaux-arts,Salvator Rosa,unknown,Alain Guillard,https://pop.culture.gouv.fr/notice/joconde/07430007265
musée des Beaux-Arts,Nantes,07430004698,139,Les arbres abattus ; Paysage (Ancien titre),peinture;beaux-arts,Salvator Rosa,unknown,C. CLOS,https://pop.culture.gouv.fr/notice/joconde/07430004698
musée des Beaux-Arts,Nantes,07430007254,1660,Paysage,dessin,Joseph Vernet,unknown,Gérard Blot,https://pop.culture.gouv.fr/notice/joconde/07430007254
musée des Beaux-Arts,Nantes,07430005048,313,Paysage animé,peinture;beaux-arts,Salvator Rosa,unknown,C. CLOS,https://pop.culture.gouv.fr/notice/joconde/07430005048
musée des Beaux-Arts,Nantes,07430005637,138,Paysage animé,peinture;beaux-arts,Gaspard Dughet,unknown,Alain Guillard,https://pop.culture.gouv.fr/notice/joconde/07430005637
musée des Beaux-Arts,Nantes,07430007264,111,Paysage avec deux moines,peinture;beaux-arts,Pier Francesco Mola,unknown,C. CLOS,https://pop.culture.gouv.fr/notice/joconde/07430007264
musée des Beaux-Arts,Nantes,07430005686,603,Paysage historique,peinture;beaux-arts,Sébastien Bourdon,unknown,Alain Guillard,https://pop.culture.gouv.fr/notice/joconde/07430005686
musée des Beaux-Arts,Nantes,07430005144,582,Paysage. Soldats dans un ravin,peinture;beaux-arts,Salvator Rosa,unknown,Alain Guillard,https://pop.culture.gouv.fr/notice/joconde/07430005144
musée des Beaux-Arts,Nantes,07430005647,774,"Portrait de Jacques II Stuart, roi d'Ecosse",peinture;beaux-arts,Nicolas de Largillière,unknown,Alain Guillard,https://pop.culture.gouv.fr/notice/joconde/07430005647
musée des Beaux-Arts,Nantes,07430005253,763,Putto,peinture;beaux-arts,Nicolas Poussin,unknown,Cécile Clos,https://pop.culture.gouv.fr/notice/joconde/07430005253
musée des Beaux-Arts,Nantes,07430005266,762,Putto,peinture;beaux-arts,Nicolas Poussin,unknown,Cécile Clos,https://pop.culture.gouv.fr/notice/joconde/07430005266
musée des Beaux-Arts,Nantes,07430004686,103,Quatre têtes d'étude,peinture;beaux-arts,Carlo Maratti,unknown,C. CLOS,https://pop.culture.gouv.fr/notice/joconde/07430004686
musée des Beaux-Arts,Nantes,07430005676,239,Saint Simon apôtre,peinture;beaux-arts,Simon Vouet,unknown,Alain Guillard,https://pop.culture.gouv.fr/notice/joconde/07430005676
musée des Beaux-Arts,Nantes,07430007012,452,Sainte Thérèse d'Avilla en prières,peinture;beaux-arts,David Téniers,unknown,Alain Guillard,https://pop.culture.gouv.fr/notice/joconde/07430007012
musée des Beaux-Arts,Nantes,07430005210,298,Tobie et l'ange,peinture;beaux-arts,Simon Vouet,unknown,Cécile Clos,https://pop.culture.gouv.fr/notice/joconde/07430005210
musée des Beaux-Arts,Nantes,07430007020,442,Têtes d'étude,peinture;beaux-arts,Rubens,unknown,Cécile Clos,https://pop.culture.gouv.fr/notice/joconde/07430007020
musée des Beaux-Arts,Nantes,07430005474,143,Vue du port,peinture;beaux-arts,Salvator Rosa,unknown,Alain Guillard,https://pop.culture.gouv.fr/notice/joconde/07430005474
musée des beaux-arts,Bordeaux,000PE025251,Bx E 674 ; Bx M 6590,BACCHUS ET ARIANE,peinture,Charles Le Brun,unknown,© L. Gauthier,https://pop.culture.gouv.fr/notice/joconde/000PE025251
musée des beaux-arts,Bordeaux,000PE023452,Bx E 446,Buveur,peinture,David Téniers,unknown,© Lysiane Gauthier,https://pop.culture.gouv.fr/notice/joconde/000PE023452
musée des beaux-arts,Bordeaux,00650013590,Bx 2007.1.1,Comédiens italiens dans un parc,peinture;spectacle - fête,Jean-Baptiste Oudry,unknown,Lysiane Gauthier,https://pop.culture.gouv.fr/notice/joconde/00650013590
musée des beaux-arts,Bordeaux,000PE025747,Bx E 252,ETUDE DE NEGRE,peinture;mémoire de l'esclavage,Rembrandt,unknown,© L. Gauthier,https://pop.culture.gouv.fr/notice/joconde/000PE025747
musée des beaux-arts,Bordeaux,000PE023112,Bx E 1069 283 ; Bx M 7047,Joueur de flûte,peinture,Fragonard,unknown,© Lysiane Gauthier,https://pop.culture.gouv.fr/notice/joconde/000PE023112
musée des beaux-arts,Bordeaux,000PE020181,BX 1971.2.15,L'ADORATION DES BERGERS,beaux-arts;peinture,Boucher,unknown,© L. Gauthier,https://pop.culture.gouv.fr/notice/joconde/000PE020181
musée des beaux-arts,Bordeaux,000PE023475,Bx E 43 ; Bx M 7092,LE CHRIST ET LA FEMME ADULTERE,peinture,Titien,unknown,© C2RMF,https://pop.culture.gouv.fr/notice/joconde/000PE023475
musée des beaux-arts,Bordeaux,000PE026177,Bx E 168 ; Bx M 7099,LE RAVISSEMENT DE LA MADELEINE,peinture,Guido Reni,unknown,© Lysiane Gauthier,https://pop.culture.gouv.fr/notice/joconde/000PE026177
musée des beaux-arts,Bordeaux,000PE023518,Bx E 488 ; Bx M 6775,"MARINE, EFFET DE NUIT",peinture;marine,Joseph Vernet,unknown,© L. Gauthier,https://pop.culture.gouv.fr/notice/joconde/000PE023518
musée des beaux-arts,Bordeaux,000PE026159,Bx E 1069 7 ; Bx M 6901,PAYSAGE AVEC ANIMAUX ET PERSONNAGES,peinture,David Téniers,unknown,© Lysiane Gauthier,https://pop.culture.gouv.fr/notice/joconde/000PE026159
musée des beaux-arts,Bordeaux,000PE023457,Bx E 473 ; Bx M 6103,PAYSAGE FLAMAND,peinture,David Téniers,unknown,© L. Gauthier,https://pop.culture.gouv.fr/notice/joconde/000PE023457
musée des beaux-arts,Bordeaux,000PE023453,Bx E 157,"PAYSAGE, LE DEPART",peinture,David Téniers,unknown,© L. Gauthier,https://pop.culture.gouv.fr/notice/joconde/000PE023453
musée des beaux-arts,Bordeaux,000PE023519,Bx E 1069 6 ; Bx M 5849,PORT DE MER AU SOLEIL COUCHANT,peinture,Joseph Vernet,unknown,© Lysiane Gauthier,https://pop.culture.gouv.fr/notice/joconde/000PE023519
musée des beaux-arts,Bordeaux,000PE025719,Bx E 1069 149 ; Bx M 6750,PROFIL D'HOMME,peinture,Louis Léopold Boilly,unknown,© Lysiane Gauthier,https://pop.culture.gouv.fr/notice/joconde/000PE025719
musée des beaux-arts,Bordeaux,00650004285,Bx E 201 ; Bx M 6872,Paysage,peinture,Claude Lorrain,unknown,© Lysiane Gauthier,https://pop.culture.gouv.fr/notice/joconde/00650004285
musée des beaux-arts,Bordeaux,000PE020200,Bx E 1069 203 ; Bx M 6745,Portrait d'homme,peinture,Louis Léopold Boilly,unknown,© Lysiane Gauthier,https://pop.culture.gouv.fr/notice/joconde/000PE020200
musée des beaux-arts,Bordeaux,000PE021910,Bx E 246 ; Bx M 6198,SACRIFICE A PRIAPE,peinture,Nicolas Poussin,unknown,© L. Gauthier,https://pop.culture.gouv.fr/notice/joconde/000PE021910
musée des beaux-arts,Bordeaux,000PE023455,Bx E 1069 33,SCENE CHAMPETRE,peinture,David Téniers,unknown,© Lysiane Gauthier,https://pop.culture.gouv.fr/notice/joconde/000PE023455
musée des beaux-arts,Bordeaux,000PE023456,Bx E 1069 51,SCENE CHAMPETRE,peinture,David Téniers,unknown,© Lysiane Gauthier,https://pop.culture.gouv.fr/notice/joconde/000PE023456
musée des beaux-arts,Bordeaux,000PE023498,Bx E 452 ; Bx M 6948,Sainte Famille avec le petit Saint Jean-Baptiste et Saint François d'Assise,peinture,Giorgio Vasari,unknown,© Lysiane Gauthier,https://pop.culture.gouv.fr/notice/joconde/000PE023498
musée des beaux-arts,Bordeaux,000PE023516,Bx E 1069 5,TEMPETE,peinture;marine,Joseph Vernet,unknown,© L. Gauthier,https://pop.culture.gouv.fr/notice/joconde/000PE023516
musée des beaux-arts,Bordeaux,000PE023379,Bx E 1069 246 ; Bx M 6923,Trois études de cuirasses,peinture,Hyacinthe Rigaud,unknown,© Lysiane Gauthier,https://pop.culture.gouv.fr/notice/joconde/000PE023379
musée des beaux-arts,Bordeaux,000PE022064,Bx E 548 ; Bx M 6364 (autre numéro),VILLAGEOIS DANSANT DANS LA CAMPAGNE,peinture,Rubens,unknown,© L. Gauthier,https://pop.culture.gouv.fr/notice/joconde/000PE022064
musée des beaux-arts,Dijon,01370014020,CA 86 et 800 ; 86 (Cat. 1883) ; 196 (Cat. peint. italiennes 1980),Agar et Ismaël,peinture,Pier Francesco Mola,unknown,© Jay,https://pop.culture.gouv.fr/notice/joconde/01370014020
musée des beaux-arts,Dijon,01370002658,DG 570 ; 122 (DG 1976),Chevaux au pâturage ; Chevaux flamands (autre titre),peinture,Géricault,unknown,"© Dijon, musée des beaux-arts",https://pop.culture.gouv.fr/notice/joconde/01370002658
musée des beaux-arts,Dijon,01370014226,CA 713 ; 713 (Cat. 1883) ; 124 (Cat. peint. italiennes 1980),Diane,peinture,Guido Reni,unknown,"© Dijon, musée des beaux-arts",https://pop.culture.gouv.fr/notice/joconde/01370014226
musée des beaux-arts,Dijon,01370000458,J 138 ; 179 (Cat. peint. françaises 1968),La Baigneuse surprise ; Le Fleuve Scamandre (autre titre),beaux-arts;peinture,Boucher,unknown,© Jay,https://pop.culture.gouv.fr/notice/joconde/01370000458
musée des beaux-arts,Dijon,01370014223,CA 712 ; 712 (Cat. 1883) ; 123 (Cat. peint. italiennes 1980),La Madeleine,peinture,Guido Reni,unknown,"© Dijon, musée des beaux-arts",https://pop.culture.gouv.fr/notice/joconde/01370014223
musée des beaux-arts,Dijon,01370004899,1623 ; 345 (Cat. peint. françaises 1968),La Roche percée,peinture,Joseph Vernet,unknown,"© Dijon, musée des beaux-arts",https://pop.culture.gouv.fr/notice/joconde/01370004899
musée des beaux-arts,Dijon,01370014810,CA 802 ; 172 (Cat. peint. italiennes 1980) ; 802 (Cat. 1883) ; 357 (Cat. dessins italiens 2003),La Résurrection de Lazare,dessin,Le Tintoret,unknown,"© Dijon, musée des beaux-arts",https://pop.culture.gouv.fr/notice/joconde/01370014810
musée des beaux-arts,Dijon,01370014322,CA 14 ; 153 (Cat. peint. italiennes 1980) ; 14 (Cat. 1883) ; p. 87 (Cat. envois de l'Etat 1980),"La Vierge apparaissant à saint Antoine, saint Paul ermite, saint Paul et saint Pierre",peinture,Véronèse,unknown,"© Dijon, musée des beaux-arts",https://pop.culture.gouv.fr/notice/joconde/01370014322
musée des beaux-arts,Dijon,01370002661,DG 78 ; 119 (DG 1976),Le Cuirassier blessé ; Portrait du colonel de Moncey (ancien titre),peinture,Géricault,unknown,© François Jay - musée des beaux-arts de Dijon,https://pop.culture.gouv.fr/notice/joconde/01370002661
musée des beaux-arts,Dijon,01370013320,DG 789 ; 217 (DG 1976) ; 238 (Cat. dessins italiens 2003),Paysage au pêcheur à la ligne,dessin,Pier Francesco Mola,unknown,© François Jay - musée des beaux-arts de Dijon,https://pop.culture.gouv.fr/notice/joconde/01370013320
musée des beaux-arts,Dijon,01370005322,D 152 ; 136 (Cat. peint. françaises 1968) ; A.2 n°10 (Cat. peint. italiennes 1980) ; 1139 (Inv. Dard après décès),"Paysage avec Diane découvrant la mort d'Ancaeus (Doute sur l'iconographie : Mort d'Ancaeus, d'Adonis, ou chasse du sanglier de Calydon)",peinture,Gaspard Dughet,unknown,"© Dijon, musée des beaux-arts",https://pop.culture.gouv.fr/notice/joconde/01370005322
musée des beaux-arts,Dijon,01370001106,CA T 38 ; A.2 n°I (Cat. peint. italiennes 1980),Portrait d'homme,peinture,Corneille de Lyon,unknown,Jay,https://pop.culture.gouv.fr/notice/joconde/01370001106
musée des beaux-arts,Dijon,01370014859,CA 515 ; 185 (Cat. peint. italiennes 1980) ; Machecot rue Vannerie n°5 (Devosge) ; 515 (Cat. 1883),Portrait d'un artiste ou d'un collectionneur,peinture,Simon Vouet,unknown,"© Dijon, musée des beaux-arts",https://pop.culture.gouv.fr/notice/joconde/01370014859
musée des beaux-arts,Dijon,01370006641,4693 ; MV 2168 (Versailles) ; 319 (Cat. peint. françaises 1968),"Portrait de Louis de France, duc de Bourgogne",peinture,Hyacinthe Rigaud,unknown,© Jay,https://pop.culture.gouv.fr/notice/joconde/01370006641
musée des beaux-arts,Dijon,01370000380,J 161 ; 436 (Cat. peint. françaises 1968),Portrait de M. Lépine,peinture,Louis Léopold Boilly,unknown,© Jay,https://pop.culture.gouv.fr/notice/joconde/01370000380
musée des beaux-arts,Dijon,01370000383,J 162 ; 437 (Cat. peint. françaises 1968),Portrait de Madame Lépine,peinture,Louis Léopold Boilly,unknown,"© Dijon, musée des beaux-arts",https://pop.culture.gouv.fr/notice/joconde/01370000383
musée des beaux-arts,Dijon,01370014942,CA 85 et 799 ; 195 (Cat. peint. italiennes 1980) ; 85 (Cat. 1883),Tobie et l'Ange,peinture,Pier Francesco Mola,unknown,"© Dijon, musée des beaux-arts",https://pop.culture.gouv.fr/notice/joconde/01370014942
musée des beaux-arts,Rouen,07290021974,1858.2.1,Adoration des Bergers,peinture,Simon Vouet,unknown,"© musées de la ville de Rouen, © Carole Loisel ; © Catherine Lancien",https://pop.culture.gouv.fr/notice/joconde/07290021974
musée des beaux-arts,Rouen,00000058402,975.4.121,"ETUDE POUR LE PORTRAIT D'UN CHASSEUR ; JOSEPH ET LA FEMME DE PUTIPHAR (ESQUISSE, AU VERSO)",peinture,Nicolas de Largillière,unknown,© Carole Loisel ; © Catherine Lancien,https://pop.culture.gouv.fr/notice/joconde/00000058402
musée des beaux-arts,Rouen,07290021230,1907.1.2,Enlèvement dHélène (titre moderne) ; embarquement de Cléopâtre (titre ancien),peinture,Fragonard,unknown,© Carole Loisel ; © Catherine Lancien,https://pop.culture.gouv.fr/notice/joconde/07290021230
musée des beaux-arts,Rouen,07290022339,1891.2.51,Etude de cuirasse,peinture,Hyacinthe Rigaud,unknown,"© Hélène Thomas, musées de la ville de Rouen",https://pop.culture.gouv.fr/notice/joconde/07290022339
musée des beaux-arts,Rouen,07290020599,1907.1.113,Femme au collier de perles ; Portrait de femme (autre titre),peinture,Nicolas de Largillière,unknown,© Carole Loisel ; © Catherine Lancien,https://pop.culture.gouv.fr/notice/joconde/07290020599
musée des beaux-arts,Rouen,000PE029833,SR 25,L'EDUCATION DE LA VIERGE,peinture,Laurent de La Hyre,unknown,© Carole Loisel ; © Catherine Lancien,https://pop.culture.gouv.fr/notice/joconde/000PE029833
musée des beaux-arts,Rouen,07290021901,1907.1.11,La promenade aux Tuileries,peinture,Louis Léopold Boilly,unknown,Carole Loisel ; Catherine Lancien,https://pop.culture.gouv.fr/notice/joconde/07290021901
musée des beaux-arts,Rouen,00000058404,975.4.50,PORTRAIT D'HOMME EN COSTUME DE L'ORDRE DU SAINT-ESPRIT ; DIT AUSSI PORTRAIT D'HOMME EN CHAPEAU A PLUME,peinture,Charles Le Brun,unknown,© Carole Loisel ; © Catherine Lancien,https://pop.culture.gouv.fr/notice/joconde/00000058404
musée des beaux-arts,Rouen,07290021505,1818.1.42,Portrait d'une dame âgée de 43 ans,peinture,Van Dyck,unknown,Carole Loisel ; Catherine Lancien,https://pop.culture.gouv.fr/notice/joconde/07290021505
musée des beaux-arts,Rouen,07290021285,1907.1.111,"Portrait de Jacqueline de Rohan, duchesse de Longueville",peinture,François Clouet,unknown,musées de la ville de Rouen,https://pop.culture.gouv.fr/notice/joconde/07290021285
musée des beaux-arts,Rouen,07290022368,1811.4,Portrait de vieillard,peinture,Rubens,unknown,musées de la ville de Rouen,https://pop.culture.gouv.fr/notice/joconde/07290022368
musée des beaux-arts,Rouen,00000056500,SR 115,SAINT FRANCOIS CONSOLE PAR LA MUSIQUE DES ANGES,peinture,Laurent de La Hyre,unknown,© Carole Loisel ; © Catherine Lancien,https://pop.culture.gouv.fr/notice/joconde/00000056500
musée des beaux-arts,Rouen,00000058405,975.4.45,SAINTE GENEVIEVE DEVANT PARIS,peinture,Charles Le Brun,unknown,© Carole Loisel ; © Catherine Lancien,https://pop.culture.gouv.fr/notice/joconde/00000058405
musée des beaux-arts,Rouen,07290022377,1803.14,Saint Denis ; Saint Denis l'Aéropagite couronné par un ange,peinture,Nicolas Poussin,unknown,Documentation,https://pop.culture.gouv.fr/notice/joconde/07290022377
musée des beaux-arts,Rouen,07290022367,1809.3,Tête de Christ,peinture,Pierre Mignard,unknown,"© Rouen, musée des beaux-arts",https://pop.culture.gouv.fr/notice/joconde/07290022367
musée des beaux-arts,Rouen,07290022334,1907.1.68,Vue de Pouzolles ; La partie de cache-cache,peinture,Fragonard,unknown,"© Maxime Resse, musées de la ville de Rouen",https://pop.culture.gouv.fr/notice/joconde/07290022334
musée de Grenoble,Grenoble,09940008544,MG D 368,Baptême du Christ,dessin,Pier Francesco Mola,unknown,© Ville de Grenoble / Musée de Grenoble-J.L. Lacroix,https://pop.culture.gouv.fr/notice/joconde/09940008544
musée de Grenoble,Grenoble,09940008902,MG D 2123,Bataille (fragment) ; Guerriers à cheval (Ancien titre),dessin,Antonio Tempesta,unknown,© Ville de Grenoble / Musée de Grenoble-J.L. Lacroix,https://pop.culture.gouv.fr/notice/joconde/09940008902
musée de Grenoble,Grenoble,09940009142,MG D 2019,Cavalier romain lançant un javelot,dessin,Antonio Tempesta,unknown,© Ville de Grenoble / Musée de Grenoble-J.L. Lacroix,https://pop.culture.gouv.fr/notice/joconde/09940009142
musée de Grenoble,Grenoble,09940008903,MG D 2255,Charge de cavalerie ; Scène de bataille (Ancien titre),dessin,Antonio Tempesta,unknown,© Ville de Grenoble / Musée de Grenoble-J.L. Lacroix,https://pop.culture.gouv.fr/notice/joconde/09940008903
musée de Grenoble,Grenoble,09940008933,MG D 552,Enée et Anchise fuyant Troie ; Enée et Anchise fuyant avec Ascorye (Ancien titre),dessin,Luca Giordano,unknown,© Ville de Grenoble / Musée de Grenoble-J.L. Lacroix,https://pop.culture.gouv.fr/notice/joconde/09940008933
musée de Grenoble,Grenoble,09940009040,MG D 490,Etude d'une tête d'homme barbu,dessin,Guido Reni,unknown,© Ville de Grenoble / Musée de Grenoble-J.L. Lacroix,https://pop.culture.gouv.fr/notice/joconde/09940009040
musée de Grenoble,Grenoble,09940008766,"MG D 2085 ; 3551 précision organisme : Léonce Mesnard, ancien n° dans autre organisme",Feuille d'études ; Personnages (Ancien titre),dessin,Federico Barocci,unknown,© Ville de Grenoble / Musée de Grenoble-J.L. Lacroix,https://pop.culture.gouv.fr/notice/joconde/09940008766
musée de Grenoble,Grenoble,09940009190,MG D 373,L'Assomption de la Vierge,dessin,Francesco Vanni,unknown,© Ville de Grenoble / Musée de Grenoble-J.L. Lacroix,https://pop.culture.gouv.fr/notice/joconde/09940009190
musée de Grenoble,Grenoble,09940080570,MG 2011-0-87,L'Ordre rétabli dans les finances ; Dessin préparatoire pour la Galerie des Glaces à Versailles (Titre attribué),dessin,Charles Le Brun,unknown,© Ville de Grenoble / Musée de Grenoble-J.L. Lacroix,https://pop.culture.gouv.fr/notice/joconde/09940080570
musée de Grenoble,Grenoble,09940008577,MG D 2075,La Sainte Famille avec le petit Jean,dessin,Francesco Vanni,unknown,© Ville de Grenoble / Musée de Grenoble-J.L. Lacroix,https://pop.culture.gouv.fr/notice/joconde/09940008577
musée de Grenoble,Grenoble,09940006847,MG D 370,Paysage ; Ferme dans un paysage (Ancien titre),dessin,Domenico Campagnola,unknown,© Ville de Grenoble / Musée de Grenoble-J.L. Lacroix,https://pop.culture.gouv.fr/notice/joconde/09940006847
musée de Grenoble,Grenoble,09940009208,MG D 541,Saint Jérôme pénitent ; Saint Jérôme en prière (Ancien titre),dessin,Federico Barocci,unknown,© Ville de Grenoble / Musée de Grenoble-J.L. Lacroix,https://pop.culture.gouv.fr/notice/joconde/09940009208
musée de Grenoble,Grenoble,09940009120,MG D 2150,Sainte Thérèse d'Avila ; Sainte Marie-Madeleine (Ancien titre),dessin,Luca Giordano,unknown,© Ville de Grenoble / Musée de Grenoble-J.L. Lacroix,https://pop.culture.gouv.fr/notice/joconde/09940009120
musée de Grenoble,Grenoble,09940067267,MG D 549,Scène de Bacchanale,dessin,Luca Giordano,unknown,© Ville de Grenoble / Musée de Grenoble-J.L. Lacroix,https://pop.culture.gouv.fr/notice/joconde/09940067267
musée de Grenoble,Grenoble,09940009129,MG D 2144,Scène de chasse à courre (fragment) ; Scène de chasse (Ancien titre),dessin,Antonio Tempesta,unknown,© Ville de Grenoble / Musée de Grenoble-J.L. Lacroix,https://pop.culture.gouv.fr/notice/joconde/09940009129
musée de Grenoble,Grenoble,09940140170,MG D 245,Scènes de rue,dessin,David Téniers,unknown,© Ville de Grenoble / Musée de Grenoble-J.L. Lacroix,https://pop.culture.gouv.fr/notice/joconde/09940140170
musée des beaux-arts,Chambéry,10480003953,M 344 ; Mesnard 1386/167 (Autre numéro),Cheval au galop,peinture,Géricault,unknown,"Bouchayer, Giroud",https://pop.culture.gouv.fr/notice/joconde/10480003953
musée des beaux-arts,Chambéry,10500005806,M 40 ; Mesnard 3772/376 (Autre numéro) ; Bord 803 (Autre numéro),Enlèvement de Déjanire,peinture,Luca Giordano,unknown,Bouchayer Jean ; Giroud Jean-Claude,https://pop.culture.gouv.fr/notice/joconde/10500005806
musée des beaux-arts,Chambéry,10480007491,"M 1033 ; 328 (52 - Inv.établi en 1951 par A.Gougain) ; Bord 175 (Autre numéro) ; 328 (04 - Inventaire des tableaux, sculptures)",Le Jeu de la palette,peinture,Fragonard,unknown,"Bouchayer, Giroud",https://pop.culture.gouv.fr/notice/joconde/10480007491
musée des beaux-arts,Chambéry,10480002158,001-2-1,Louis XV enfant,peinture,Hyacinthe Rigaud,unknown,Giroud,https://pop.culture.gouv.fr/notice/joconde/10480002158
musée des beaux-arts,Chambéry,10480004941,M 292 ; Mesnard 1463/132 (Autre numéro) ; Bord 476 (Autre numéro),Marine,peinture;marine,Joseph Vernet,unknown,"Bouchayer, Giroud",https://pop.culture.gouv.fr/notice/joconde/10480004941
musée des beaux-arts,Chambéry,10480006522,M 34 ; Mesnard 691/258 (Autre numéro) ; Bord 441 (Autre numéro),Paysage,peinture,David Téniers,unknown,"Bouchayer, Giroud",https://pop.culture.gouv.fr/notice/joconde/10480006522
musée des beaux-arts,Chambéry,10500004947,M 467 ; Mesnard 3612/225 (Autre numéro) ; Bord 453 (Autre numéro),Portrait de jeune femme,peinture,Véronèse,unknown,Giroud Jean-Claude ; Bouchayer Jean,https://pop.culture.gouv.fr/notice/joconde/10500004947
musée des beaux-arts,Chambéry,10480001058,M 98 ; Mesnard 1556/271 (Autre numéro) ; Bord 119 (Autre numéro),Portrait de jeune homme,peinture,Louis Léopold Boilly,unknown,Bouchayer,https://pop.culture.gouv.fr/notice/joconde/10480001058
musée des beaux-arts,Chambéry,10500000151,M 687 ; A 253 (Ancien numéro) ; Bord 365 (Autre numéro),Saint Paul,peinture,Le Guerchin,unknown,Giroud Jean-Claude ; Bouchayer Jean,https://pop.culture.gouv.fr/notice/joconde/10500000151
musée des beaux-arts,Chambéry,10480004597,M 475 ; Mesnard 3833-295 (Autre numéro) ; Bord 644 (Autre numéro),Scène champêtre,peinture,David Téniers,unknown,"Bouchayer, Giroud",https://pop.culture.gouv.fr/notice/joconde/10480004597
musée des beaux-arts,Chambéry,10480006517,M 481 ; Mesnard 3665/98 (Autre numéro) ; Bord 431 (Autre numéro),Scène de taverne,peinture,David Téniers,unknown,"Bouchayer, Giroud",https://pop.culture.gouv.fr/notice/joconde/10480006517
musée des beaux-arts,Chambéry,10480006080,981-31-6,Tête d'enfant,peinture,Greuze,unknown,"Bouchayer, Giroud",https://pop.culture.gouv.fr/notice/joconde/10480006080
musée des beaux-arts,Chambéry,10500000156,"M 991 ; 487 (Ancien numéro) ; Bord 137 (Autre numéro) ; 487 (04 - Inventaire des tableaux, sculptures)",Vierge à l'Enfant,peinture,Le Guerchin,unknown,"Giroud, Bouchayer",https://pop.culture.gouv.fr/notice/joconde/10500000156
musée des beaux-arts,Chambéry,10500001218,M 806 ; A 427 (Ancien numéro) ; Bord 124 (Autre numéro),Vierge à l'Enfant avec Saint-Jean Baptiste,peinture,Carlo Maratti,unknown,Giroud Jean-Claude ; Bouchayer Jean,https://pop.culture.gouv.fr/notice/joconde/10500001218
musée des beaux-arts et galerie David-d'Angers,Angers,07480012416,MTC 5060,Combat de cavalerie,dessin,Luca Giordano ; Pier Francesco Mola,unknown,"© P David ; © Angers, musées d'Angers",https://pop.culture.gouv.fr/notice/joconde/07480012416
musée des beaux-arts et galerie David-d'Angers,Angers,07480012030,MTC 4886,Etude pour une figure des batailles d'Alexandre (Ancien titre) ; Tête semblant exprimer l'admiration (D'après K. Sauvignon),dessin,Charles Le Brun,unknown,"© P David ; © Angers, musées d'Angers",https://pop.culture.gouv.fr/notice/joconde/07480012030
musée des beaux-arts et galerie David-d'Angers,Angers,07480012486,MTC 4935,"Incendie nocturne dans un port (recto) ; Construction dans un fort (verso) ; Entrée d'un port, lever de soleil (ancien titre)",dessin,Joseph Vernet,unknown,"© P David ; © Angers, musées d'Angers",https://pop.culture.gouv.fr/notice/joconde/07480012486
musée des beaux-arts et galerie David-d'Angers,Angers,07480011131,MBA 670 ; 9986 (Inventaire SRMF) ; MBA 08-670 (Autre numéro),Jupiter brandissant la foudre ; Jupiter porté par l'aigle (titre vente Chennevières),dessin,Charles Le Brun,unknown,"© P David ; © Angers, musées d'Angers",https://pop.culture.gouv.fr/notice/joconde/07480011131
musée des beaux-arts et galerie David-d'Angers,Angers,07480012396,MTC 5048,La Vierge et l'Enfant ; La Vierge et l'Enfant avec sainte Anne (Ancien titre),dessin,Francesco Vanni,unknown,"© P David ; © Angers, musées d'Angers",https://pop.culture.gouv.fr/notice/joconde/07480012396
musée des beaux-arts et galerie David-d'Angers,Angers,07480012397,MTC 5019,La canonisation de saint Charles ; Un pape présidant une assemblée de cardinaux (ancien titre),dessin,Federico Zuccaro,unknown,"© P David ; © Angers, musées d'Angers",https://pop.culture.gouv.fr/notice/joconde/07480012397
musée des beaux-arts et galerie David-d'Angers,Angers,07480012427,MTC 5034,Le repos pendant la fuite ; Allégorie (autre titre),dessin,Annibale Carracci,unknown,"© P David ; © Angers, musées d'Angers",https://pop.culture.gouv.fr/notice/joconde/07480012427
musée des beaux-arts et galerie David-d'Angers,Angers,00000061523,MTC 10,PORTRAIT DE CATHERINE DE MEDICIS,peinture,François Clouet,unknown,© C2RMF,https://pop.culture.gouv.fr/notice/joconde/00000061523
musée des beaux-arts et galerie David-d'Angers,Angers,00000061524,MTC 9,PORTRAIT DE CHARLES IX,peinture,François Clouet,unknown,© C2RMF,https://pop.culture.gouv.fr/notice/joconde/00000061524
musée des beaux-arts et galerie David-d'Angers,Angers,07480009934,MTC 201 bis,Projet pour un tabernacle ; Composition pour un reliquaire,dessin,Federico Zuccaro,unknown,"© P David ; © Angers, musées d'Angers",https://pop.culture.gouv.fr/notice/joconde/07480009934
musée des beaux-arts et galerie David-d'Angers,Angers,07480012421,MTC 4154,Saint François adorant l'enfant,dessin,Le Guerchin,unknown,"© P David ; © Angers, musées d'Angers",https://pop.culture.gouv.fr/notice/joconde/07480012421
musée des beaux-arts et galerie David-d'Angers,Angers,07480012487,MTC 4936,Un port de mer au clair de lune (verso) ; Entrée d'un fort (recto),dessin,Joseph Vernet,unknown,"© P David ; © Angers, musées d'Angers",https://pop.culture.gouv.fr/notice/joconde/07480012487
musée Condé,Chantilly,00000077353,PE 68,AMOUR REPANDANT DES FLEURS,peinture,Annibale Carracci,unknown,© musée Condé,https://pop.culture.gouv.fr/notice/joconde/00000077353
musée Condé,Chantilly,00000107078,DE 78 ; 69 (ancien numéro),"Avant bras et main gauche tendus vers la droite, devant les jambes d'une figure vêtue",dessin,Raphaël,unknown,© Lynda Frénois,https://pop.culture.gouv.fr/notice/joconde/00000107078
musée Condé,Chantilly,00000104760,PE 580,Cavalier,peinture,Rubens,unknown,© musée Condé,https://pop.culture.gouv.fr/notice/joconde/00000104760
musée Condé,Chantilly,50520000007,DE 109 ; 99 (ancien numéro),"Hommes et femmes fuyant et se réfugiant dans une forêt à droite (recto) ; Etudes, dont une sainte Famille (verso)",dessin,Polidoro Caldara,unknown,© Lynda Frénois,https://pop.culture.gouv.fr/notice/joconde/50520000007
musée Condé,Chantilly,50520000006,DE 108 ; 98 (ancien numéro),La Vendange,dessin,Polidoro Caldara,unknown,© Lynda Frénois,https://pop.culture.gouv.fr/notice/joconde/50520000006
musée Condé,Chantilly,00000107130,DE 128 ; 115 (ancien numéro),Lion attaquant une laie,dessin,Domenico Campagnola,unknown,© Lynda Frénois,https://pop.culture.gouv.fr/notice/joconde/00000107130
musée Condé,Chantilly,00000077153,PE 245,"MARGUERITE DE FRANCE, DUCHESSE DE BERRY, FUTURE DUCHESSE DE SAVOIE",peinture,Corneille de Lyon,unknown,© Mélanie Demarle,https://pop.culture.gouv.fr/notice/joconde/00000077153
musée Condé,Chantilly,00000077264,PE 338,PORTRAIT D'HOMME,peinture,Hyacinthe Rigaud,unknown,© Mélanie Demarle,https://pop.culture.gouv.fr/notice/joconde/00000077264
musée Condé,Chantilly,50520000014,DE 164 ; 145 (ancien numéro),Présentation de la Vierge au temple ; croquis au verso,dessin,Francesco Vanni ; Ludovico Carracci,unknown,© Lynda Frénois,https://pop.culture.gouv.fr/notice/joconde/50520000014
musée Condé,Chantilly,00000107133,DE 125 ; 120 (ancien numéro),Scène d'allégence d'un chef d'armée envers un personnage en armes,dessin,Le Tintoret,unknown,© Lynda Frénois,https://pop.culture.gouv.fr/notice/joconde/00000107133
musée Condé,Chantilly,00000077222,PE 334,UN CHEVALIER DE L'ORDRE DE SAINT MICHEL,peinture,Nicolas de Largillière,unknown,© Mélanie Demarle,https://pop.culture.gouv.fr/notice/joconde/00000077222
musée Condé,Chantilly,00000107129,DE 127 ; 114 (ancien numéro),Vénus endormie flanquée de trois amours,dessin,Titien,unknown,© Lynda Frénois,https://pop.culture.gouv.fr/notice/joconde/00000107129
musée du Louvre,Paris,000PE008787,INV 1794,"Anne d'Autriche (1601-1666) , reine de France",peinture,Rubens,unknown,© A. Dequier ; © M. Bard,https://pop.culture.gouv.fr/notice/joconde/000PE008787
musée du Louvre,Paris,000PE008563,INV 1748,Etude de vieillard,peinture,Rembrandt,unknown,© A. Dequier ; © M. Bard,https://pop.culture.gouv.fr/notice/joconde/000PE008563
musée du Louvre,Paris,00000103010,MI 296,JUDITH TENANT LA TETE D'HOLOPHERNE,peinture,Guido Reni,unknown,Musée du Louvre,https://pop.culture.gouv.fr/notice/joconde/00000103010
musée du Louvre,Paris,000PE008571,MI 959,Jeune homme au bâton,peinture,Rembrandt,unknown,© A. Dequier ; © M. Bard,https://pop.culture.gouv.fr/notice/joconde/000PE008571
musée du Louvre,Paris,000PE025607,RF 198,"LA VIERGE, L'ENFANT JESUS ET SAINT JEAN",peinture,Léonard de Vinci,unknown,,https://pop.culture.gouv.fr/notice/joconde/000PE025607
musée du Louvre,Paris,000PE026984,INV 641,LA VISION D'EZECHIEL,peinture,Raphaël,unknown,© C2RMF,https://pop.culture.gouv.fr/notice/joconde/000PE026984
musée du Louvre,Paris,000PE027108,RF 2113,PORTRAIT D'HOMME,peinture,Le Tintoret,unknown,© C2RMF,https://pop.culture.gouv.fr/notice/joconde/000PE027108
musée du Louvre,Paris,000PE027124,INV 773,PORTRAIT D'HOMME,peinture,Titien,unknown,© C2RMF,https://pop.culture.gouv.fr/notice/joconde/000PE027124
musée du Louvre,Paris,50350036918,"RF 35890, recto",Portrait d'Evariste Parny,miniature,Louis Léopold Boilly,unknown,"© Musée du Louvre, M. Beck-Coppola",https://pop.culture.gouv.fr/notice/joconde/50350036918
musée du Louvre,Paris,50350011376,"INV 25245, recto",Portrait de Catherine de Médicis,miniature,François Clouet,unknown,"© Musée du Louvre, M. Beck-Coppola",https://pop.culture.gouv.fr/notice/joconde/50350011376
musée du Louvre,Paris,50350111493,"MI 1092, recto",Portrait équestre de François Ier,miniature,François Clouet,unknown,"© Musée du Louvre, M. Beck-Coppola",https://pop.culture.gouv.fr/notice/joconde/50350111493
musée du Louvre,Paris,000PE013394,RF 1961 41,Ruth et Booz,peinture,Fragonard,unknown,© A. Dequier ; © M. Bard,https://pop.culture.gouv.fr/notice/joconde/000PE013394
musée Rolin,Autun,01610001173,CH. 294,Judas,peinture,Sébastien Bourdon,unknown,© Stéphane Prost,https://pop.culture.gouv.fr/notice/joconde/01610001173
musée Rolin,Autun,01610000091,CH. 5,Le jeu des singes dans le monde,peinture,David Téniers,unknown,Stéphane Prost,https://pop.culture.gouv.fr/notice/joconde/01610000091
musée Rolin,Autun,01610009748,MAR. 74,Portrait d'homme à la perruque,peinture,Nicolas de Largillière,unknown,© Claudine Massard,https://pop.culture.gouv.fr/notice/joconde/01610009748
musée Rolin,Autun,01610001204,H.V. 53,Portrait de Johann-Georg Wille ; Portrait d'homme (autre titre),peinture,Greuze,unknown,© Stéphane Prost,https://pop.culture.gouv.fr/notice/joconde/01610001204
musée Rolin,Autun,01610009747,MAR. 64,Portrait de femme,peinture,Nicolas de Largillière,unknown,© Claudine Massard,https://pop.culture.gouv.fr/notice/joconde/01610009747
musée Rolin,Autun,01610001174,CH. 295,Saint André,peinture,Sébastien Bourdon,unknown,© Stéphane Prost,https://pop.culture.gouv.fr/notice/joconde/01610001174
musée Rolin,Autun,01610001170,CH. 291,Saint Jacques le Majeur,peinture,Sébastien Bourdon,unknown,© Stéphane Prost,https://pop.culture.gouv.fr/notice/joconde/01610001170
musée Rolin,Autun,01610001171,CH. 292,Saint Mathieu (ou saint Matthias),peinture,Sébastien Bourdon,unknown,© Stéphane Prost,https://pop.culture.gouv.fr/notice/joconde/01610001171
musée Rolin,Autun,01610001172,CH. 293,Saint Paul (ou saint Barthélémy),peinture,Sébastien Bourdon,unknown,© Stéphane Prost,https://pop.culture.gouv.fr/notice/joconde/01610001172
musée Rolin,Autun,01610001169,CH. 290,Saint Philippe,peinture,Sébastien Bourdon,unknown,© Stéphane Prost,https://pop.culture.gouv.fr/notice/joconde/01610001169
musée Rolin,Autun,01610001107,990.4.1,Vierge à l'Enfant,peinture,Le Pérugin,unknown,Stéphane Prost,https://pop.culture.gouv.fr/notice/joconde/01610001107
musée des beaux-arts,Nîmes,M0457000323,261,Abel mort ; La mort d'Abel,beaux-arts;peinture,Pier Francesco Mola,unknown,© Florent Gardin,https://pop.culture.gouv.fr/notice/joconde/M0457000323
musée des beaux-arts,Nîmes,M0457001362,1319 ; Autre numéro d'inventaire : 948.2.40,Buste de femme,beaux-arts;peinture,François Clouet,unknown,Stéphane Ramillon,https://pop.culture.gouv.fr/notice/joconde/M0457001362
musée des beaux-arts,Nîmes,M0457000737,686 ; D.4 (numéro dans catalogue ancien),Paysage ,beaux-arts;dessin,Boucher,unknown,"© Musée des Beaux-arts, Nîmes",https://pop.culture.gouv.fr/notice/joconde/M0457000737
musée des beaux-arts,Nîmes,00457000809,758 ; D.74 (numéro dans catalogue ancien),Sans désignation,beaux-arts;dessin,Boucher,unknown,"© Musée des Beaux-arts, Nîmes",https://pop.culture.gouv.fr/notice/joconde/00457000809
musée des beaux-arts,Nîmes,M0457000753,702 ; D.20 (numéro dans catalogue ancien),Sans désignation,beaux-arts;dessin,Boucher,unknown,"© Musée des Beaux-arts, Nîmes",https://pop.culture.gouv.fr/notice/joconde/M0457000753
musée des beaux-arts,Nîmes,M0457000769,718 ; D.36 (numéro dans catalogue ancien),Sans désignation,beaux-arts;dessin,Van Dyck,unknown,"Musée des Beaux-arts, Nîmes",https://pop.culture.gouv.fr/notice/joconde/M0457000769
musée des beaux-arts,Nîmes,M0457000773,722 ; Numéro ancien catalogue : D.40,Sans désignation,beaux-arts;dessin,Charles Le Brun,unknown,"© Musée des Beaux-arts, Nîmes",https://pop.culture.gouv.fr/notice/joconde/M0457000773
musée des beaux-arts,Nîmes,M0457000810,759 ; D.77 (numéro dans catalogue ancien),Sans désignation,beaux-arts;dessin,Boucher,unknown,"Musée des beaux-arts, Ville de Nîmes.",https://pop.culture.gouv.fr/notice/joconde/M0457000810
musée des beaux-arts,Nîmes,M0457000827,776 ; D.94 (numéro dans catalogue ancien),Sans désignation,beaux-arts;dessin,Boucher,unknown,"Musée des Beaux-arts, Nîmes",https://pop.culture.gouv.fr/notice/joconde/M0457000827
musée des beaux-arts,Nîmes,M0457000885,834 ; D.152 (numéro dans catalogue ancien),Sans désignation,beaux-arts;dessin,Giorgio Vasari,unknown,"© Musée des Beaux-arts, Nîmes",https://pop.culture.gouv.fr/notice/joconde/M0457000885
musée Granet,Aix-en-Provence,08940005214,860.1.604 ; 860.1.301 (Numérotation manuscrite Louis Malbos (catalogue Pontier 1900 annoté)(numérotation abandonnée par Bernard Terlay)) ; 167 (Cat. Gibert 1867) ; 516 (Cat. Pontier-Beaux-Arts 1900),Allégorie du rire ; Homme tenant une tête tranchée,peinture,Salvator Rosa,unknown,"© ALMODOVAR, Claude",https://pop.culture.gouv.fr/notice/joconde/08940005214
musée Granet,Aix-en-Provence,08940004673,860.1.211 ; 860.1.267 (Numérotation manuscrite Louis Malbos (catalogue Pontier 1900 annoté)(numérotation abandonnée par Bernard Terlay)) ; 36 (Cat. Gibert 1867) ; 471 (Cat. Pontier-Beaux-Arts 1900),L'Adoration des Mages (titre d'usage),beaux-arts;peinture,Carlo Maratti,unknown,"© Claude Almodovar / musée Granet, Ville d'Aix-en-Provence",https://pop.culture.gouv.fr/notice/joconde/08940004673
musée Granet,Aix-en-Provence,08940004909,860.1.381 ; 860.1.261 (Numérotation manuscrite Louis Malbos (catalogue Pontier 1900 annoté)(numérotation abandonnée par Bernard Terlay)) ; 112 (Cat. Gibert 1867) ; 465 (Cat. Pontier-Beaux-Arts 1900) ; 96 ; 249,L'enlèvement d'Hélène,peinture,Luca Giordano,unknown,"© ALMODOVAR, Claude",https://pop.culture.gouv.fr/notice/joconde/08940004909
musée Granet,Aix-en-Provence,08940004679,860.1.214 ; 860.1.176 (Numérotation manuscrite Louis Malbos (catalogue Pontier 1900 annoté)(numérotation abandonnée par Bernard Terlay)) ; 249 (Cat. Gibert 1867) ; 351 (Cat. Pontier-Beaux-Arts 1900) ; Fl93 ; 214 ; 59,La Nature parée par les Trois Grâces,beaux-arts;peinture,Rubens,unknown,"© Claude Almodovar / musée Granet, Ville d'Aix-en-Provence",https://pop.culture.gouv.fr/notice/joconde/08940004679
musée Granet,Aix-en-Provence,08940004449,860.1.61 ; 860.1.126 (Numérotation manuscrite Louis Malbos (catalogue Pontier 1900 annoté)(numérotation abandonnée par Bernard Terlay)) ; 526 (Cat. Gibert 1867) ; 299 (Cat. Pontier-Beaux-Arts 1900),Minerve conseille à Cadmus d'arracher les dents du dragon (titre d'usage),peinture,Salvator Rosa,unknown,"© ALMODOVAR, Claude",https://pop.culture.gouv.fr/notice/joconde/08940004449
musée Granet,Aix-en-Provence,08940004368,860.1.9 ; 9 (Numéro d'inventaire du legs BdF) ; 198 (Cat. Gibert 1867),Paysage d'Italie au soleil couchant avec des pêcheurs ; Paysage d'Italie au soleil couchant : pêcheurs dans un ruisseau sous de grands arbres (titre factice),peinture,Salvator Rosa,unknown,"© ALMODOVAR, Claude",https://pop.culture.gouv.fr/notice/joconde/08940004368
musée Granet,Aix-en-Provence,08940004481,860.1.82 ; 860.1.26 (Numérotation manuscrite Louis Malbos (catalogue Pontier 1900 annoté)(numérotation abandonnée par Bernard Terlay)) ; 450 (Cat. Gibert 1867) ; 140 (Cat. Pontier-Beaux-Arts 1900) ; 34,Paysage d'Italie avec un berger et diverses figures vêtues à l'antique,beaux-arts;peinture,Gaspard Dughet,unknown,"© Claude Almodovar / musée Granet, Ville d'Aix-en-Provence",https://pop.culture.gouv.fr/notice/joconde/08940004481
musée Granet,Aix-en-Provence,08940004668,860.1.207 ; 860.1.278 (Numérotation manuscrite Louis Malbos (catalogue Pontier 1900 annoté)(numérotation abandonnée par Bernard Terlay)) ; 81 (Cat. Gibert 1867) ; 479 (Cat. Pontier-Beaux-Arts 1900),Paysage montagneux (esquisse),peinture,Salvator Rosa,unknown,"© ALMODOVAR, Claude",https://pop.culture.gouv.fr/notice/joconde/08940004668
musée Granet,Aix-en-Provence,08940005176,860.1.577 ; 577 (Numéro d'inventaire du legs BdF) ; 116 (Cat. Gibert 1867) ; 12,Saint François Xavier présidant la construction d'un édifice ; Construction d'un édifice sous la direction de saint François Xavier,peinture,Luca Giordano,unknown,"© ALMODOVAR, Claude",https://pop.culture.gouv.fr/notice/joconde/08940005176
musée Granet,Aix-en-Provence,08940005128,860.1.541 ; 860.1.546 bis ; 69 (Catalogue annoté de la Galerie Bourguignon),Sainte Madeleine en extase (titre factice),beaux-arts;peinture,Guido Reni,unknown,"© Claude Almodovar / musée Granet, Ville d'Aix-en-Provence",https://pop.culture.gouv.fr/notice/joconde/08940005128
musée des Augustins,Toulouse,05620001443,D 1973 1 ; 861 1 1 (inventaire de Tarbes),Apollon,peinture,Annibale Carracci,unknown,Bernard Delorme,https://pop.culture.gouv.fr/notice/joconde/05620001443
musée des Augustins,Toulouse,05620000350,2004 1 337 ; 391 (Ro),Combat de cavalerie,peinture,Antonio Tempesta,unknown,Bernard Delorme,https://pop.culture.gouv.fr/notice/joconde/05620000350
musée des Augustins,Toulouse,05620001275,2004 1 370 ; 460 (Ro),"La Vierge, l'enfant Jésus et saint Jean",peinture,Rubens,unknown,DELORME,https://pop.culture.gouv.fr/notice/joconde/05620001275
musée des Augustins,Toulouse,05620001257,2004 1 26 ; 439 (Ro) ; D 1803 11 (Autre numéro),Le Christ aux anges,peinture,Van Dyck,unknown,Daniel Martin,https://pop.culture.gouv.fr/notice/joconde/05620001257
musée des Augustins,Toulouse,05620001258,2004 1 44 ; 440 (Ro) ; D 1805 3 (Autre numéro),Le miracle de la mule (Légende de saint Antoine de Padoue),peinture,Van Dyck,unknown,Daniel Martin,https://pop.culture.gouv.fr/notice/joconde/05620001258
musée des Augustins,Toulouse,05620001288,RO 859,Paysage,peinture,Paul Bril,unknown,,https://pop.culture.gouv.fr/notice/joconde/05620001288
musée des Augustins,Toulouse,05620000673,73 3 1 ; PI 1653 (Autre numéro),"Portrait de Jules de Résséguier, en uniforme",peinture,François Gérard,unknown,Daniel Martin,https://pop.culture.gouv.fr/notice/joconde/05620000673
musée des Augustins,Toulouse,05620000355,2004 1 117 ; 396 (Ro) ; D 1865 4 (Autre numéro),Sainte Famille,peinture,Titien,unknown,Bernard Delorme,https://pop.culture.gouv.fr/notice/joconde/05620000355
musée des Augustins,Toulouse,05620001274,2004 1 369 ; 459 (Ro),"Thomyris reine des Massagètes ; Thomyris, reine des Massagetes fait plonger la tête de Cyrus dans un vase rempli de sang",peinture,Nicolas de Largillière,unknown,Photo Bernard Delorme,https://pop.culture.gouv.fr/notice/joconde/05620001274
musée des beaux-arts et d'archéologie,Dole,M0347001326,CH 556,Fête Flamande,peinture,David Téniers,restricted,Jean-Loup Mathieu (Eurêka) - utilisation soumise à autorisation ; musée des beaux-arts de Dole,https://pop.culture.gouv.fr/notice/joconde/M0347001326
musée des beaux-arts et d'archéologie,Dole,M0347001754,CH 598,La danse à l'auberge,peinture,David Téniers,restricted,© Jean-Loup Mathieu (Eurêka) - utilisation soumise à autorisation ; © musée des beaux-arts de Dole,https://pop.culture.gouv.fr/notice/joconde/M0347001754
musée des beaux-arts et d'archéologie,Dole,M0347001327,246,Laitière dans une étable ; Intérieur d'étable (autre titre),peinture,David Téniers,restricted,© Jean-Loup Mathieu (Eurêka) - utilisation soumise à autorisation ; © musée des beaux-arts de Dole,https://pop.culture.gouv.fr/notice/joconde/M0347001327
musée des beaux-arts et d'archéologie,Dole,M0347001249,223,Lucrèce,peinture,Luca Giordano,restricted,© Jean-Loup Mathieu (Eurêka) - utilisation soumise à autorisation ; studio Chechillot,https://pop.culture.gouv.fr/notice/joconde/M0347001249
musée des beaux-arts et d'archéologie,Dole,M0347000653,364,Paysage au ciel tourmenté,peinture,Paul Bril,restricted,© Jean-Loup Mathieu (Eurêka) - utilisation soumise à autorisation ; © musée des beaux-arts de Dole,https://pop.culture.gouv.fr/notice/joconde/M0347000653
musée des beaux-arts et d'archéologie,Dole,M0347000652,354,Paysage avec une rivière,peinture,Paul Bril,restricted,© Jean-Loup Mathieu (Eurêka) - utilisation soumise à autorisation ; © musée des beaux-arts de Dole,https://pop.culture.gouv.fr/notice/joconde/M0347000652
musée des beaux-arts et d'archéologie,Dole,M0347001435,CH 66,Portrait d'homme à mi-corps,peinture,Nicolas de Largillière,restricted,© Jean -Loup Mathieu (Eurêka) ; studio Chechillot ; Catherine Scheck - utilisation soumise à autorisation,https://pop.culture.gouv.fr/notice/joconde/M0347001435
musée des beaux-arts et d'archéologie,Dole,M0347001753,CH 434,"Scène d'auberge avec fumeur, joueuse de cartes, buveurs et danseuses",peinture,David Téniers,restricted,© Jean-Loup Mathieu (Eurêka) - utilisation soumise à autorisation ; © musée des beaux-arts de Dole,https://pop.culture.gouv.fr/notice/joconde/M0347001753
musée des beaux-arts et d'archéologie,Dole,M0347001723,108,Tête de femme : Le Silence,peinture,Andrea del Sarto ; Michel-Ange,restricted,Jean-Loup Mathieu (Eurêka) - utilisation soumise à autorisation ; studio Chechillot,https://pop.culture.gouv.fr/notice/joconde/M0347001723
musée des beaux-arts,Caen,000PE021644,M.261,Joueurs de palet dans un paysage hivernal,peinture,David Téniers,unknown,"Musée des Beaux-Arts de Caen, cliché Martine Seyve",https://pop.culture.gouv.fr/notice/joconde/000PE021644
musée des beaux-arts,Caen,000PE023056,182,L'Homme à la figue,peinture,Simon Vouet,unknown,"Musée des Beaux-Arts de Caen, cliché Martine Seyve",https://pop.culture.gouv.fr/notice/joconde/000PE023056
musée des beaux-arts,Caen,06570009240,369,La Vierge et l'Enfant entourés d'anges ; Triomphe de la Vierge,peinture,Le Tintoret,unknown,"Musée des Beaux-Arts de Caen, cliché Patricia Touzard",https://pop.culture.gouv.fr/notice/joconde/06570009240
musée des beaux-arts,Caen,06570008170,64,Le Christ au tombeau ; Déploration sur le corps du Christ,peinture,Le Pérugin,unknown,"Musée des Beaux-Arts de Caen, cliché Martine Seyve",https://pop.culture.gouv.fr/notice/joconde/06570008170
musée des beaux-arts,Caen,000PE021397,23,Le Sauveur du monde,peinture,Hyacinthe Rigaud,unknown,"Musée des Beaux-Arts de Caen, cliché Patricia Touzard",https://pop.culture.gouv.fr/notice/joconde/000PE021397
musée des beaux-arts,Caen,000PE020930,OD.27,Mercure confiant le jeune Bacchus aux nymphes du mont Nysa,beaux-arts;peinture,Boucher,unknown,"© Musée des Beaux-Arts de Caen, cliché Ernest Le Deley",https://pop.culture.gouv.fr/notice/joconde/000PE020930
musée des beaux-arts,Caen,000PE021645,M.117,Visite de la reine de Saba au roi Salomon,peinture,David Téniers,unknown,"Musée des Beaux-Arts de Caen, cliché Martine Seyve",https://pop.culture.gouv.fr/notice/joconde/000PE021645
musée des beaux-arts,Caen,06570017304,M.337.39,Érasme,dessin,Van Dyck,unknown,"Musée des Beaux-Arts de Caen, cliché Patricia Touzard",https://pop.culture.gouv.fr/notice/joconde/06570017304
musée des Beaux-Arts de Saint-Denis,Reims,03110041532,897.34.14 ; 525 (Ancien registre B),Ah ! Le Voilà ! ; Le chien commissionnaire,peinture,Louis Léopold Boilly,unknown,© CHRISTIAN DEVLEESCHAUWER,https://pop.culture.gouv.fr/notice/joconde/03110041532
musée des Beaux-Arts de Saint-Denis,Reims,03110002336,828.1.16 ; n° 40 p. 111 Ro. (Ancien registre A),"François d'Espinay, marquis de Saint-Luc ; François de La Rochefoucauld",peinture,Pierre Mignard,unknown,© Christian DEVLEESCHAUWER,https://pop.culture.gouv.fr/notice/joconde/03110002336
musée des Beaux-Arts de Saint-Denis,Reims,03110000174,"795.1.173 ; 9 (inventaire LELARGE, 1770) ; 142 (Inventaire BERGEAT, 1794) ; p. 109 Ro (Ancien registre A)","Louis XIV à cheval (titre attribué) ; Louis le Grand à l'âge de 37 ans (titre publié (Paris, 1845))",peinture,Pierre Mignard,unknown,© Christian DEVLEESCHAUWER,https://pop.culture.gouv.fr/notice/joconde/03110000174
musée des Beaux-Arts de Saint-Denis,Reims,03110041569,913.7.2 ; 1565 (Ancien registre B) ; NC 170 (Inventaire NC),Marine,peinture,Joseph Vernet,unknown,© Christian DEVLEESCHAUWER,https://pop.culture.gouv.fr/notice/joconde/03110041569
musée des Beaux-Arts de Saint-Denis,Reims,03110000287,"795.1.286 ; n° 215 (Inventaire BERGEAT, 1794)",Portrait de Nicolas Hénin de Cuvillers (titre attribué),peinture,Philippe de Champaigne,unknown,© Christian DEVLEESCHAUWER,https://pop.culture.gouv.fr/notice/joconde/03110000287
musée des Beaux-Arts de Saint-Denis,Reims,03110032162,2014.0.1 ; 37 (Inventaire supplémentaire de l'École de Dessin (ISEC)),Tête d'homme,peinture,Pier Francesco Mola,unknown,© Christian DEVLEESCHAUWER,https://pop.culture.gouv.fr/notice/joconde/03110032162
musée des Beaux-Arts de Saint-Denis,Reims,03110041486,2014.0.2 ; (Inventaire supplémentaire de l'École de Dessin (ISEC)),Tête d'homme,peinture,Pier Francesco Mola,unknown,© Christian DEVLEESCHAUWER,https://pop.culture.gouv.fr/notice/joconde/03110041486
musée des Beaux-Arts de Saint-Denis,Reims,03110042522,949.1.31,Étude de tête (titre attribué),peinture,Van Dyck,unknown,© Christian DEVLEESCHAUWER,https://pop.culture.gouv.fr/notice/joconde/03110042522
musée d’ethnographie corse,Bastia,03290005103,MEC.56.13.202 ; 43 ou 49 (Autre numéro),Ange portant le Saint Suaire,peinture,Federico Zuccaro,unknown,© JAMBERT ; Jean André Bertozzi / ADGAP,https://pop.culture.gouv.fr/notice/joconde/03290005103
musée d’ethnographie corse,Bastia,03290005102,MEC.56.13.201 ; 49 (Autre numéro) ; 42 (Autre numéro),Ange portant les instruments de la passion,peinture,Federico Zuccaro,unknown,© JAMBERT ; Jean André Bertozzi / ADGAP,https://pop.culture.gouv.fr/notice/joconde/03290005102
musée d’ethnographie corse,Bastia,03290005077,MEC.56.13.179 ; 47 (Autre numéro),Apparition de Jésus à Marie-Madeleine,peinture,Luca Giordano,unknown,Jean André Bertozzi / ADGAP,https://pop.culture.gouv.fr/notice/joconde/03290005077
musée d’ethnographie corse,Bastia,03290006927,MEC.75.2.4 ; MECD.73.2.4 (Autre numéro),Choc de cavalerie ; Bataille ; Scène représentant des cavaliers (ancien titre),peinture,Salvator Rosa,unknown,© JAMBERT ; Jean André Bertozzi / ADGAP,https://pop.culture.gouv.fr/notice/joconde/03290006927
musée d’ethnographie corse,Bastia,03290005058,MEC.56.13.162 ; 40 (Autre numéro),Jésus guérissant un aveugle,peinture,Luca Cambiaso,unknown,© Edith Weigel,https://pop.culture.gouv.fr/notice/joconde/03290005058
musée d’ethnographie corse,Bastia,03290008037,MEC.91.2.2,Loth et ses filles,peinture,Carlo Maratti,unknown,© JAMBERT ; JA.Bertozzi-ADGAP,https://pop.culture.gouv.fr/notice/joconde/03290008037
musée d’ethnographie corse,Bastia,03290005065,MEC.56.13.168 ; 51 (Autre numéro),Paysage,peinture,Salvator Rosa,unknown,© JAMBERT ; JA.Bertozzi-ADGAP,https://pop.culture.gouv.fr/notice/joconde/03290005065
musée d’ethnographie corse,Bastia,03290005067,MEC.56.13.170 ; 11 (Autre numéro) ; 20 (AGET),Vénus et Mars,peinture,Véronèse,unknown,Jean André Bertozzi / ADGAP,https://pop.culture.gouv.fr/notice/joconde/03290005067
musée départemental d'art ancien et contemporain,Epinal,M0536000446,L.I.121,Denys de Syracuse,beaux-arts;peinture,Luca Giordano,unknown,© Claude Philippot,https://pop.culture.gouv.fr/notice/joconde/M0536000446
musée départemental d'art ancien et contemporain,Epinal,M0536000542,L.I.51,L'École d'Athènes,beaux-arts;peinture,Carlo Maratti,unknown,© Claude Philippot,https://pop.culture.gouv.fr/notice/joconde/M0536000542
musée départemental d'art ancien et contemporain,Epinal,M0536001628,D.1920.24,Le Coche d’eau (recto) ; Personnage de dos drapé d’une cape (verso),beaux-arts;dessin,Fragonard,unknown,© Claude Philippot,https://pop.culture.gouv.fr/notice/joconde/M0536001628
musée départemental d'art ancien et contemporain,Epinal,M0536000553,L.I.61,Paysage,beaux-arts;peinture,Salvator Rosa,unknown,© Imatec Lionel AUDINET-Daniel CHAUBARD,https://pop.culture.gouv.fr/notice/joconde/M0536000553
musée départemental d'art ancien et contemporain,Epinal,M0536000395,C.440,Portrait d'homme,beaux-arts;peinture,Nicolas de Largillière,unknown,© PHILIPPOT Claude,https://pop.culture.gouv.fr/notice/joconde/M0536000395
musée départemental d'art ancien et contemporain,Epinal,M0536030527,C.1055,Portrait d'une paysanne dormant,beaux-arts;dessin,Greuze,unknown,© Claude Philippot,https://pop.culture.gouv.fr/notice/joconde/M0536030527
musée départemental d'art ancien et contemporain,Epinal,M0536000447,L.I.122,Portrait d’homme,beaux-arts;peinture,Nicolas de Largillière,unknown,© PHILIPPOT Claude,https://pop.culture.gouv.fr/notice/joconde/M0536000447
musée départemental d'art ancien et contemporain,Epinal,M0536000515,L.I.26,Saint Jérôme et l’ange sonnant la trompette du Jugement dernier,beaux-arts;peinture,Ribera,unknown,© Claude Philippot,https://pop.culture.gouv.fr/notice/joconde/M0536000515
musée des Beaux-Arts,Strasbourg,00190086745,44.2004.0.1,Joueurs de quilles,peinture,David Téniers,unknown,Service photographique des Musées de Strasbourg,https://pop.culture.gouv.fr/notice/joconde/00190086745
musée des Beaux-Arts,Strasbourg,00190086863,44.2004.0.12,Les fumeurs de pipe,peinture,David Téniers,unknown,Service photographique des Musées de Strasbourg,https://pop.culture.gouv.fr/notice/joconde/00190086863
musée des Beaux-Arts,Strasbourg,00190023064,D.44.976.0.5,Paysage avec bergers et troupeau,peinture,David Téniers,unknown,"© Service photographique des Musées de Strasbourg, © BACHER",https://pop.culture.gouv.fr/notice/joconde/00190023064
musée des Beaux-Arts,Strasbourg,00190022486,MBA 1652,Portrait d'homme,peinture,Van Dyck,unknown,"© Service photographique des Musées de Strasbourg, © BACHER",https://pop.culture.gouv.fr/notice/joconde/00190022486
musée des Beaux-Arts,Strasbourg,00190022506,MBA 266,Portrait d'homme ; Portrait de vieillard,peinture,Rembrandt,unknown,"© Service photographique des Musées de Strasbourg, © BACHER, © BERTOLA",https://pop.culture.gouv.fr/notice/joconde/00190022506
musée des Beaux-Arts,Strasbourg,00190022485,MBA 1651,Portrait de femme,peinture,Van Dyck,unknown,"© Service photographique des Musées de Strasbourg, © BACHER",https://pop.culture.gouv.fr/notice/joconde/00190022485
musée des Beaux-Arts,Strasbourg,00190022478,MBA 545,Portrait de l'artiste ; Autoportrait en saint Jean (autre titre),peinture,Van Dyck,unknown,"© Service photographique des Musées de Strasbourg, © BACHER, © PLISSON",https://pop.culture.gouv.fr/notice/joconde/00190022478
musée de la Chartreuse,Douai,06190023719,1190 ; 877.1.188 (Autre numéro d'inventaire),Enfant au réveil,peinture,Guido Reni,unknown,,https://pop.culture.gouv.fr/notice/joconde/06190023719
musée de la Chartreuse,Douai,06190001401,307 (disp),La Belle Paule,peinture,Le Primatice,unknown,musée de la Chartreuse à Douai,https://pop.culture.gouv.fr/notice/joconde/06190001401
musée de la Chartreuse,Douai,06190001319,1091 ; 877.1.23 (Autre numéro d'inventaire),La Sainte Famille,peinture,Botticelli,unknown,© musée de la Chartreuse à Douai,https://pop.culture.gouv.fr/notice/joconde/06190001319
musée de la Chartreuse,Douai,06190001144,1191 ; 877.1.139 (Autre numéro d'inventaire),Le Massacre des Innocents,peinture,Guido Reni,unknown,musée de la Chartreuse à Douai,https://pop.culture.gouv.fr/notice/joconde/06190001144
musée de la Chartreuse,Douai,06190000063,1 ; 857.1.2 (Autre numéro d'inventaire),Paysage avec figures,peinture,David Téniers,unknown,musée de la Chartreuse à Douai,https://pop.culture.gouv.fr/notice/joconde/06190000063
musée de la Chartreuse,Douai,06190023766,1241,Portrait de Catherine de Médicis,peinture,Corneille de Lyon,unknown,,https://pop.culture.gouv.fr/notice/joconde/06190023766
musée de la Chartreuse,Douai,06190001780,131,Réception de saint Placide et de saint Maur par saint Benoît,peinture,Van Dyck,unknown,musée de la Chartreuse à Douai,https://pop.culture.gouv.fr/notice/joconde/06190001780
musée d'art Roger-Quillot,Clermont-Ferrand,M0121002493,2230 ; 861.21.1,La mort de Cléopâtre,beaux-arts;peinture;histoire,Luca Giordano,unknown,Ville de Clermont-Ferrand MARQ ; Thibaut Mazen,https://pop.culture.gouv.fr/notice/joconde/M0121002493
musée d'art Roger-Quillot,Clermont-Ferrand,M0121004507,2491,La mort de Méléagre,beaux-arts;peinture,Boucher,unknown,"© J.C. Sergère, musée d'art Roger-Quilliot",https://pop.culture.gouv.fr/notice/joconde/M0121004507
musée d'art Roger-Quillot,Clermont-Ferrand,M0121003074,2541,La sainte Famille contemplant l'Enfant Jésus endormi,beaux-arts;peinture,Guido Reni,unknown,© Ville de Clermont-Ferrand MARQ,https://pop.culture.gouv.fr/notice/joconde/M0121003074
musée d'art Roger-Quillot,Clermont-Ferrand,M0121003026,2613 ; 894.404.3 ; 56.343.1,Orphée charmant les animaux,beaux-arts;peinture,Boucher,unknown,Ville de Clermont-Ferrand MARQ,https://pop.culture.gouv.fr/notice/joconde/M0121003026
musée d'art Roger-Quillot,Clermont-Ferrand,M0121003071,2708,Portrait de Mademoiselle de Charolais (ou de Blois),beaux-arts;peinture,Hyacinthe Rigaud,unknown,Ville de Clermont-Ferrand MARQ ;  JC SERGERE,https://pop.culture.gouv.fr/notice/joconde/M0121003071
musée d'art Roger-Quillot,Clermont-Ferrand,M0121004505,2490,Pyrrhus sauvé ou La naissance d'Oedipe,beaux-arts;peinture,Boucher,unknown,"© J.C. Sergère, musée d'art Roger-Quilliot",https://pop.culture.gouv.fr/notice/joconde/M0121004505
musée d'art Roger-Quillot,Clermont-Ferrand,M0121001933,2226,Étude de tête d'homme,beaux-arts;peinture,Géricault,unknown,Ville de Clermont-Ferrand MARQ,https://pop.culture.gouv.fr/notice/joconde/M0121001933
musée municipal,Pithiviers,M0289002599,001.5606 ; A.N. =768,Cheval debout de profil vers la gauche (titre factice),beaux-arts;dessin,Géricault,unknown,© Matthieu Dussauge,https://pop.culture.gouv.fr/notice/joconde/M0289002599
musée municipal,Pithiviers,M0289002503,001.5512 ; A.N.=751,Enlèvement des Sabines (titre factice),beaux-arts;dessin,Ludovico Carracci,unknown,© Matthieu Dussauge,https://pop.culture.gouv.fr/notice/joconde/M0289002503
musée municipal,Pithiviers,M0289002509,001.5518 ; A.N.=648,Etudes de femmes drapées (titre factice),beaux-arts;dessin,Ludovico Carracci,unknown,© Matthieu Dussauge,https://pop.culture.gouv.fr/notice/joconde/M0289002509
musée municipal,Pithiviers,M0289002516,001.5525 ; A.N.=775,Evêque drapé avec un aigle à ses pieds (titre factice),beaux-arts;dessin,Le Pérugin,unknown,© Matthieu Dussauge ; © musée d'Art et d'Histoire - Pithiviers,https://pop.culture.gouv.fr/notice/joconde/M0289002516
musée municipal,Pithiviers,M0289002508,001.5517 ; A.N.=648,Personnages (titre factice),beaux-arts;dessin,Ludovico Carracci,unknown,© Matthieu Dussauge ; © musée d'Art et d'Histoire - Pithiviers,https://pop.culture.gouv.fr/notice/joconde/M0289002508
musée municipal,Pithiviers,M0289002511,001.5520 ; A.N.=776,Religieux en adoration aux pieds d'une Vierge dans les nuages (titre factice),beaux-arts;dessin,Le Primatice,unknown,© Matthieu Dussauge,https://pop.culture.gouv.fr/notice/joconde/M0289002511
musée municipal,Pithiviers,M0289002510,001.5519 ; A.N.=752,Un triomphateur sur un char fait décapiter des captifs. Un évêque agenouillé est prêt à être décapité (titre factice),beaux-arts;dessin,Ludovico Carracci,unknown,© Matthieu Dussauge,https://pop.culture.gouv.fr/notice/joconde/M0289002510
musée Hyacinthe Rigaud,Perpignan,M0491000982,841.2.68,Enfant,dessin,Bouchardon,unknown,"© Claire Muchir, ville de Perpignan",https://pop.culture.gouv.fr/notice/joconde/M0491000982
musée Hyacinthe Rigaud,Perpignan,M0491001011,876.2.19,Etude de têtes d’apôtres,dessin,Annibale Carracci,unknown,© Ville de Perpignan. Musée d'art Hyacinthe Rigaud - Pascale Marchesan,https://pop.culture.gouv.fr/notice/joconde/M0491001011
musée Hyacinthe Rigaud,Perpignan,M0491001006,876.2.17,Le martyre de Saint Jean l'Evangéliste,dessin,Luca Cambiaso,unknown,© Ville de Perpignan. Musée d'art Hyacinthe Rigaud - Pascale Marchesan,https://pop.culture.gouv.fr/notice/joconde/M0491001006
musée Hyacinthe Rigaud,Perpignan,M0491001245,841.2.43,Tête de Saint Sébastien,dessin,Guido Reni,unknown,© Ville de Perpignan. Musée d'art Hyacinthe Rigaud - Pascale Marchesan,https://pop.culture.gouv.fr/notice/joconde/M0491001245
musée Hyacinthe Rigaud,Perpignan,M0491000943,79.6.1,Tête de vieillard,dessin,Federico Zuccaro,unknown,"© Claire Muchir, ville de Perpignan",https://pop.culture.gouv.fr/notice/joconde/M0491000943
musée Hyacinthe Rigaud,Perpignan,M0491000988,840.2.27,Un jeune enfant,beaux-arts;dessin,Boucher,unknown,© Claire Muchir,https://pop.culture.gouv.fr/notice/joconde/M0491000988
musée Hyacinthe Rigaud,Perpignan,M0491001439,840.2.24,Xerxès,dessin,Joseph Vernet,unknown,"© Claire Muchir, ville de Perpignan",https://pop.culture.gouv.fr/notice/joconde/M0491001439
musée Crozatier,Le Puy-en-Velay,00000055635,1903.231,ASSOMPTION DE LA VIERGE,dessin,Simon Vouet,unknown,,https://pop.culture.gouv.fr/notice/joconde/00000055635
musée Crozatier,Le Puy-en-Velay,01160005166,872.109,Christ en croix,peinture,Charles Le Brun,unknown,"(c) musée Crozatier, Luc Olivier",https://pop.culture.gouv.fr/notice/joconde/01160005166
musée Crozatier,Le Puy-en-Velay,01160005606,D.1969.3 ; INV 367 (Numéro du déposant),Judith,peinture,Simon Vouet,unknown,(c) musée Crozatier,https://pop.culture.gouv.fr/notice/joconde/01160005606
musée Crozatier,Le Puy-en-Velay,01160004688,826.17,L'Annonciation,peinture,Le Tintoret,unknown,"(c) musée Crozatier, Luc Olivier",https://pop.culture.gouv.fr/notice/joconde/01160004688
musée Crozatier,Le Puy-en-Velay,00000055631,847.6,UN FAUCONNIER ; PAYSAN AU COQ,dessin,Albrecht Dürer,unknown,,https://pop.culture.gouv.fr/notice/joconde/00000055631
musée Crozatier,Le Puy-en-Velay,01160003232,1904.23,Une Tabagie (Le titre correspond mal à la scène d'intérieur représentant des musiciens.),peinture,David Téniers,unknown,"(c) musée Crozatier, Luc Olivier",https://pop.culture.gouv.fr/notice/joconde/01160003232
musée municipal,La Roche-sur-Yon,07760001112,983.24.1,Buste de femme de dos,dessin,Greuze,unknown,© musée de la Roche-sur-Yon,https://pop.culture.gouv.fr/notice/joconde/07760001112
musée municipal,La Roche-sur-Yon,00000077065,912 4 18 V,DEUX HOMMES ASSIS,dessin,Joseph Vernet,unknown,© musée de la Roche-sur-Yon,https://pop.culture.gouv.fr/notice/joconde/00000077065
musée municipal,La Roche-sur-Yon,07760001538,2009.0.22,Femme et fillette,dessin,Rubens,unknown,© musée de la Roche-sur-Yon,https://pop.culture.gouv.fr/notice/joconde/07760001538
musée municipal,La Roche-sur-Yon,00000077064,912 4 18 R,GENTILHOMME,dessin,Joseph Vernet,unknown,© musée de la Roche-sur-Yon,https://pop.culture.gouv.fr/notice/joconde/00000077064
musée municipal,La Roche-sur-Yon,00000077096,912.4.22,La Madone aux pèlerins ; L'adoration des Bergers (titre ancien),dessin,Bouchardon,unknown,© musée de la Roche-sur-Yon,https://pop.culture.gouv.fr/notice/joconde/00000077096
musée municipal,La Roche-sur-Yon,07760000778,983.25.1,Trois Evêques,dessin,Bouchardon,unknown,© musée de La Roche-sur-Yon,https://pop.culture.gouv.fr/notice/joconde/07760000778
musée des Beaux-Arts de Reims,Reims,03110007347,866.12.11,Fête de village (catalogue Loriquet),peinture,David Téniers,unknown,© Christian DEVLEESCHAUWER,https://pop.culture.gouv.fr/notice/joconde/03110007347
musée des Beaux-Arts de Reims,Reims,03110042464,941.3.116 ; n° 4569 p. 40 (Ancien registre C) ; n° 156 (Inventaire NC),Joueurs dans une auberge,peinture,David Téniers,unknown,© Christian DEVLEESCHAUWER,https://pop.culture.gouv.fr/notice/joconde/03110042464
musée des Beaux-Arts de Reims,Reims,03110042175,897.38.1 ; 555 (Ancien registre B),La Vierge et l'Enfant Jésus,peinture,Guido Reni,unknown,© Musée des Beaux-Arts de Reims,https://pop.culture.gouv.fr/notice/joconde/03110042175
musée des Beaux-Arts de Reims,Reims,03110042044,868.7.1,Napoléon 1er,peinture,François Gérard,unknown,© Christian DEVLEESCHAUWER,https://pop.culture.gouv.fr/notice/joconde/03110042044
musée des Beaux-Arts de Reims,Reims,03110005881,907.19.116,Napoléon donnant un ordre à un officier supérieur des Guides,beaux-arts;peinture,Géricault,unknown,© Christian DEVLEESCHAUWER,https://pop.culture.gouv.fr/notice/joconde/03110005881
musée des Beaux-Arts de Reims,Reims,03110042003,837.9.1,Tableau de dévotion,peinture,Albrecht Dürer,unknown,© Christian DEVLEESCHAUWER,https://pop.culture.gouv.fr/notice/joconde/03110042003
musée d'art et d'histoire Saint-Germain,Auxerre,01840000132,1924.1.7 ; 24.1.7,Le marquis de Louvois,peinture,Louis Léopold Boilly,unknown,musées d'Auxerre,https://pop.culture.gouv.fr/notice/joconde/01840000132
musée d'art et d'histoire Saint-Germain,Auxerre,01840000018,835.1.21,Le massacre des Innocents,peinture,Charles Le Brun,unknown,"Berry Emmanuel, musées d'Auxerre",https://pop.culture.gouv.fr/notice/joconde/01840000018
musée d'art et d'histoire Saint-Germain,Auxerre,01840000027,1884.1.1 ; 884.1.1 ; Eck. 1883.3.2,Paysage,peinture,Gaspard Dughet,unknown,"Berry Emmanuel, musées d'Auxerre",https://pop.culture.gouv.fr/notice/joconde/01840000027
musée d'art et d'histoire Saint-Germain,Auxerre,01840000028,1884.1.2 ; 884.1.2 ; Eck. 1883.3.6,Paysage,peinture,Gaspard Dughet,unknown,"Berry Emmanuel, musées d'Auxerre",https://pop.culture.gouv.fr/notice/joconde/01840000028
musée d'art et d'histoire Saint-Germain,Auxerre,01840000081,1835.1.10 ; 835.1.10,Une fileuse,peinture,Ribera,unknown,musées d'Auxerre,https://pop.culture.gouv.fr/notice/joconde/01840000081
Palais-musée des Archevêques de Narbonne,Narbonne,04450000740,872.1.1,Judith tenant la tête d'Holopherne,beaux-arts;peinture,Le Guerchin,unknown,© Catherine LAUTHELIN,https://pop.culture.gouv.fr/notice/joconde/04450000740
Palais-musée des Archevêques de Narbonne,Narbonne,04450000713,862.1.4,La délivrance de saint Pierre,beaux-arts;dessin,Fragonard,unknown,© PAITRAULT Angélique,https://pop.culture.gouv.fr/notice/joconde/04450000713
Palais-musée des Archevêques de Narbonne,Narbonne,04450000862,859.3.89,Le jeu de boules,beaux-arts;peinture,David Téniers,unknown,© LEPAGE Jean,https://pop.culture.gouv.fr/notice/joconde/04450000862
Palais-musée des Archevêques de Narbonne,Narbonne,04450000864,859.3.90,Le tir à l'arc,beaux-arts;peinture,David Téniers,unknown,© LEPAGE Jean,https://pop.culture.gouv.fr/notice/joconde/04450000864
Palais-musée des Archevêques de Narbonne,Narbonne,04450000800,859.3.74,Mendiant recroquevillé,beaux-arts;peinture,Ribera,unknown,© Photographer:Fouinoflex,https://pop.culture.gouv.fr/notice/joconde/04450000800
musée des Beaux-Arts,Nancy,05120002092,1152,Conversion de saint Paul ; Saint Paul terrassé sur le chemin de Damas,peinture,Luca Giordano,unknown,Maertens,https://pop.culture.gouv.fr/notice/joconde/05120002092
musée des Beaux-Arts,Nancy,05120002906,TH.99.15.12,Etudes de casques antiques,dessin,Nicolas Poussin,unknown,© Philippot,https://pop.culture.gouv.fr/notice/joconde/05120002906
musée des Beaux-Arts,Nancy,05120001189,6,L'Annonciation,peinture,Federico Barocci,unknown,Mangin,https://pop.culture.gouv.fr/notice/joconde/05120001189
musée des Beaux-Arts,Nancy,05120000046,900,Le Torrent,peinture,David Téniers,unknown,Mangin,https://pop.culture.gouv.fr/notice/joconde/05120000046
musée des Beaux-Arts,Nancy,05120007536,758,Portrait d'homme à la barbe grisonnante,peinture,Corneille de Lyon,unknown,© Phillipot ; Cliché M. Bourguet,https://pop.culture.gouv.fr/notice/joconde/05120007536
musée Thomas-Henry,Cherbourg-en-Cotentin,06770002729,835.38 ; 38 (N° catalogue 1835) ; 38 (N° catalogue 1870) ; 38 (N° catalogue 1912) ; 38 (N° catalogue 1949),L'Astronome,peinture,Ribera,restricted,Daniel Sohier - utilisation soumise à autorisation,https://pop.culture.gouv.fr/notice/joconde/06770002729
musée Thomas-Henry,Cherbourg-en-Cotentin,06770002726,835.37 ; 37 (N° catalogue 1835) ; 37 (N° catalogue 1870) ; 37 (N° catalogue 1912),Le Philosophe,peinture,Ribera,restricted,Daniel Sohier - utilisation soumise à autorisation,https://pop.culture.gouv.fr/notice/joconde/06770002726
musée Thomas-Henry,Cherbourg-en-Cotentin,06770000214,835.48 ; 48 (N° catalogue 1835) ; 48 (N° catalogue 1870) ; 48 (N° catalogue 1912) ; 48 (N° catalogue 1949) ; 5623 (MPR) ; F1573 (N° Base Eros C2RMF),Méléagre présentant à Atalante la hure du sanglier de Calydon,peinture,Van Dyck,restricted,© Daniel Sohier - utilisation soumise à autorisation,https://pop.culture.gouv.fr/notice/joconde/06770000214
musée Thomas-Henry,Cherbourg-en-Cotentin,06770000303,835.16 ; 16 (N° catalogue 1835) ; 16 (N° catalogue 1870) ; 16 (N° catalogue 1912) ; 16 (N° catalogue 1949),Saint Pierre pleurant sa faute,peinture,Guido Reni,restricted,© Daniel Sohier - utilisation soumise à autorisation,https://pop.culture.gouv.fr/notice/joconde/06770000303
musée Thomas-Henry,Cherbourg-en-Cotentin,06770000317,835.17 ; 17 (N° catalogue 1835) ; 17 (N° catalogue 1870) ; 17 (N° catalogue 1912) ; 17 (N° catalogue 1949),Valfrin secourant Tancrède en présence d' Herminie,peinture,Le Guerchin,restricted,© Daniel Sohier - utilisation soumise à autorisation,https://pop.culture.gouv.fr/notice/joconde/06770000317
musée des Beaux-Arts,Lille,06290000982,W. 2579 ; Ms. 2431 (N° inventaire),"Hygie, la déesse de la santé ; Le printemps",beaux-arts;dessin,Boucher,unknown,"© GERONDAL, © QUECQ D'HENRIPRET",https://pop.culture.gouv.fr/notice/joconde/06290000982
musée des Beaux-Arts,Lille,000PE017012,P 71,SAINT BONAVENTURE,peinture,Rubens,unknown,© C2RMF,https://pop.culture.gouv.fr/notice/joconde/000PE017012
musée des Beaux-Arts,Lille,000PE017723,P 287,SALOMON SACRIFIANT AUX IDOLES,peinture,Rembrandt,unknown,© C2RMF,https://pop.culture.gouv.fr/notice/joconde/000PE017723
musée des Beaux-Arts,Lille,06290006029,W. 3190 ; 89 (Autre N° :),Tête de jeune homme,beaux-arts;dessin,Boucher,unknown,"© DUBUISSON, © QUECQ D'HENRIPRET, © LEWANDOWSKI",https://pop.culture.gouv.fr/notice/joconde/06290006029
musée des ursulines,Mâcon,01720007384,A.30,Amour assis,beaux-arts;dessin,Boucher,unknown,© musées de Mâcon,https://pop.culture.gouv.fr/notice/joconde/01720007384
musée des ursulines,Mâcon,01720007382,A.29,Amour étendu,beaux-arts;dessin,Boucher,unknown,© musées de Mâcon,https://pop.culture.gouv.fr/notice/joconde/01720007382
musée des ursulines,Mâcon,01720000928,880.1.21 ; 880.1.21 (Donation Ronot),Madame de Montespan et ses enfants,peinture,Pierre Mignard,unknown,© Musées de Mâcon,https://pop.culture.gouv.fr/notice/joconde/01720000928
musée des ursulines,Mâcon,01720000929,880.1.22 ; BA1 127 H 98 (Inv. Magnien :),Vierge à l'enfant debout,peinture,Ludovico Carracci,unknown,© Jean-Claude Culas - Musées de Mâcon,https://pop.culture.gouv.fr/notice/joconde/01720000929
musée Louis Philippe,Eu,07140009137,2007.9.2,Ecce Homo,peinture,Philippe de Champaigne,unknown,,https://pop.culture.gouv.fr/notice/joconde/07140009137
musée Louis Philippe,Eu,07140001370,1983.9,Louis XIII,peinture,Philippe de Champaigne,unknown,"© DUGUE François, © musée Louis Philippe d'Eu, 2002",https://pop.culture.gouv.fr/notice/joconde/07140001370
musée Louis Philippe,Eu,07140001031,2001.1.63 ; V 127 bis (Jean Vatout) ; CM 102 bis (Collection Montpensier),"Marie de Médicis, reine de France + 1642 (Titre manuscrit)",peinture,Van Dyck,unknown,© Yohann Deslandes,https://pop.culture.gouv.fr/notice/joconde/07140001031
musée Louis Philippe,Eu,07140009138,2007.9.1,Mater Dolorosa,peinture,Philippe de Champaigne,unknown,,https://pop.culture.gouv.fr/notice/joconde/07140009138
musée Dobrée,Nantes,07450090930,896.1.3932,Crucifix ou pommeau d'épée de l'empereur Maximilien Premier,estampe,Albrecht Dürer,unknown,© Christian Letertre,https://pop.culture.gouv.fr/notice/joconde/07450090930
musée Dobrée,Nantes,07450090971,896.1.38 ; CD 53 (Ancien numéro),La Sainte-Face de Jésus-Christ,estampe,Albrecht Dürer,unknown,© Arkênum (société),https://pop.culture.gouv.fr/notice/joconde/07450090971
musée Dobrée,Nantes,07450090962,896.1.3935 ; CD 62 (Ancien numéro),La Vierge à la porte,estampe,Albrecht Dürer,unknown,© Arkênum (société),https://pop.culture.gouv.fr/notice/joconde/07450090962
musée Dobrée,Nantes,07450090959,896.1.142 ; CD 90 (Ancien numéro),Les huit Saints-Patrons d'Autriche,estampe,Albrecht Dürer,unknown,© Arkênum (société),https://pop.culture.gouv.fr/notice/joconde/07450090959
musée Jean de la Fontaine,Château-Thierry,07840001197,09.1.3,"Cardinal de Richelieu (Paris, 1585 - 1642)",peinture,Philippe de Champaigne,unknown,musée Jean de La Fontaine de Château-Thierry,https://pop.culture.gouv.fr/notice/joconde/07840001197
musée Jean de la Fontaine,Château-Thierry,07840001024,897.1.1,Jean de La Fontaine,peinture,Hyacinthe Rigaud,unknown,musée Jean de La Fontaine de Château-Thierry,https://pop.culture.gouv.fr/notice/joconde/07840001024
musée Jean de la Fontaine,Château-Thierry,07840001178,64.7.1,"Le Loup devenu Berger, III, 3",peinture,Jean-Baptiste Oudry,unknown,© musée Jean de La Fontaine de Château-Thierry,https://pop.culture.gouv.fr/notice/joconde/07840001178
musée Jean de la Fontaine,Château-Thierry,07840001180,64.7.2,"Les Loups et les Brebis, III, 13",peinture,Jean-Baptiste Oudry,unknown,© musée Jean de La Fontaine de Château-Thierry,https://pop.culture.gouv.fr/notice/joconde/07840001180
musée Goya,Castres,00000074374,D 57.6.1,HERCULE AU REPOS,peinture,Luca Giordano,unknown,"© Castres, musée Goya",https://pop.culture.gouv.fr/notice/joconde/00000074374
musée Goya,Castres,05940000300,D 58-3-1 ; 892-4-1 (N°musée déposant),Jésus parmi les docteurs,peinture,Ribera,unknown,"© Castres ; musée Goya, photographe : Pascal Bru",https://pop.culture.gouv.fr/notice/joconde/05940000300
musée Goya,Castres,05940000296,D 85-8-1 ; RO 341 (N°musée déposant) ; D 1812.04 (N°musée déposant),Martyre de Saint André,peinture,Ribera,unknown,"© Castres ; musée Goya, photographe : Pascal Bru",https://pop.culture.gouv.fr/notice/joconde/05940000296
musée des Beaux-Arts,Pau,00980000808,D.872.5.29 ; M.I.1227 (N° Louvre),Saint Jérôme,peinture,Ribera,unknown,© SEGURA Patrick,https://pop.culture.gouv.fr/notice/joconde/00980000808
musée des Beaux-Arts,Pau,00980001231,64.7.1,Un Philosophe,peinture,Luca Giordano,unknown,© POUMEYROL Jean-Christophe,https://pop.culture.gouv.fr/notice/joconde/00980001231
musée des Beaux-Arts,Pau,00980001731,873.1.1 ; 143 (ancien n° inventaire :),Un abordage,peinture,Salvator Rosa,unknown,© SEGURA,https://pop.culture.gouv.fr/notice/joconde/00980001731
musée Bonaparte,Auxonne,01320016773,2010.0.1 ; 3 (Autre numéro),Jésus remettant les clés à saint Pierre,peinture,Nicolas Poussin,restricted,© Bruno FRANCOIS - utilisation soumise à autorisation,https://pop.culture.gouv.fr/notice/joconde/01320016773
musée Bonaparte,Auxonne,01320016774,2010.0.2 ; 5 (Autre numéro),Le Crucifiement,peinture,Nicolas Poussin,restricted,© Bruno FRANCOIS - utilisation soumise à autorisation,https://pop.culture.gouv.fr/notice/joconde/01320016774
musée Bonaparte,Auxonne,01320016849,2010.0.77 ; 194 (Autre numéro),Sainte Cécile,peinture,Guido Reni,restricted,© Bruno FRANCOIS - utilisation soumise à autorisation,https://pop.culture.gouv.fr/notice/joconde/01320016849
musée d'Art et d'Histoire Romain Rolland,Clamecy,01500000075,CP 22,Marine : vue d'un port,beaux-arts;peinture,Claude Lorrain,unknown,"© Pierre Plattier, Clamecy, Musée d'Art et d'Histoire Romain Rolland",https://pop.culture.gouv.fr/notice/joconde/01500000075
musée d'Art et d'Histoire Romain Rolland,Clamecy,01500000115,CP 36,Mort de sainte Claire ; Mort de sainte Thérèse d'Avila (Titre ancien),beaux-arts;peinture,Luca Giordano,unknown,"© Emmanuel Darnault, Clamecy, Musée d'Art et d'Histoire Romain Rolland",https://pop.culture.gouv.fr/notice/joconde/01500000115
musée d'Art et d'Histoire Romain Rolland,Clamecy,01500000132,CP 44,Paysage : rochers et torrent,beaux-arts;peinture,Salvator Rosa,unknown,"© Emmanuel Berry, Clamecy, Musée d'Art et d'Histoire Romain Rolland",https://pop.culture.gouv.fr/notice/joconde/01500000132
musée eucharistique du Hiéron,Paray-le-Monial,01760000049,1.63,La communion des apôtres,peinture,Luca Giordano,unknown,© Chaintreuil Laurent,https://pop.culture.gouv.fr/notice/joconde/01760000049
musée eucharistique du Hiéron,Paray-le-Monial,01760000021,1.20,Le Repas à Emmaüs,peinture,Véronèse,unknown,© Chaintreuil Laurent,https://pop.culture.gouv.fr/notice/joconde/01760000021
musée eucharistique du Hiéron,Paray-le-Monial,01760000025,1.28,Saint Hyacinthe sauvant la statue de la Vierge,peinture,Francesco Vanni,unknown,© Chaintreuil Laurent,https://pop.culture.gouv.fr/notice/joconde/01760000025
musée Greuze - hôtel-Dieu,Tournus,01810000027,82.1581 (D),La Présentation au temple ; Simeon ou le nunc dimitis. (ancien titre),peinture,Simon Vouet,unknown,Laurent Chaintreuil,https://pop.culture.gouv.fr/notice/joconde/01810000027
musée Greuze - hôtel-Dieu,Tournus,01810000043,82.1566,Portrait de Madame Abraham Piot ; Portrait de femme (autre titre),peinture,Greuze,unknown,© Christelle Rochette,https://pop.culture.gouv.fr/notice/joconde/01810000043
musée Greuze - hôtel-Dieu,Tournus,01810000044,82.1567,Portrait du Chanoine Piot,peinture,Greuze,unknown,© Christelle Rochette,https://pop.culture.gouv.fr/notice/joconde/01810000044
musée de Picardie,Amiens,08120003379,M.P.Lav.1894-245,Saint François de Paule,peinture,Ribera,unknown,© Jeanneteau Marc,https://pop.culture.gouv.fr/notice/joconde/08120003379
musée de Picardie,Amiens,08120003377,M.P.Lav.1894-243,Saint Jean-Baptiste enfant avec l'Agneau,peinture,Ribera,unknown,© Jeanneteau Marc,https://pop.culture.gouv.fr/notice/joconde/08120003377
musée de Picardie,Amiens,08120021739,M.P.Lav.1894-132,Soldats jouant aux cartes dans un corps de gardes,peinture,Sébastien Bourdon,unknown,Jeanneteau Marc,https://pop.culture.gouv.fr/notice/joconde/08120021739
musée Fragonard,Grasse,08760049019,2012.0.2673,Cour de ferme,beaux-arts;dessin,Fragonard,unknown,"© Coll. musée Fragonard, Grasse - France",https://pop.culture.gouv.fr/notice/joconde/08760049019
musée Fragonard,Grasse,08760010792,2010.0.383,Portrait d'enfant,miniature;dessin;arts décoratifs,Fragonard,unknown,"© Carlo Barbiero, photographe, coll. musée Fragonard, Grasse - France",https://pop.culture.gouv.fr/notice/joconde/08760010792
musée Fragonard,Grasse,08760049403,2010.0.3113,Portrait de Marguerite Gérard,beaux-arts;estampe,Fragonard,unknown,"© Jacques Penon, photographe, coll. musée Fragonard, Grasse France",https://pop.culture.gouv.fr/notice/joconde/08760049403
château musées,Blois,M0271000139,D.56.1.1 ; M.I. 961,"Allégorie du Bon Gouvernement de la France, dit autrefois Portrait allégorique de Marie de Médicis",peinture,Rubens,unknown,"© Château de Blois / F. Lauginie, 2008",https://pop.culture.gouv.fr/notice/joconde/M0271000139
château musées,Blois,M0271000337,998.5.1,Allégorie à la Providence royale,peinture,Philippe de Champaigne,unknown,"© Château de Blois / F. Lauginie, 2008",https://pop.culture.gouv.fr/notice/joconde/M0271000337
château musées,Blois,M0271000077,872.3.3 ; IP 93,"Hélène Ferrand, marquise de Saint Germain Beaupré",peinture,Pierre Mignard,unknown,"© Château de Blois / F. Lauginie, 2008",https://pop.culture.gouv.fr/notice/joconde/M0271000077
musée Sarret de Grozon,Arbois,M0341000402,3 ; 3 dans inventaire récent,Angélique et Médor,beaux-arts;peinture,Luca Giordano,unknown,"© musée Sarret de Grozon, Arbois ; © Henri Bertand",https://pop.culture.gouv.fr/notice/joconde/M0341000402
musée Sarret de Grozon,Arbois,M0341000308,2 ; 2 dans inventaire récent,Moïse sauvé des eaux,beaux-arts;peinture,Nicolas Poussin,unknown,"© musée Sarret de Grozon, Arbois ; © Henri Bertand",https://pop.culture.gouv.fr/notice/joconde/M0341000308
musée Sarret de Grozon,Arbois,M0341000307,1 ; 1 dans inventaire récent,Portrait d'un médecin,beaux-arts;peinture,Andrea del Sarto,unknown,"© musée Sarret de Grozon, Arbois ; © Henri Bertand",https://pop.culture.gouv.fr/notice/joconde/M0341000307
musée Grobet-Labadié,Marseille,000PE016322,136,PORTRAIT D'HOMME,peinture,Hyacinthe Rigaud,unknown,,https://pop.culture.gouv.fr/notice/joconde/000PE016322
musée Grobet-Labadié,Marseille,000PE016248,1263,PORTRAIT DE JEUNE DAME,peinture,Nicolas de Largillière,unknown,,https://pop.culture.gouv.fr/notice/joconde/000PE016248
musée de la faïence Frédéric Blandin,Nevers,01550005410,NF 1038,Allégorie de l'été,céramique,Boucher,unknown,© Marc Cherasse,https://pop.culture.gouv.fr/notice/joconde/01550005410
musée de la faïence Frédéric Blandin,Nevers,01550000959,NP 194 ; Louvre INV 394-MR 350 (Ancien numéro) ; 77 (Catalogue Blandin),Le repos de la Sainte Famille,peinture,Pier Francesco Mola,unknown,© Michenet,https://pop.culture.gouv.fr/notice/joconde/01550000959
musée Bertrand,Châteauroux,02470000028,1247,Le banquet de Térée,dessin,Rubens,unknown,"© Vincent Escudero, Musée Bertrand",https://pop.culture.gouv.fr/notice/joconde/02470000028
musée Bertrand,Châteauroux,02470000174,70.6.5 ; ER.147 (Numéro de collectionneur),Portrait de la reine Hortense,peinture,François Gérard,unknown,"© Vincent Escudero, Musée Bertrand",https://pop.culture.gouv.fr/notice/joconde/02470000174
musée des beaux-arts,Orléans,02860007456,2008.0.94 ; MOE 89(Ancien n° d'inventaire),Saint Pierre,estampe,Albrecht Dürer,unknown,"Orléans, musée des beaux-arts © cliché François LAUGINIE",https://pop.culture.gouv.fr/notice/joconde/02860007456
musée des beaux-arts,Orléans,02860008133,2008.0.773,Vénus et l'Amour endormi,estampe,Annibale Carracci ; Ludovico Carracci,unknown,"Orléans, musée des beaux-arts © cliché François LAUGINIE",https://pop.culture.gouv.fr/notice/joconde/02860008133
musée municipal,Châlons-en-Champagne,03070007836,921.3.3 ; 2183 a (Registre des entrées 1865-1969) ; 3 (Testament de H. Ch. Jolly),Mendiant,peinture,David Téniers,unknown,© Maillot Hervé,https://pop.culture.gouv.fr/notice/joconde/03070007836
musée municipal,Châlons-en-Champagne,03070000188,861.1.124 ; 112 (Registre des entrées 1865-1969) ; 208 (Testament de Charles Picot) ; 112 (Catalogue 1891),Sainte tenant la palme du martyre,peinture,Simon Vouet,unknown,© Maillot Hervé,https://pop.culture.gouv.fr/notice/joconde/03070000188
musée municipal,Vendôme,M0277002250,2011.0.101 ; 77-303,L'homme au casque d'or,estampe,Rembrandt,unknown,© Anaïs Bonin,https://pop.culture.gouv.fr/notice/joconde/M0277002250
musée municipal,Vendôme,M0277002661,2011.0.209 ; phi 783 ; 77.266,Portrait de jeune homme,estampe,Le Corrège,unknown,© Susana Pereira Tavares,https://pop.culture.gouv.fr/notice/joconde/M0277002661
château musée de Nemours,Nemours,M0381001606,1902.112.1 ; 219 (registre d'inventaire historique),Paysage italien,dessin,Gaspard Dughet,unknown,© château musée de Nemours,https://pop.culture.gouv.fr/notice/joconde/M0381001606
château musée de Nemours,Nemours,M0381002079,1901.18.1-2 ; 18 (registre d'inventaire historique),Portrait d'homme,peinture,Ribera,unknown,© François Lauginie,https://pop.culture.gouv.fr/notice/joconde/M0381002079
musée barrois,Bar-le-Duc,M0517000081,920.2.11 ; C.1730 (registre C),Hector Lemaire (titre de l'inventaire) ; Portrait d'Hector Lemaire (titre d'usage),beaux-arts;peinture,François Gérard,unknown,"musée barrois, Bar-le-Duc",https://pop.culture.gouv.fr/notice/joconde/M0517000081
musée barrois,Bar-le-Duc,M0517000065,849.26 ; B.237 (registre B),"Portrait d'Alexis Piron (titre de l'inventaire, titre erroné) ; Portrait d'Antoine Coysevox (titre d'usage)",beaux-arts;peinture,Hyacinthe Rigaud,unknown,"musée barrois, Bar-le-Duc",https://pop.culture.gouv.fr/notice/joconde/M0517000065
musée de la Princerie,Verdun,M0525000544,81.1.72 ; BA2.88; 54.2.72,Portrait de François de Wédrille,peinture,Nicolas de Largillière,unknown,© Jean-Marie Perraux,https://pop.culture.gouv.fr/notice/joconde/M0525000544
musée de la Princerie,Verdun,M0525000559,81.1.398 ; BA2.74; 54.2.56,Portrait du lieutenant-général Descrochets,peinture,Nicolas de Largillière,unknown,© Jean-Marie Perraux,https://pop.culture.gouv.fr/notice/joconde/M0525000559
bibliothèque-musée Inguimbertine,Carpentras,M0949001606,868.8.8,"Marine, port sous un clair de lune (titre factice) Port de mer ; effet de lune (catalogue 1900)",beaux-arts;peinture,Joseph Vernet,unknown,Bruno Preschesmisky,https://pop.culture.gouv.fr/notice/joconde/M0949001606
bibliothèque-musée Inguimbertine,Carpentras,M0949000353,887.2.1,Portrait de l'abbé de Rancé,beaux-arts;peinture,Hyacinthe Rigaud,unknown,Bruno Preschesmisky,https://pop.culture.gouv.fr/notice/joconde/M0949000353
musée Rodin,Paris,000DE017259,D 5642,"FEMME NUE DE DOS, UN GENOU EN TERRE ET LES BRAS ECARTES",dessin,Rodin,unknown,© Jean de Calan ; © musée Rodin,https://pop.culture.gouv.fr/notice/joconde/000DE017259
musée municipal des beaux-arts,Agen,000PE000384,RF 2036,PORTRAIT D'HOMME ; DIT AUTREFOIS PORTRAIT DU DUC DE ROANNEZ,peinture,Philippe de Champaigne,unknown,"Hugo Maertens, Bruges",https://pop.culture.gouv.fr/notice/joconde/000PE000384
musée des beaux-arts,Marseille,000PE014522,760,"PORTRAIT DE JEAN ANTOINE, MARQUIS DE BARRAS DE LA PENNE, PREMIER CHEF D'ESCADRE DES GALERES DU ROY, COMMANDANT AU PORT DE MARSEILLE EN 1729",peinture,Hyacinthe Rigaud,unknown,Claude Almodovar ; Michel Vialle,https://pop.culture.gouv.fr/notice/joconde/000PE014522
"Le Panoptique d'Autun, musée Rolin",Autun,01610012066,2014.4.18,Portrait d'homme,peinture,François Clouet,unknown,B.M.C.,https://pop.culture.gouv.fr/notice/joconde/01610012066
musée municipal,Louhans-Châteaurenaud,01710114791,MPL 92.1.48,tableau,peinture;beaux-arts,Greuze,unknown,© Ecomusée de la Bresse bourguignonne,https://pop.culture.gouv.fr/notice/joconde/01710114791
musée du château Charles VII,Mehun-sur-Yèvre,02340000148,912.8.19,Combat d'éléphant contre rhinocéros,beaux-arts;estampe,Antonio Tempesta,unknown,© Susana Pereira Tavares ; musée Charles VII,https://pop.culture.gouv.fr/notice/joconde/02340000148
musée des beaux-arts,Tours,02650001146,1858-1-19 ; p. 353 (Laurent-Montaiglon) ; 240 (Vitry),Bord de mer avec falaise percée,beaux-arts;peinture,Joseph Vernet,unknown,© musée des beaux-arts de Tours,https://pop.culture.gouv.fr/notice/joconde/02650001146
musée des beaux-arts et d’archéologie,Troyes,03030002149,D.55.3 ; M.I 919,Portrait de Béatrice de Cusance (1614-1663),peinture,Van Dyck,unknown,© Troyes ; musée des beaux-arts et d'archéologie,https://pop.culture.gouv.fr/notice/joconde/03030002149
musée du domaine départemental de Sceaux,Sceaux,04170004811,37.29.27.1 ; 1963 N° 14 (Entrée),Mascaron ornant le buffet d'eau de la cascade (Inventaire),sculpture;beaux-arts,Rodin,unknown,,https://pop.culture.gouv.fr/notice/joconde/04170004811
musée Adrien Mentienne,Bry-sur-Marne,04240000024,MAM 89.102,Portrait de Madame du Laurent,peinture,Jean-Baptiste Oudry,restricted,© Mathieu Lombard (utilisation soumise à autorisation),https://pop.culture.gouv.fr/notice/joconde/04240000024
musée des beaux-arts,Dunkerque,06210000190,"BA.P.238 ; P.238 (N° Gysel, années 1933 et 1940) ; 285 (Ancien numéro)",Achille parmi les filles de Lycodème (Titre) ; Achille se trahit devant Ulysse (Ancien titre),peinture;beaux-arts,Van Dyck,unknown,© Jacques QUECQ D'HENRIPRÊT. (Photographe) ; © Rodolphe VANDEZANDE,https://pop.culture.gouv.fr/notice/joconde/06210000190
musée des Beaux-Arts,Valenciennes,06380000486,P.46.1.505,Paysage avec Tobie et l'Ange,peinture,Paul Bril,unknown,© Claude Thériez,https://pop.culture.gouv.fr/notice/joconde/06380000486
musée d'Art et d'Histoire,Lisieux,06650001640,MBA.97.57.1. ; 118 (Ancien numéro),Intérieur de Cabaret,peinture,David Téniers,unknown,© agence Vallini,https://pop.culture.gouv.fr/notice/joconde/06650001640
musée Municipal,Bernay,07010001983,"866.1.14 ; 13 (Acte de vente Assegond) ; 60 (Catalogue du musée de Bernay, 1912) ; 2008 P 242 (Récolement 2008)","Intérieur, fumeurs et musiciens",peinture,David Téniers,unknown,"©, musée des beaux-arts, Ville de Bernay",https://pop.culture.gouv.fr/notice/joconde/07010001983
"musée d'art, histoire et archéologie d'Évreux",Évreux,07030017687,2023.1.1,"Portrait d'Emmanuel-Théodose de la Tour d'Auvergne, Duc, d'Albert et de Bouillon",beaux-arts;peinture,Hyacinthe Rigaud,unknown,"© Musée d'art, histoire et archéologie, Evreux",https://pop.culture.gouv.fr/notice/joconde/07030017687
Château-musée,Dieppe,07120002024,909.3.1 ; 1830 (MD),Marine,peinture;marine,Claude Lorrain,unknown,,https://pop.culture.gouv.fr/notice/joconde/07120002024
"Les Pêcheries, musée de Fécamp",Fécamp,07150000274,FEC.112 ; 8 (ancien inventaire (1931)),Portrait présumé du peintre Jean-Baptiste Jouvenet,beaux-arts;peinture,Nicolas de Largillière,unknown,,https://pop.culture.gouv.fr/notice/joconde/07150000274
musée de Tessé,Le Mans,07700010824,10.67 ; LM 79 (Numéro catalogue Le Feuvre 1932) ; 288 (Numéro inventaire Vallée 1891),Saint Jean l'Evangéliste ; Saint Jean écrivant l'Apocalypse,peinture,Ribera,unknown,,https://pop.culture.gouv.fr/notice/joconde/07700010824
musée du palais Lascaris,Nice,08870000079,PL-05-17-23,Portrait du Maréchal de Catinat de la Fauconnerie,peinture,Pierre Mignard,unknown,"© Ville de Nice, Palais Lascaris, Umberto Leone",https://pop.culture.gouv.fr/notice/joconde/08870000079
musée d'Allard,Montbrison,10160000824,2013.06.022,René François de Beauvau du Rivau,peinture;beaux-arts,Hyacinthe Rigaud,unknown,"(c) Montbrison, musée d’Allard",https://pop.culture.gouv.fr/notice/joconde/10160000824
musée des beaux-arts,Lyon,10310026673,1981-11,Paysage avec bergers,peinture,Gaspard Dughet,unknown,© Image © Lyon MBA – Photo Louis Houdus,https://pop.culture.gouv.fr/notice/joconde/10310026673
musée Léon Dierx,Saint-Denis de La Réunion,10690003855,1911.10.09 ; 279 (Ancien numéro) ; 11.01.11 (Ancien numéro),"Copie d'après atelier de Van Dick, Portrait de Van Opstal (titre factice) ; Ancien titre : L'Homme à la fraise",peinture;beaux-arts,Van Dyck,unknown,© Jean-Pierre Woaye-Hune,https://pop.culture.gouv.fr/notice/joconde/10690003855
musée national Magnin,Dijon,50110000416,1938 F 466,"Tête de jeune femme blonde, les yeux levés au ciel",peinture,Greuze,unknown,,https://pop.culture.gouv.fr/notice/joconde/50110000416
musée national du château de Pau,Pau,50170002821,P.2008.1.1,Portrait de Catherine de Médicis,peinture,François Clouet,unknown,© Jean-Yves Chermeux,https://pop.culture.gouv.fr/notice/joconde/50170002821
musée de l'Ecole nationale supérieure des beaux-arts,Paris,50510010862,EBA 949,Etude d'arbres,dessin,Claude Lorrain,unknown,© service photographique de l'école nationale supérieure des beaux-arts,https://pop.culture.gouv.fr/notice/joconde/50510010862
musée du Pays de Hanau - histoire et vies d’un territoire,Bouxwiller,M0003020239,1934.1.3 ; inv. Thieling n°3,Godefroy de Bouillon soigné par l'ange (titre d'usage),peinture,Pierre Mignard,unknown,© MERTZ André,https://pop.culture.gouv.fr/notice/joconde/M0003020239
musée du Château des Rohan,Saverne,M0012000004,L 60,Portrait du roi Louis XIV,peinture,Pierre Mignard,unknown,© cliché inventaire général (Commission régionale d’Inventaire Grand Est),https://pop.culture.gouv.fr/notice/joconde/M0012000004
musée des beaux-arts et d'archéologie,Libourne,M0072003317,82.1037,Sainte Madeleine,peinture,Simon Vouet,unknown,© Libourne ; musée des beaux-arts et d'archéologie,https://pop.culture.gouv.fr/notice/joconde/M0072003317
musée du temps,Besançon,M0333000715,1694.1.3 ; D.694.1.3 ; 463 (Castan 1886),Portrait de Nicolas Perrenot de Granvelle,peinture;vie politique - administrative,Titien,unknown,"© Besançon, musée du Temps, Pierre Guenat",https://pop.culture.gouv.fr/notice/joconde/M0333000715
musée des Beaux-Arts,Lons-le-Saunier,M0345000311,L 105,Femme jouant du tambour basque,peinture,Simon Vouet,unknown,musée des beaux arts de Lons le Saunier,https://pop.culture.gouv.fr/notice/joconde/M0345000311
Viséum-musée de la lunette (collections du musée de la lunette et du musée Jourdain),Hauts de Bienne,M0350002026,1877.001.0072,Paysage avec pêcheurs,peinture,Gaspard Dughet,unknown,© musée de la Lunette,https://pop.culture.gouv.fr/notice/joconde/M0350002026
musée municipal,Soissons,M0794012647,93.7.479 ; 2728 (inventaire primitif) ; 208 (cat. Collet),Berline attelée,beaux-arts;dessin,Joseph Vernet,unknown,© musée municipal de Soissons,https://pop.culture.gouv.fr/notice/joconde/M0794012647
musée d'art et d'archéologie,Senlis,M0809006860,A.00.5.528,Portrait de femme,dessin,François Gérard,unknown,© Musées de Senlis,https://pop.culture.gouv.fr/notice/joconde/M0809006860
musée de la vénerie,Senlis,M0810004977,V.2000.14.1,Tête de loup,peinture;chasse - pêche - cueillette,Jean-Baptiste Oudry,unknown,© Musées de Senlis,https://pop.culture.gouv.fr/notice/joconde/M0810004977
