reference_joconde,titre_joconde,artiste,musee,numero_inventaire,numero_planche,etat,fichier,licence,credit,auteur_image,source,raisons
M0537000075,HISTOIRE DE L'ENFANT PRODIGUE (titre inscrit),charles-eugene-ensfelder,musée de l'image,D 996.1.42 B,551,refusee,,,,,Wikimedia Commons,"la feuille numérisée est un tirage antérieur, sans numéro, et son texte n'est pas celui que le musée a relevé (contrôle visuel)"
M0537037151,HISTOIRE DE LA BELLE ET LA BÊTE N°. 503. (titre inscrit),charles-eugene-ensfelder,musée de l'image,2010.5.3507 B,503,refusee,,,,,Wikimedia Commons,le musée conserve 6 notices de ce titre et de ce numéro (503) : l'exemplaire visé serait indéterminé
M0537043907,LA MAUVAISE SAISON (titre inscrit),charles-eugene-ensfelder,musée de l'image,2010.5.2846 B,590,refusee,,,,,Wikimedia Commons,le musée conserve 5 notices de ce titre et de ce numéro (590) : l'exemplaire visé serait indéterminé
M0537043666,HISTOIRE DE LA BELLE ET LA BÊTE (titre inscrit),charles-eugene-ensfelder,musée de l'image,2010.5.2650 B,503,refusee,,,,,Wikimedia Commons,le musée conserve 6 notices de ce titre et de ce numéro (503) : l'exemplaire visé serait indéterminé
M0537043784,HISTOIRE DE ROBIN ET GENTIL (titre inscrit),charles-eugene-ensfelder,musée de l'image,2010.5.2748 B,546,refusee,,,,,Wikimedia Commons,le musée conserve 5 notices de ce titre et de ce numéro (546) : l'exemplaire visé serait indéterminé
M0537027523,"DE WONDERBARE VISCHVANGST (titre inscrit, néerl.) ;  LA PÊCHE MIRACULEUSE (titre factice)",charles-eugene-ensfelder,musée de l'image,990.1.2129 B ; VII / B 68,68,introuvable,,,,,Wikimedia Commons,aucun fichier du fonds ne porte ce titre
M0537045306,HISTOIRE DE ROBIN ET GENTIL. N°. 546. (titre inscrit),charles-eugene-ensfelder,musée de l'image,2010.5.3556 B,546,refusee,,,,,Wikimedia Commons,le musée conserve 5 notices de ce titre et de ce numéro (546) : l'exemplaire visé serait indéterminé
M0537006094,LES MERVEILLEUSES BOTTES DE SEPT LIEUES. (titre inscrit),charles-eugene-ensfelder,musée de l'image,D 996.1.5968 B,542,introuvable,,,,,Wikimedia Commons,aucun fichier du fonds ne porte ce titre
M0537014578,LA MAUVAISE SAISON. N°.590. (titre inscrit),charles-eugene-ensfelder,musée de l'image,2002.4.4 B,590,refusee,,,,,Wikimedia Commons,le musée conserve 5 notices de ce titre et de ce numéro (590) : l'exemplaire visé serait indéterminé
M0537027480,"Geschiedenis van de Deerne en het Ondier (titre inscrit, néerl.) ; La Belle et la Bête. (titre factice)",charles-eugene-ensfelder,musée de l'image,990.1.2084 B ; VII / B 23,23,introuvable,,,,,Wikimedia Commons,aucun fichier du fonds ne porte ce titre
M0537043779,HISTOIRE DE ROBIN ET GENTIL (titre inscrit),charles-eugene-ensfelder,musée de l'image,2010.5.2747 B,546,refusee,,,,,Wikimedia Commons,le musée conserve 5 notices de ce titre et de ce numéro (546) : l'exemplaire visé serait indéterminé
M0537006060,LA VISITE A LÉONORE. (titre inscrit),charles-eugene-ensfelder,musée de l'image,D 996.1.5934 B,528,refusee,,,,,Wikimedia Commons,le musée conserve 2 notices de ce titre et de ce numéro (528) : l'exemplaire visé serait indéterminé
M0537027464,"GESCHIEDENIS VAN EEN EZEL (titre inscrit, néerl.) ; L’histoire d’un âne. (titre factice)",charles-eugene-ensfelder,musée de l'image,990.1.2067 B ; VII / B 6,6,introuvable,,,,,Wikimedia Commons,aucun fichier du fonds ne porte ce titre
M0537017952,HISTOIRE DE ROBIN ET GENTIL  (titre inscrit),charles-eugene-ensfelder,musée de l'image,990.1.1441 B ; VI / 157,546,refusee,,,,,Wikimedia Commons,le musée conserve 5 notices de ce titre et de ce numéro (546) : l'exemplaire visé serait indéterminé
M0537043663,HISTOIRE DE LA BELLE ET LA BÊTE (titre inscrit),charles-eugene-ensfelder,musée de l'image,2010.5.2647 B,503,refusee,,,,,Wikimedia Commons,le musée conserve 6 notices de ce titre et de ce numéro (503) : l'exemplaire visé serait indéterminé
M0537006045,"MARIE, L'AMIE DES OISEAUX ET DES PAUVRES. (titre inscrit)",charles-eugene-ensfelder,musée de l'image,D 996.1.5919 B,522,introuvable,,,,,Wikimedia Commons,aucun fichier du fonds ne porte ce titre
M0537017989,LA MAUVAISE SAISON. (titre inscrit),charles-eugene-ensfelder,musée de l'image,990.1.1478 B ; VI / 194,590,refusee,,,,,Wikimedia Commons,le musée conserve 5 notices de ce titre et de ce numéro (590) : l'exemplaire visé serait indéterminé
M0537004101,LA MAUVAISE SAISON. (titre inscrit),charles-eugene-ensfelder,musée de l'image,D 996.1.3936 B,590,refusee,,,,,Wikimedia Commons,le musée conserve 5 notices de ce titre et de ce numéro (590) : l'exemplaire visé serait indéterminé
M0537006065,LES VACANCES DE LOUISE ET DE LUCIE. (titre inscrit),charles-eugene-ensfelder,musée de l'image,D 996.1.5939 B,530,introuvable,,,,,Wikimedia Commons,aucun fichier du fonds ne porte ce titre
M0537006109,FREDERIC ET EDOUARD / Ou le bon et le mauvais écoliers. (titre inscrit),charles-eugene-ensfelder,musée de l'image,D 996.1.5983 B,547,introuvable,,,,,Wikimedia Commons,aucun fichier du fonds ne porte ce titre
M0537017283,LES OCCUPATIONS DES PETITES FILLES (titre inscrit),charles-eugene-ensfelder,musée de l'image,990.1.719 B ; IV / 201,563,introuvable,,,,,Wikimedia Commons,aucun fichier du fonds ne porte ce titre
M0537017776,HISTOIRE DE LA BELLE ET LA BETE. (titre inscrit),charles-eugene-ensfelder,musée de l'image,990.1.1405 B ; VI / 122,503,refusee,,,,,Wikimedia Commons,le musée conserve 6 notices de ce titre et de ce numéro (503) : l'exemplaire visé serait indéterminé
M0537027470,"GESCHIEDNIS VAN WILLIAM TELL (titre inscrit, néerl.) ; L’histoire de Guillaume Tell (titre factice)",charles-eugene-ensfelder,musée de l'image,990.1.2074 B ; VII / B 13,13,introuvable,,,,,Wikimedia Commons,aucun fichier du fonds ne porte ce titre
M0537043832,LA VIE ET LES TRAVAUX DE LA CAMPAGNE / L'ÉTÉ et L'AUTOMNE (Suite) (titre inscrit),charles-eugene-ensfelder,musée de l'image,2010.5.2776 B,561,refusee,,,,,Wikimedia Commons,le musée conserve 2 notices de ce titre et de ce numéro (561) : l'exemplaire visé serait indéterminé
M0537006053,HISTOIRE D'UN ANE. (titre inscrit),charles-eugene-ensfelder,musée de l'image,D 996.1.5927 B,526,introuvable,,,,,Wikimedia Commons,aucun fichier du fonds ne porte ce titre
M0537022204,HISTOIRE DE ROBIN ET GENTIL  (titre inscrit),charles-eugene-ensfelder,musée de l'image,2005.17.78 B,546,refusee,,,,,Wikimedia Commons,le musée conserve 5 notices de ce titre et de ce numéro (546) : l'exemplaire visé serait indéterminé
M0537043665,HISTOIRE DE LA BELLE ET LA BÊTE (titre inscrit),charles-eugene-ensfelder,musée de l'image,2010.5.2649 B,503,refusee,,,,,Wikimedia Commons,le musée conserve 6 notices de ce titre et de ce numéro (503) : l'exemplaire visé serait indéterminé
M0537045391,LA MAUVAISE SAISON. N°. 590. (titre inscrit),charles-eugene-ensfelder,musée de l'image,2010.5.3608 B,590,refusee,,,,,Wikimedia Commons,le musée conserve 5 notices de ce titre et de ce numéro (590) : l'exemplaire visé serait indéterminé
M0537020025,LEGENDE DE SAINT ELOI (titre inscrit),charles-eugene-ensfelder,musée de l'image,990.1.66 B ; I / 66,631,exacte,"File:Imagerie d'Epinal. N°631, Légende de Saint Eloi - estampe - btv1b6938776q.jpg",Public domain,Bibliothèque nationale de France,,Wikimedia Commons,"titre retrouvé dans « Imagerie d'Epinal. N°631, Légende de Saint Eloi - estampe - btv1b6938776q.j » ; numéro de planche 631 des deux côtés"
M0537043662,HISTOIRE DE LA BELLE ET LA BÊTE (titre inscrit),charles-eugene-ensfelder,musée de l'image,2010.5.2646 B,503,refusee,,,,,Wikimedia Commons,le musée conserve 6 notices de ce titre et de ce numéro (503) : l'exemplaire visé serait indéterminé
M0537006051,LA PÊCHE MIRACULEUSE. (titre inscrit),charles-eugene-ensfelder,musée de l'image,D 996.1.5925 B,525,refusee,,,,,Wikimedia Commons,le musée conserve 2 notices de ce titre et de ce numéro (525) : l'exemplaire visé serait indéterminé
M0537006058,LA VISITE A LÉONORE. N°.528. (titre inscrit),charles-eugene-ensfelder,musée de l'image,D 996.1.5932 B,528,refusee,,,,,Wikimedia Commons,le musée conserve 2 notices de ce titre et de ce numéro (528) : l'exemplaire visé serait indéterminé
M0537006050,LA PÊCHE MIRACULEUSE. N°.525. (titre inscrit),charles-eugene-ensfelder,musée de l'image,D 996.1.5924 B,525,refusee,,,,,Wikimedia Commons,le musée conserve 2 notices de ce titre et de ce numéro (525) : l'exemplaire visé serait indéterminé
M0537027534,"GESCHIEDENIS VAN RIK MET DE KUIF (titre inscrit, néerl.) ; histoire de Riquet à la Houppe (titre factice)",charles-eugene-ensfelder,musée de l'image,990.1.2140 B ; VII / B 79,79,introuvable,,,,,Wikimedia Commons,aucun fichier du fonds ne porte ce titre
M0537027495,"DE KATER EN DE JONGE MUSSCHEN (titre inscrit, néerl.) ; le chat et les jeunes moineaux (titre factice)",charles-eugene-ensfelder,musée de l'image,990.1.2100 B ; VII / B 39,39,introuvable,,,,,Wikimedia Commons,aucun fichier du fonds ne porte ce titre
M0537017306,LA VIE ET LES TRAVAUX DE LA CAMPAGNE / L’ETE et L’AUTOMNE (suite) (titre inscrit),charles-eugene-ensfelder,musée de l'image,990.1.717 B ; IV / 199,561,refusee,,,,,Wikimedia Commons,le musée conserve 2 notices de ce titre et de ce numéro (561) : l'exemplaire visé serait indéterminé
M0537006217,VIVE LE VÉLOCIPÈDE. / Nouveaux vélocipèdes dits de Société (brevet d'invention). (titre inscrit),charles-eugene-ensfelder,musée de l'image,D 996.1.6092 B,556,introuvable,,,,,Wikimedia Commons,aucun fichier du fonds ne porte ce titre
M0537038087,L'ÉCOLE BUISSONNIÈRE. N°. 841. (titre inscrit),charles-eugene-ensfelder,musée de l'image,2010.5.3142 B,841,introuvable,,,,,Wikimedia Commons,aucun fichier du fonds ne porte ce titre
M0537045360,"MARIE, L'ENFANT DE LA FÉE. N°. 575. (titre inscrit)",charles-eugene-ensfelder,musée de l'image,2010.5.3595 B,575,introuvable,,,,,Wikimedia Commons,aucun fichier du fonds ne porte ce titre
M0537017512,Le Bon et le Mauvais Chemin (titre inscrit),charles-eugene-ensfelder,musée de l'image,990.1.1039 B ; V / 141,647,introuvable,,,,,Wikimedia Commons,aucun fichier du fonds ne porte ce titre
M0537007970,PIRAME ET THISBE. N°.883. (titre inscrit),charles-francois-pinot,musée de l'image,D 996.1.7867 B,883,refusee,,,,,Wikimedia Commons,le musée conserve 2 notices de ce titre et de ce numéro (883) : l'exemplaire visé serait indéterminé
M0537017582,PIRAME ET THISBE (titre inscrit),charles-francois-pinot,musée de l'image,990.1.1277 B ; VI / 2,6,refusee,,,,,Wikimedia Commons,le musée conserve 3 notices de ce titre et de ce numéro (6) : l'exemplaire visé serait indéterminé
M0537008156,ADOLESCENCE DE PAUL ET VIRGINIE. / N° 2. / N°.120. (titre inscrit),charles-francois-pinot,musée de l'image,D 996.1.8056 B,2,refusee,,,,,Wikimedia Commons,le musée conserve 2 notices de ce titre et de ce numéro (2) : l'exemplaire visé serait indéterminé
M0537008158,HISTOIRE DE PAUL ET VIRGINIE. N°.23. (titre inscrit),charles-francois-pinot,musée de l'image,D 996.1.8058 B,23,refusee,,,,,Wikimedia Commons,la feuille numérisée ne porte aucun numéro : rien ne dit lequel des deux exemplaires du musée elle montre (contrôle visuel)
M0537008157,ENFANCE DE PAUL ET VIRGINIE. / N°.119. (titre inscrit),charles-francois-pinot,musée de l'image,D 996.1.8057 B,119,introuvable,,,,,Wikimedia Commons,aucun fichier du fonds ne porte ce titre
M0537008136,PIRAME ET THISBE. N°.883. (titre inscrit),charles-francois-pinot,musée de l'image,D 996.1.8036 B,883,refusee,,,,,Wikimedia Commons,le musée conserve 2 notices de ce titre et de ce numéro (883) : l'exemplaire visé serait indéterminé
M0537007968,PIRAME ET THISBE. N°6. (titre inscrit),charles-francois-pinot,musée de l'image,D 996.1.7865 B,6,refusee,,,,,Wikimedia Commons,le musée conserve 3 notices de ce titre et de ce numéro (6) : l'exemplaire visé serait indéterminé
M0537007954,HISTOIRE DE PAUL ET VIRGINIE. (titre inscrit),charles-francois-pinot,musée de l'image,D 996.1.7851 B,15,refusee,,,,,Wikimedia Commons,la feuille numérisée ne porte aucun numéro : rien ne dit lequel des deux exemplaires du musée elle montre (contrôle visuel)
M0537007749,ENFANCE DE PAUL ET VIRGINIE. / N°.1. / N°.119. (titre inscrit),charles-francois-pinot,musée de l'image,D 996.1.7639 B,1,introuvable,,,,,Wikimedia Commons,aucun fichier du fonds ne porte ce titre
M0537007952,ADOLESCENCE DE PAUL ET VIRGINIE. / N° 2. / N°.120. (titre inscrit),charles-francois-pinot,musée de l'image,D 996.1.7849 B,2,refusee,,,,,Wikimedia Commons,le musée conserve 2 notices de ce titre et de ce numéro (2) : l'exemplaire visé serait indéterminé
M0537007969,PIRAME ET THISBÉ(titre inscrit),charles-francois-pinot,musée de l'image,D 996.1.7866 B,6,refusee,,,,,Wikimedia Commons,le musée conserve 3 notices de ce titre et de ce numéro (6) : l'exemplaire visé serait indéterminé
M0537043941,N°. 31. / BATAILLE DE REICHOFFEN. (titre inscrit),charles-francois-pinot,musée de l'image,2010.5.2885 B,31,introuvable,,,,,Wikimedia Commons,aucun fichier du fonds ne porte ce titre
M0537038121,LE CHAT BOTTÉ. (CONTE DE FÉES.) 557 (titre inscrit),charles-francois-pinot,musée de l'image,2010.5.5015 B,557,introuvable,,,,,Wikimedia Commons,aucun fichier du fonds ne porte ce titre
M0537045961,NOEL. N°. 71. (titre inscrit),charles-francois-pinot,musée de l'image,2010.5.4406 B,71,refusee,,,,,Wikimedia Commons,titre trop court ou trop commun pour être probant
M0537028803,BATAILLE DE REICHOFFEN. N°.958. (titre inscrit),charles-francois-pinot,musée de l'image,990.2.702 B ; W.105.4.2/6,958,introuvable,,,,,Wikimedia Commons,aucun fichier du fonds ne porte ce titre
M0537052973,HISTOIRE D'ÉDOUARD dit le PETIT LOUVETEAU N°.434. (titre inscrit),charles-francois-pinot,musée de l'image,2010.5.13507 B,434,introuvable,,,,,Wikimedia Commons,aucun fichier du fonds ne porte ce titre
M0537003099,"Actualité, N°.10. / Voilà ce diable de MICMAK en train de nettoyer la Confédération Asthmatique... (titre inscrit)",charles-francois-pinot,musée de l'image,D 996.1.3010 B,10,introuvable,,,,,Wikimedia Commons,aucun fichier du fonds ne porte ce titre
M0537003107,LE HULAN ET LA PAYSANNE. (titre inscrit),charles-francois-pinot,musée de l'image,D 996.1.3020 B,,introuvable,,,,,Wikimedia Commons,aucun fichier du fonds ne porte ce titre
M0537044376,ALPHABET MASCARADE. N°. 651. (titre inscrit),charles-francois-pinot,musée de l'image,2010.5.6847 B,651,introuvable,,,,,Wikimedia Commons,aucun fichier du fonds ne porte ce titre
M0537036438,LE PRINCE MIRLITON. (titre inscrit),charles-francois-pinot,musée de l'image,2010.5.4740 B,447,introuvable,,,,,Wikimedia Commons,aucun fichier du fonds ne porte ce titre
M0537005937,HISTOIRE D'EDOUARD DIT LE PETIT LOUVETEUAU N°.474. (titre inscrit),charles-francois-pinot,musée de l'image,D 996.1.5811 A,474,introuvable,,,,,Wikimedia Commons,aucun fichier du fonds ne porte ce titre
M0537036355,PRISE DE SAARBRUCK. N°. 28. (titre inscrit),charles-francois-pinot,musée de l'image,2010.5.4722 B,28,introuvable,,,,,Wikimedia Commons,aucun fichier du fonds ne porte ce titre
M0537004705,LE ROI DAGOBERT. (titre inscrit),charles-francois-pinot,musée de l'image,D 996.1.4559 B,40,refusee,,,,,Wikimedia Commons,le musée conserve 3 notices de ce titre et de ce numéro (40) : l'exemplaire visé serait indéterminé
M0537004800,MONSIEUR ET MADAME DENIS. / Souvenirs de deux vieux époux. (titre inscrit),charles-francois-pinot,musée de l'image,D 996.1.4656 B,62,introuvable,,,,,Wikimedia Commons,aucun fichier du fonds ne porte ce titre
M0537017171,LE CHAT DE LA MÈRE MICHEL (titre inscrit),charles-francois-pinot,musée de l'image,990.1.583 B ; IV / 94,43,refusee,,,,,Wikimedia Commons,le musée conserve 2 notices de ce titre et de ce numéro (43) : l'exemplaire visé serait indéterminé
M0537046230,VIVE L'AMOUR ! VIVE LE VIN ! (titre inscrit),charles-francois-pinot,musée de l'image,2010.5.6941 B,585,introuvable,,,,,Wikimedia Commons,aucun fichier du fonds ne porte ce titre
M0537007991,LE CHEMIN DE FER. N°.624. (titre inscrit),charles-francois-pinot,musée de l'image,D 996.1.7888 B,624,refusee,,,,,Wikimedia Commons,numéros de planche différents (624 contre 14)
M0537027468,"TIJL UILENSPIEGEL (titre inscrit, néerl.) ; Till l’espiègle. (titre factice)",charles-francois-pinot,musée de l'image,990.1.2072 B ; VII / B 11,11,introuvable,,,,,Wikimedia Commons,aucun fichier du fonds ne porte ce titre
M0537027469,"DE GESCHIEDENIS VAN ROBINSON CRUSOE (titre inscrit, néerl.) ; L’histoire de Robinson Crusoé. (titre factice)",charles-francois-pinot,musée de l'image,990.1.2073 B ; VII / B 12,12,introuvable,,,,,Wikimedia Commons,aucun fichier du fonds ne porte ce titre
M0537004715,LE CHAT DE LA MÈRE MICHEL. (titre inscrit),charles-francois-pinot,musée de l'image,D 996.1.4569 B,43,refusee,,,,,Wikimedia Commons,le musée conserve 2 notices de ce titre et de ce numéro (43) : l'exemplaire visé serait indéterminé
M0537040563,"SCÈNES VILLAGEOISES ET TRAVAUX CHAMPÊTRES. / 540 (titre inscrit, fr., all.)",charles-francois-pinot,musée de l'image,2010.5.6555 B,540,introuvable,,,,,Wikimedia Commons,aucun fichier du fonds ne porte ce titre
M0537040562,"SCÈNES VILLAGEOISES ET TRAVAUX CHAMPÊTRES. / 539 (titre inscrit, fr., all.)",charles-francois-pinot,musée de l'image,2010.5.6554 B,539,introuvable,,,,,Wikimedia Commons,aucun fichier du fonds ne porte ce titre
M0537017872,"DE JAPANSCHE HOND (titre inscrit, néerl.) ; Le chien du Japon (titre factice)",charles-francois-pinot,musée de l'image,990.1.2166 B ; VII B 105,105,introuvable,,,,,Wikimedia Commons,aucun fichier du fonds ne porte ce titre
M0537003096,"Actualité, N°.9. MELCHISEDECK. (titre inscrit)",charles-francois-pinot,musée de l'image,D 996.1.3007 B,9,introuvable,,,,,Wikimedia Commons,aucun fichier du fonds ne porte ce titre
M0537017623,"LE MEUNIER, SON FILS ET L'ANE. (titre inscrit)",charles-francois-pinot,musée de l'image,990.1.1363 B ; VI / 83,441,introuvable,,,,,Wikimedia Commons,aucun fichier du fonds ne porte ce titre
M0537006062,M. DUCROQUET EN CHEMIN DE FER. (titre inscrit),charles-francois-pinot,musée de l'image,D 996.1.5936 B,529,introuvable,,,,,Wikimedia Commons,aucun fichier du fonds ne porte ce titre
M0537018337,FABLES DE LA FONTAINE / LE CHEVAL ET LE LOUP / Le Renard et les Raisins / Le Loup et la Cigogne (titre inscrit),charles-francois-pinot,musée de l'image,990.1.1730 B ; VI / 441,925,introuvable,,,,,Wikimedia Commons,aucun fichier du fonds ne porte ce titre
M0537027466,"DE GESCHIEDENIS VAN JACOB DE GOEDE ZOON (titre inscrit, néerl.) ; Histoire de Jacques, le bon fils. (titre factice)",charles-francois-pinot,musée de l'image,990.1.2069 B ; VII / B 8,8,introuvable,,,,,Wikimedia Commons,aucun fichier du fonds ne porte ce titre
M0537027507,"Martha, de goede Kleine Huishoudster (titre inscrit, néerl.) ; Marthe la bonne petite ménagère. (titre factice)",charles-francois-pinot,musée de l'image,990.1.2113 B ; VII / B 52,52,introuvable,,,,,Wikimedia Commons,aucun fichier du fonds ne porte ce titre
M0537007842,N.°11. / LE GRAND OGRE ALLEMAND. (titre inscrit),charles-francois-pinot,musée de l'image,D 996.1.7733 B,11,introuvable,,,,,Wikimedia Commons,aucun fichier du fonds ne porte ce titre
M0537017345,CADET ROUSSELLE. (titre inscrit),charles-francois-pinot,musée de l'image,990.1.797 B ; IV / 275,70,refusee,,,,,Wikimedia Commons,le musée conserve 2 notices de ce titre et de ce numéro (70) : l'exemplaire visé serait indéterminé
M0537025098,CADET ROUSSELLE (titre inscrit),charles-francois-pinot,musée de l'image,990.1.572.12 B ; IV / 72,70,refusee,,,,,Wikimedia Commons,le musée conserve 2 notices de ce titre et de ce numéro (70) : l'exemplaire visé serait indéterminé
M0537017272,LE ROI DAGOBERT (titre inscrit),charles-francois-pinot,musée de l'image,990.1.581 B ; IV / 93 1er ex,40,refusee,,,,,Wikimedia Commons,le musée conserve 3 notices de ce titre et de ce numéro (40) : l'exemplaire visé serait indéterminé
M0537017273,LE ROI DAGOBERT (titre inscrit),charles-francois-pinot,musée de l'image,990.1.582 B ; IV / 93 2e ex,40,refusee,,,,,Wikimedia Commons,le musée conserve 3 notices de ce titre et de ce numéro (40) : l'exemplaire visé serait indéterminé
M0537001788,"LES DEGRÉS DES AGES DE L'HOMME. (titre inscrit fr., all.)",charles-francois-pinot,musée de l'image,D 996.1.1701 B,,refusee,,,,,Wikimedia Commons,"la feuille numérisée est imprimée par Pellerin & Cie, la notice décrit un tirage de la Fabrique de Pellerin (contrôle visuel)"
M0537027560,"HOND EN KAT, OF DE SLECHTE BUREN (titre inscrit, néerl.) ; Chien et chat ou les mauvais voisins (titre factice)",charles-francois-pinot,musée de l'image,990.1.2167 B ; VII B 106,105,introuvable,,,,,Wikimedia Commons,aucun fichier du fonds ne porte ce titre
M0537043716,CADET ROUSSELLE. (titre inscrit),charles-francois-pinot,musée de l'image,2010.5.2692 B,518,refusee,,,,,Wikimedia Commons,"la feuille numérisée porte le numéro 384, et le musée en relève un autre (contrôle visuel)"
M0537045844,"Actualité. N°. 30. / Guillaume s'en va t'en guerre, mironton, ton, ton, mirontaine !!! (titre inscrit)",charles-francois-pinot,musée de l'image,2010.5.4289 B,30,introuvable,,,,,Wikimedia Commons,aucun fichier du fonds ne porte ce titre
M0537053035,CADET ROUSSELLE. N°.261. (titre inscrit),charles-francois-pinot,musée de l'image,2010.5.13569 B,261,refusee,,,,,Wikimedia Commons,"la feuille numérisée porte le numéro 384, et le musée en relève un autre (contrôle visuel)"
M0537017871,"GESCHIEDENIS VAN ALI-BABA EN DE 40 ROOVERS (titre inscrit, néerl.) ; L’histoire de Ali-Baba et les 40 voleurs (titre factice)",charles-francois-pinot,musée de l'image,990.1.2071 B ; VII / B 10,10,introuvable,,,,,Wikimedia Commons,aucun fichier du fonds ne porte ce titre
M0537026208,MARTHE LA BONNE PETITE MENAGERE. (titre inscrit),charles-francois-pinot,musée de l'image,2008.21.106 B,521,refusee,,,,,Wikimedia Commons,le musée conserve 2 notices de ce titre et de ce numéro (521) : l'exemplaire visé serait indéterminé
M0537026207,MARTHE LA BONNE PETITE MENAGERE. (titre inscrit),charles-francois-pinot,musée de l'image,2008.21.105 B,521,refusee,,,,,Wikimedia Commons,le musée conserve 2 notices de ce titre et de ce numéro (521) : l'exemplaire visé serait indéterminé
M0537038128,"BETJE DE GOEDE HUISHOUDSTER. (titre inscrit, néerl.) ; MARTHE LA BONNE PETITE MENAGÈRE (titre traduit)",charles-francois-pinot,musée de l'image,2010.5.5036 A,,introuvable,,,,,Wikimedia Commons,aucun fichier du fonds ne porte ce titre
M0537048453,LES COURSES DE LA MARCHE. N°.. 58 (titre inscrit),charles-francois-pinot,musée de l'image,2010.5.9055 B,58,introuvable,,,,,Wikimedia Commons,aucun fichier du fonds ne porte ce titre
M0537005994,LE CHEVAL ENCHANTÉ (titre inscrit),charles-francois-pinot,musée de l'image,D 996.1.5868 B,505,introuvable,,,,,Wikimedia Commons,aucun fichier du fonds ne porte ce titre
M0537070838,HISTOIRE DE RIQUET A LA HOUPPE (titre inscrit),charles-francois-pinot,musée de l'image,2019.5.160 A,2705,introuvable,,,,,Wikimedia Commons,aucun fichier du fonds ne porte ce titre
M0537070835,"Le lOUP, la Chèvre et les Biquets (titre inscrit)",charles-francois-pinot,musée de l'image,2019.5.158 A,2697,introuvable,,,,,Wikimedia Commons,aucun fichier du fonds ne porte ce titre
M0537061445,NOUVEAU THÉÂTRE PORTATIF À RAINURES. / FOND DE FORÊT (titre inscrit),charles-francois-pinot,musée de l'image,2010.5.21891 B,1554,introuvable,,,,,Wikimedia Commons,aucun fichier du fonds ne porte ce titre
M0537061403,NOUVEAU THÉÂTRE PORTATIF À RAINURES. / PALAIS (titre inscrit),charles-francois-pinot,musée de l'image,2010.5.21849 B,1544,introuvable,,,,,Wikimedia Commons,aucun fichier du fonds ne porte ce titre
M0537017296,L'ECOLE DE VILLAGE (titre inscrit),charles-francois-pinot,musée de l'image,990.1.715 B ; IV / 197,514,introuvable,,,,,Wikimedia Commons,aucun fichier du fonds ne porte ce titre
M0537004532,GUERNADIER / QUE TU M'AFFLIGES. N°.933. (titre inscrit),charles-francois-pinot,musée de l'image,D 996.1.4385 B,933,introuvable,,,,,Wikimedia Commons,aucun fichier du fonds ne porte ce titre
M0537045900,GUERNADIER / QUE TU M'AFFLIGES. / N°. 30. (titre inscrit),charles-francois-pinot,musée de l'image,2010.5.4345 B,30,introuvable,,,,,Wikimedia Commons,aucun fichier du fonds ne porte ce titre
M0537003196,GARIBALDI ET SES VOLONTAIRES / Combattant les Prussiens. N°.957. (titre inscrit),charles-francois-pinot,musée de l'image,D 996.1.3108 B,957,introuvable,,,,,Wikimedia Commons,aucun fichier du fonds ne porte ce titre
M0537004732,LE PRINCE MIRLITON. N°.511. (titre inscrit),charles-francois-pinot,musée de l'image,D 996.1.4587 B,511,introuvable,,,,,Wikimedia Commons,aucun fichier du fonds ne porte ce titre
M0537007855,AH VOUS DIRAI-JE MAMAN. N°.265. (titre inscrit),charles-francois-pinot,musée de l'image,D 996.1.7746 B,265,refusee,,,,,Wikimedia Commons,"la feuille numérisée sort de chez Pellerin, la notice décrit une planche de Pinot & Sagaire (contrôle visuel)"
M0537007818,LE CHAT DE LA MÈRE MICHEL. N°.259. (titre inscrit),charles-francois-pinot,musée de l'image,D 996.1.7709 B,259,introuvable,,,,,Wikimedia Commons,aucun fichier du fonds ne porte ce titre
M0537026857,ÉPISODE DE LA BATAILLE DE SAINT-PRIVAT (près Metz) (titre inscrit),charles-francois-pinot,musée de l'image,990.1.943 B ; V / 56,139,introuvable,,,,,Wikimedia Commons,aucun fichier du fonds ne porte ce titre
M0537028660,COMPÈRE GUILLERI. N° 275 (titre inscrit),charles-francois-pinot,musée de l'image,990.2.517 B ; W 105.3.1/93,275,introuvable,,,,,Wikimedia Commons,aucun fichier du fonds ne porte ce titre
M0537017259,ALPHABET MASCARADE (titre inscrit),charles-francois-pinot,musée de l'image,990.1.516 B ; IV / 5,330,introuvable,,,,,Wikimedia Commons,aucun fichier du fonds ne porte ce titre
M0537045889,LE CHAT DE LA MÈRE MICHEL. N°. 12. (titre inscrit),charles-francois-pinot,musée de l'image,2010.5.4334 B,12,introuvable,,,,,Wikimedia Commons,aucun fichier du fonds ne porte ce titre
M0537061818,Pantins : L'OGRE (titre inscrit),charles-francois-pinot,musée de l'image,2010.5.22264 B,1339,introuvable,,,,,Wikimedia Commons,aucun fichier du fonds ne porte ce titre
M0537053048,COMPÈRE GUILLERI. N°.932. (titre inscrit),charles-francois-pinot,musée de l'image,2010.5.13583 B,932,introuvable,,,,,Wikimedia Commons,aucun fichier du fonds ne porte ce titre
M0537053037,LE ROI DAGOBERT. N°.939. (titre inscrit),charles-francois-pinot,musée de l'image,2010.5.13572 B,939,refusee,,,,,Wikimedia Commons,"le fichier ne montre qu'une case découpée, pas la feuille (contrôle visuel)"
M0537021306,LA MARSEILLAISE / Hymne patriotique. N°.921. (titre inscrit),charles-francois-pinot,musée de l'image,990.2.529 B ; W 105.3.1/105,921,introuvable,,,,,Wikimedia Commons,aucun fichier du fonds ne porte ce titre
M0537028664,LE CHAT DE LA MERE MICHEL. N° 923 (titre inscrit),charles-francois-pinot,musée de l'image,990.2.522 B ; W 105.3.1/98,923,introuvable,,,,,Wikimedia Commons,aucun fichier du fonds ne porte ce titre
M0537003532,SIÈGE ET BOMBARDEMENT DE STRASBOURG. (titre inscrit),charles-francois-pinot,musée de l'image,D 996.1.3441 B,137,introuvable,,,,,Wikimedia Commons,aucun fichier du fonds ne porte ce titre
M0537006003,HISTOIRE DE COCO LE SINGE D'AMERIQUE. N°.508. (titre inscrit),charles-francois-pinot,musée de l'image,D 996.1.5877 B,508,refusee,,,,,Wikimedia Commons,le musée conserve 2 notices de ce titre et de ce numéro (508) : l'exemplaire visé serait indéterminé
M0537006049,FLEURETTE ou la Petite Bouquetière des Alpes (titre inscrit),charles-francois-pinot,musée de l'image,D 996.1.5923 B,524,introuvable,,,,,Wikimedia Commons,aucun fichier du fonds ne porte ce titre
M0537006004,HISTOIRE DE COCO LE SINGE D'AMERIQUE. (titre inscrit),charles-francois-pinot,musée de l'image,D 996.1.5878 B,508,refusee,,,,,Wikimedia Commons,le musée conserve 2 notices de ce titre et de ce numéro (508) : l'exemplaire visé serait indéterminé
M0537004028,LES APPOINTEMENTS DE L'EX FAMILLE IMPERIALE / ET DES GROS FONCTIONNAIRES DE L'EMPIRE. N°.655 (titre inscrit),charles-francois-pinot,musée de l'image,D 996.1.3863 B,655,introuvable,,,,,Wikimedia Commons,aucun fichier du fonds ne porte ce titre
02860008252,Métamorphose d'Appulus en olivier sauvage,crispin-de-passe-l-ancien,musée des beaux-arts,2008.0.885,,refusee,,,,,Wikimedia Commons,le musée conserve 2 notices de ce titre sans numéro de planche : l'exemplaire visé serait indéterminé
02860008252,Métamorphose d'Appulus en olivier sauvage,crispin-de-passe-le-jeune,musée des beaux-arts,2008.0.885,,refusee,,,,,Wikimedia Commons,le musée conserve 2 notices de ce titre sans numéro de planche : l'exemplaire visé serait indéterminé
5002E001385,CANTIQUES SPIRITUELS. / NOTRE-DAME DE FOURVIERE. (titre inscrit),francois-georgin,musée des civilisations de l'Europe et de la Méditerranée,51.16.17 C,,introuvable,,,,,Wikimedia Commons,aucun fichier du fonds ne porte ce titre
M0537000257,NOTRE-DAME DE BON-SECOURS. (titre inscrit),francois-georgin,musée de l'image,D 996.1.182 B,1883,refusee,,,,,Wikimedia Commons,le musée conserve 2 notices de ce titre et de ce numéro (1883) : l'exemplaire visé serait indéterminé
M0537000256,NOTRE-DAME DE BON-SECOURS. (titre inscrit),francois-georgin,musée de l'image,D 996.1.181 B,1883,refusee,,,,,Wikimedia Commons,le musée conserve 2 notices de ce titre et de ce numéro (1883) : l'exemplaire visé serait indéterminé
M0537000255,NOTRE-DAME DE BON-SECOURS. N° 1119 (titre inscrit),francois-georgin,musée de l'image,D 996.1.180 B,1119,introuvable,,,,,Wikimedia Commons,aucun fichier du fonds ne porte ce titre
M0537000258,NOTRE-DAME DE BON-SECOURS. (titre inscrit),francois-georgin,musée de l'image,D 996.1.183 B,,introuvable,,,,,Wikimedia Commons,aucun fichier du fonds ne porte ce titre
M0537000254,NOTRE-DAME DE BON-SECOURS. N° 102 (titre inscrit),francois-georgin,musée de l'image,D 996.1.179 A ; 39.2231,102,introuvable,,,,,Wikimedia Commons,aucun fichier du fonds ne porte ce titre
M0537000977,LE COURONNEMENT / DE LA SAINTE VIERGE. (titre inscrit),francois-georgin,musée de l'image,D 996.1.892 C,,introuvable,,,,,Wikimedia Commons,aucun fichier du fonds ne porte ce titre
M0537000292,L'ANGE GARDIEN. N° 25 (titre inscrit),francois-georgin,musée de l'image,D 996.1.217 A,25,introuvable,,,,,Wikimedia Commons,aucun fichier du fonds ne porte ce titre
M0537000287,L'ANGE GARDIEN. 59 (titre inscrit),francois-georgin,musée de l'image,D 996.1.212 B,,introuvable,,,,,Wikimedia Commons,aucun fichier du fonds ne porte ce titre
M0537001059,"JESUS-CHRIST, / ORNE DES QUINZE PRINCIPAUX MYSTERES DE LA RELIGION. (titre inscrit)",francois-georgin,musée de l'image,D 996.1.974 C,,introuvable,,,,,Wikimedia Commons,aucun fichier du fonds ne porte ce titre
M0537001060,"JESUS-CHRIST, / ORNE DES QUINZE PRINCIPAUX MYSTERES DE LA RELIGION. 199 (titre inscrit)",francois-georgin,musée de l'image,D 996.1.975 C,,refusee,,,,,Wikimedia Commons,le musée conserve 3 notices de ce titre sans numéro de planche : l'exemplaire visé serait indéterminé
M0537001062,"JESUS-CHRIST, / ORNE DES QUINZE PRINCIPAUX MYSTERES DE LA RELIGION. 199 (titre inscrit)",francois-georgin,musée de l'image,D 996.1.977 C,,refusee,,,,,Wikimedia Commons,le musée conserve 3 notices de ce titre sans numéro de planche : l'exemplaire visé serait indéterminé
M0537001061,"JESUS-CHRIST, / ORNE DES QUINZE PRINCIPAUX MYSTERES DE LA RELIGION. 199 (titre inscrit)",francois-georgin,musée de l'image,D 996.1.976 C,,refusee,,,,,Wikimedia Commons,le musée conserve 3 notices de ce titre sans numéro de planche : l'exemplaire visé serait indéterminé
M0537003417,BOMBARDEMENT ET PRISE D'ALGER. (titre inscrit),francois-georgin,musée de l'image,D 996.1.3326 C,,refusee,,,,,Wikimedia Commons,le musée conserve 3 notices de ce titre sans numéro de planche : l'exemplaire visé serait indéterminé
M0537003418,BOMBARDEMENT ET PRISE D'ALGER. (titre inscrit),francois-georgin,musée de l'image,D 996.1.3327 C,,refusee,,,,,Wikimedia Commons,le musée conserve 3 notices de ce titre sans numéro de planche : l'exemplaire visé serait indéterminé
M0537020875,BOMBARDEMENT ET PRISE D'ALGER. (titre inscrit),francois-georgin,musée de l'image,990.2.54 C ; 105.5.2/26,,refusee,,,,,Wikimedia Commons,le musée conserve 3 notices de ce titre sans numéro de planche : l'exemplaire visé serait indéterminé
M0537047452,DESCENTE DE LA CROIX (titre inscrit),francois-georgin,musée de l'image,2010.5.8056 C,,introuvable,,,,,Wikimedia Commons,aucun fichier du fonds ne porte ce titre
M0537034879,HISTOIRE DES QUATRE FILS AYMON. 2.e pl.(titre inscrit),francois-georgin,musée de l'image,2010.5.4575 B,,introuvable,,,,,Wikimedia Commons,aucun fichier du fonds ne porte ce titre
M0537040328,"FABLES DE LA FONTAINE. (titre inscrit, fr., all.)",francois-georgin,musée de l'image,2010.5.6425 B,419,refusee,,,,,Wikimedia Commons,"le fichier ne montre qu'une fable, quand la notice décrit une feuille qui en réunit douze (contrôle visuel)"
M0537040309,CROQUEMITAINE. / 403 (titre inscrit),francois-georgin,musée de l'image,2010.5.6412 B,403,introuvable,,,,,Wikimedia Commons,aucun fichier du fonds ne porte ce titre
M0537040571,LES CATASTROPHES ET LA FIN TRAGIQUE DU PETIT TOUCHE-A-TOUT. (titre inscrit),francois-georgin,musée de l'image,2010.5.6558 B,543,candidate,File:Les catastrophes et la fin tragique du petit Touche-à-tout - histoire enfantine - estampe - btv1b69380947.jpg,Public domain,Bibliothèque nationale de France,,Wikimedia Commons,titre retrouvé dans « Les catastrophes et la fin tragique du petit Touche-à-tout - histoire enfan » ; le fichier ne porte aucun numéro de planche
M0537047043,GLOIRE NATIONALE / BERTRAND. (titre inscrit),francois-georgin,musée de l'image,2010.5.7675 C,,refusee,,,,,Wikimedia Commons,le musée conserve 2 notices de ce titre sans numéro de planche : l'exemplaire visé serait indéterminé
M0537034884,PRISE D'ALEXANDRIE. (titre inscrit),francois-georgin,musée de l'image,2010.5.4580 C,,refusee,,,,,Wikimedia Commons,le musée conserve 2 notices de ce titre sans numéro de planche : l'exemplaire visé serait indéterminé
M0537040272,"SALTIMBANQUES ET CHARLATANS. (titre inscrit, fr., all.)",francois-georgin,musée de l'image,2010.5.6395 B,,refusee,,,,,Wikimedia Commons,la feuille numérisée compte quatre colonnes et porte une autre adresse d'imprimeur : c'est une autre édition (contrôle visuel)
M0537021010,BATAILLE DE WATERLOO. (titre inscrit),francois-georgin,musée de l'image,990.2.155 C ; 105.5.2/127,,candidate,File:Bataille de Waterloo - estampe - btv1b55001980r.jpg,Public domain,Bibliothèque nationale de France,,Wikimedia Commons,titre retrouvé dans « Bataille de Waterloo - estampe - btv1b55001980r.jpg » ; aucun numéro de part ni d'autre : titre seul
M0537008042,CROQUEMITAINE. (titre inscrit),francois-georgin,musée de l'image,D 996.1.7943 B,,refusee,,,,,Wikimedia Commons,titre trop court ou trop commun pour être probant
M0537007752,LE MOULIN MERVEILLEUX. (titre inscrit),francois-georgin,musée de l'image,D 996.1.7642 C,,candidate,File:Le moulin merveilleux - (estampe) (Tirage 1876) - btv1b69379355.jpg,Public domain,Bibliothèque nationale de France,,Wikimedia Commons,titre retrouvé dans « Le moulin merveilleux - (estampe) (Tirage 1876) - btv1b69379355.jpg » ; aucun numéro de part ni d'autre : titre seul
M0537003354,BATAILLE DE FLEURUS. (titre inscrit),francois-georgin,musée de l'image,D 996.1.3264 C,,introuvable,,,,,Wikimedia Commons,aucun fichier du fonds ne porte ce titre
M0537007836,LE MONDE RENVERSÉ. (IIe Planche.) (titre inscrit),francois-georgin,musée de l'image,D 996.1.7727 B,,candidate,File:Le monde renversé (IIe planche) - estampe - btv1b550019996.jpg,Public domain,Bibliothèque nationale de France,,Wikimedia Commons,titre retrouvé dans « Le monde renversé (IIe planche) - estampe - btv1b550019996.jpg » ; aucun numéro de part ni d'autre : titre seul
M0537003401,ENTRÉE DES FRANÇAIS A ANVERS EN 1831 (titre inscrit),francois-georgin,musée de l'image,D 996.1.3310 C,,introuvable,,,,,Wikimedia Commons,aucun fichier du fonds ne porte ce titre
M0537003399,ENTRÉE DES FRANÇAIS EN BELGIQUE. (titre inscrit),francois-georgin,musée de l'image,D 996.1.3308 C,,candidate,File:Entrée des Français en Belgique - estampe - btv1b550020223.jpg,Public domain,Bibliothèque nationale de France,,Wikimedia Commons,titre retrouvé dans « Entrée des Français en Belgique - estampe - btv1b550020223.jpg » ; aucun numéro de part ni d'autre : titre seul
M0537047044,GLOIRE NATIONALE / DAMRÉMONT. (titre inscrit),francois-georgin,musée de l'image,2010.5.7676 C,,introuvable,,,,,Wikimedia Commons,aucun fichier du fonds ne porte ce titre
M0537035826,LA FÊTE DE VILLAGE. / N°. 5 (titre inscrit),francois-georgin,musée de l'image,2010.5.3893 B,527,introuvable,,,,,Wikimedia Commons,aucun fichier du fonds ne porte ce titre
M0537003780,VEILLE D'AUSTERLITZ. (titre inscrit),francois-georgin,musée de l'image,D 996.1.3628 C,,refusee,,,,,Wikimedia Commons,le musée conserve 3 notices de ce titre sans numéro de planche : l'exemplaire visé serait indéterminé
M0537003761,PRISE D'ALEXANDRIE. (titre inscrit),francois-georgin,musée de l'image,D 996.1.3609 C,,refusee,,,,,Wikimedia Commons,le musée conserve 2 notices de ce titre sans numéro de planche : l'exemplaire visé serait indéterminé
M0537003781,VEILLE D'AUSTERLITZ. (titre inscrit),francois-georgin,musée de l'image,D 996.1.3629 C,,refusee,,,,,Wikimedia Commons,le musée conserve 3 notices de ce titre sans numéro de planche : l'exemplaire visé serait indéterminé
M0537017721,VEILLE D'AUSTERLITZ. (titre inscrit),francois-georgin,musée de l'image,990.1.2729 C ; Inv 94-XIC-4,,refusee,,,,,Wikimedia Commons,le musée conserve 3 notices de ce titre sans numéro de planche : l'exemplaire visé serait indéterminé
M0537039802,"DONNERA-T-ON QUELQUE CHOSE A CRÉDIT ? / QUAND LE COQ CHANTERA, CRÉDIT ON DONNERA. (titre inscrit)",francois-georgin,musée de l'image,2010.5.6038 B,,exacte,"File:Donnera-t-on quelque chose à crédit Quand le coq chantera, crédit on donnera - estampe - G. F. (François Georgin) - btv1b55001802z.jpg",Public domain,Bibliothèque nationale de France,"Georgin, François (1801-1863). Dessinateur de l'oeuvre reproduite",Wikimedia Commons,image regardée et confirmée à l'œil
M0537003810,NAPOLÉON A MONTEREAU. (titre inscrit),francois-georgin,musée de l'image,D 996.1.3658 C,,candidate,File:Napoléon à Montereau - estampe - btv1b55001996v.jpg,Public domain,Bibliothèque nationale de France,,Wikimedia Commons,titre retrouvé dans « Napoléon à Montereau - estampe - btv1b55001996v.jpg » ; aucun numéro de part ni d'autre : titre seul
M0537035976,CANTIQUES SPIRITUELS. / JÉSUS SUR LA CROIX. (titre inscrit),francois-georgin,musée de l'image,2010.5.3913 B,,introuvable,,,,,Wikimedia Commons,aucun fichier du fonds ne porte ce titre
M0537003347,GLOIRE NATIONALE. / NAPOLEON. (titre inscrit),francois-georgin,musée de l'image,D 996.1.3257 C,,introuvable,,,,,Wikimedia Commons,aucun fichier du fonds ne porte ce titre
M0537003732,GLOIRE NATIONALE / BERTRAND. (titre inscrit),francois-georgin,musée de l'image,D 996.1.3585.25 C,,refusee,,,,,Wikimedia Commons,le musée conserve 2 notices de ce titre sans numéro de planche : l'exemplaire visé serait indéterminé
M0537003408,MACHINE INFERNALE : ATTENTAT du 28 juillet 1835. (titre inscrit),francois-georgin,musée de l'image,D 996.1.3317 C,,introuvable,,,,,Wikimedia Commons,aucun fichier du fonds ne porte ce titre
M0537002244,FUSILIERS MARINS au Combat (titre inscrit),georges-ferdinand-bigot,musée de l'image,D 996.1.2156 B,179,refusee,,,,,Wikimedia Commons,le musée conserve 2 notices de ce titre et de ce numéro (179) : l'exemplaire visé serait indéterminé
M0537002212,INFANTERIE FRANÇAISE AU COMBAT (titre inscrit),georges-ferdinand-bigot,musée de l'image,D 996.1.2124 B,151,refusee,,,,,Wikimedia Commons,le musée conserve 5 notices de ce titre et de ce numéro (151) : l'exemplaire visé serait indéterminé
M0537002556,INFANTERIE à l'EXERCICE en FRANCE / LES ÉTATS-UNIS / D'AMÉRIQUE / dans la Guerre (titre inscrit),georges-ferdinand-bigot,musée de l'image,D 996.1.2468 B,771,refusee,,,,,Wikimedia Commons,le musée conserve 7 notices de ce titre et de ce numéro (771) : l'exemplaire visé serait indéterminé
M0537002149,INFANTERIE de LIGNE / TENUE DE GUERRE / AVANT LE CASQUE ET LES BANDES MOLLETIÈRES (titre inscrit),georges-ferdinand-bigot,musée de l'image,D 996.1.2061 B,81,introuvable,,,,,Wikimedia Commons,aucun fichier du fonds ne porte ce titre
M0537002148,ARTILLERIE FRANÇAISE / ancienne tenue et tenue de guerre / PIÈCES DE 90 DE CAMPAGNE / ARTILLERIE LOURDE / CANON / DE 120 LONG  (titre inscrit),georges-ferdinand-bigot,musée de l'image,D 996.1.2060 B,80,refusee,,,,,Wikimedia Commons,le musée conserve 3 notices de ce titre et de ce numéro (80) : l'exemplaire visé serait indéterminé
M0537002450,INFANTERIE ÉCOSSAISE / - HIGHLANDERS - AU COMBAT (titre inscrit),georges-ferdinand-bigot,musée de l'image,D 996.1.2362 B,593,refusee,,,,,Wikimedia Commons,le musée conserve 2 notices de ce titre et de ce numéro (593) : l'exemplaire visé serait indéterminé
M0537004387,EN PLEIN FEU = INFANTERIE FRANÇAISE / DANS LES TRANCHÉES ET A L'ASSAUT (titre inscrit),georges-ferdinand-bigot,musée de l'image,D 996.1.4235 B,2036,refusee,,,,,Wikimedia Commons,le musée conserve 3 notices de ce titre et de ce numéro (2036) : l'exemplaire visé serait indéterminé
M0537002557,LES ÉTATS-UNIS d'AMÉRIQUE / EN GUERRE AUX COTÉS DES ALLIÉS (1917) (titre inscrit),georges-ferdinand-bigot,musée de l'image,D 996.1.2469 B,775,refusee,,,,,Wikimedia Commons,le musée conserve 2 notices de ce titre et de ce numéro (775) : l'exemplaire visé serait indéterminé
M0537002216,ZOUAVES A LA REVUE / TENUE DE GUERRE / AVEC CAPOTE (titre inscrit),georges-ferdinand-bigot,musée de l'image,D 996.1.2128 B,157,refusee,,,,,Wikimedia Commons,le musée conserve 3 notices de ce titre et de ce numéro (157) : l'exemplaire visé serait indéterminé
M0537002593,INFANTERIE ROUMAINE / TENUE DE CAMPAGNE (titre inscrit),georges-ferdinand-bigot,musée de l'image,D 996.1.2505 B,850,refusee,,,,,Wikimedia Commons,le musée conserve 2 notices de ce titre et de ce numéro (850) : l'exemplaire visé serait indéterminé
M0537002555,TYPES des PREMIERS CONTINGENTS / D'INFANTERIE / ARRIVÉS EN FRANCE en 1917 (titre inscrit),georges-ferdinand-bigot,musée de l'image,D 996.1.2467 B,770,refusee,,,,,Wikimedia Commons,le musée conserve 5 notices de ce titre et de ce numéro (770) : l'exemplaire visé serait indéterminé
M0537002215,ZOUAVES A LA REVUE / TENUE DE GUERRE / SANS CAPOTE (titre inscrit),georges-ferdinand-bigot,musée de l'image,D 996.1.2127 B,156,refusee,,,,,Wikimedia Commons,le musée conserve 3 notices de ce titre et de ce numéro (156) : l'exemplaire visé serait indéterminé
M0537004404,EN / PLEIN FEU : INFANTERIE ANGLAISE & ÉCOSSAISE / DANS LES TRANCHÉES / ET A L'ASSAUT (titre inscrit),georges-ferdinand-bigot,musée de l'image,D 996.1.4252 B,2047,refusee,,,,,Wikimedia Commons,le musée conserve 3 notices de ce titre et de ce numéro (2047) : l'exemplaire visé serait indéterminé
M0537004392,ARTILLERIE ALPINE EN ACTION (titre inscrit),georges-ferdinand-bigot,musée de l'image,D 996.1.4240 B,2038,refusee,,,,,Wikimedia Commons,le musée conserve 2 notices de ce titre et de ce numéro (2038) : l'exemplaire visé serait indéterminé
M0537004407,INFANTERIE RUSSE / AU COMBAT / TENUE DE CAMPAGNE D'ÉTÉ (titre inscrit),georges-ferdinand-bigot,musée de l'image,D 996.1.4255 B,2049,refusee,,,,,Wikimedia Commons,le musée conserve 3 notices de ce titre et de ce numéro (2049) : l'exemplaire visé serait indéterminé
M0537004391,INFANTERIE FRANÇAISE / LES HÉROS DES TRANCHÉES / ET CEUX QUI LES SECONDENT (titre inscrit),georges-ferdinand-bigot,musée de l'image,D 996.1.4239 B,2037,refusee,,,,,Wikimedia Commons,le musée conserve 3 notices de ce titre et de ce numéro (2037) : l'exemplaire visé serait indéterminé
M0537003874,Les POSTES de SECOURS (titre inscrit),georges-ferdinand-bigot,musée de l'image,D 996.1.3709 B,82,introuvable,,,,,Wikimedia Commons,aucun fichier du fonds ne porte ce titre
M0537004408,INFANTERIE RUSSE / AU COMBAT / TENUE DE CAMPAGNE D'ÉTÉ (titre inscrit),georges-ferdinand-bigot,musée de l'image,D 996.1.4256 B,2049,refusee,,,,,Wikimedia Commons,le musée conserve 3 notices de ce titre et de ce numéro (2049) : l'exemplaire visé serait indéterminé
M0537004397,UN POSTE DE SECOURS SUR LE FRONT FRANÇAIS (titre inscrit),georges-ferdinand-bigot,musée de l'image,D 996.1.4245 B,2039,refusee,,,,,Wikimedia Commons,le musée conserve 3 notices de ce titre et de ce numéro (2039) : l'exemplaire visé serait indéterminé
M0537004388,EN PLEIN FEU = INFANTERIE FRANÇAISE / DANS LES TRANCHÉES ET A L'ASSAUT (titre inscrit),georges-ferdinand-bigot,musée de l'image,D 996.1.4236 B,2036,refusee,,,,,Wikimedia Commons,le musée conserve 3 notices de ce titre et de ce numéro (2036) : l'exemplaire visé serait indéterminé
M0537004400,UHLANS ALLEMANDS (titre inscrit),georges-ferdinand-bigot,musée de l'image,D 996.1.4248 B,2043,introuvable,,,,,Wikimedia Commons,aucun fichier du fonds ne porte ce titre
M0537004405,ARTILLERIE ANGLAISE (titre inscrit),georges-ferdinand-bigot,musée de l'image,D 996.1.4253 B,2048,refusee,,,,,Wikimedia Commons,le musée conserve 3 notices de ce titre et de ce numéro (2048) : l'exemplaire visé serait indéterminé
M0537004402,FANTASSINS ANGLAIS & ÉCOSSAIS au Combat (titre inscrit),georges-ferdinand-bigot,musée de l'image,D 996.1.4250 B,2047,refusee,,,,,Wikimedia Commons,le musée conserve 2 notices de ce titre et de ce numéro (2047) : l'exemplaire visé serait indéterminé
M0537004410,INFANTERIE ROUMAINE / EN CAMPAGNE (titre inscrit),georges-ferdinand-bigot,musée de l'image,D 996.1.4258 B,2055,introuvable,,,,,Wikimedia Commons,aucun fichier du fonds ne porte ce titre
M0537004399,ARTILLERIE ALLEMANDE (titre inscrit),georges-ferdinand-bigot,musée de l'image,D 996.1.4247 B,2042,introuvable,,,,,Wikimedia Commons,aucun fichier du fonds ne porte ce titre
M0537004390,INFANTERIE FRANÇAISE / LES HÉROS DES TRANCHÉES / ET CEUX QUI LES SECONDENT (titre inscrit),georges-ferdinand-bigot,musée de l'image,D 996.1.4238 B,2037,refusee,,,,,Wikimedia Commons,le musée conserve 3 notices de ce titre et de ce numéro (2037) : l'exemplaire visé serait indéterminé
M0537004396,UN POSTE DE SECOURS SUR LE FRONT FRANÇAIS (titre inscrit),georges-ferdinand-bigot,musée de l'image,D 996.1.4244 B,2039,refusee,,,,,Wikimedia Commons,le musée conserve 3 notices de ce titre et de ce numéro (2039) : l'exemplaire visé serait indéterminé
M0537004406,ARTILLERIE ANGLAISE (titre inscrit),georges-ferdinand-bigot,musée de l'image,D 996.1.4254 B,2048,refusee,,,,,Wikimedia Commons,le musée conserve 3 notices de ce titre et de ce numéro (2048) : l'exemplaire visé serait indéterminé
M0537004409,INFANTERIE BELGE AU COMBAT / ANCIENNES TENUES / ET NOUVELLE (KAKI) (titre inscrit),georges-ferdinand-bigot,musée de l'image,D 996.1.4257 B,2050,introuvable,,,,,Wikimedia Commons,aucun fichier du fonds ne porte ce titre
M0537004395,EN PLEIN FEU / NOS MAGNIFIQUES HÉROS / LES FUSILIERS MARINS / aux luttes épiques de l'Yser (titre inscrit),georges-ferdinand-bigot,musée de l'image,D 996.1.4243 B,2038,refusee,,,,,Wikimedia Commons,le musée conserve 2 notices de ce titre et de ce numéro (2038) : l'exemplaire visé serait indéterminé
M0537016775,INFANTERIE à l'EXERCICE en FRANCE / LES ÉTATS-UNIS / D'AMÉRIQUE / dans la Guerre (titre inscrit),georges-ferdinand-bigot,musée de l'image,2005.8.11 B,771,refusee,,,,,Wikimedia Commons,le musée conserve 7 notices de ce titre et de ce numéro (771) : l'exemplaire visé serait indéterminé
M0537004394,ARTILLERIE FRANCAISE / ANCIENNE / ET NOUVELLE / TENUE (titre inscrit),georges-ferdinand-bigot,musée de l'image,D 996.1.4242 B,2038,refusee,,,,,Wikimedia Commons,le musée conserve 3 notices de ce titre et de ce numéro (2038) : l'exemplaire visé serait indéterminé
M0537004393,ARTILLERIE FRANÇAISE / ANCIENNE / ET NOUVELLE / TENUE (titre inscrit),georges-ferdinand-bigot,musée de l'image,D 996.1.4241 B,2038,refusee,,,,,Wikimedia Commons,le musée conserve 3 notices de ce titre et de ce numéro (2038) : l'exemplaire visé serait indéterminé
M0537031927,INFANTERIE FRANÇAISE AU COMBAT (titre inscrit),georges-ferdinand-bigot,musée de l'image,2010.5.209 B,151,refusee,,,,,Wikimedia Commons,le musée conserve 5 notices de ce titre et de ce numéro (151) : l'exemplaire visé serait indéterminé
M0537004403,EN / PLEIN FEU : INFANTERIE ANGLAISE & ÉCOSSAISE / DANS LES TRANCHÉES / ET A L'ASSAUT (titre inscrit),georges-ferdinand-bigot,musée de l'image,D 996.1.4251 B,2047,refusee,,,,,Wikimedia Commons,le musée conserve 3 notices de ce titre et de ce numéro (2047) : l'exemplaire visé serait indéterminé
M0537032021,FUSILIERS MARINS au Combat (titre inscrit),georges-ferdinand-bigot,musée de l'image,2010.5.252 B,179,refusee,,,,,Wikimedia Commons,le musée conserve 2 notices de ce titre et de ce numéro (179) : l'exemplaire visé serait indéterminé
M0537031953,ZOUAVES TENUE DE GUERRE Avec et Sans Capote  AU DEFILE (titre inscrit),georges-ferdinand-bigot,musée de l'image,2010.5.219 B,158,introuvable,,,,,Wikimedia Commons,aucun fichier du fonds ne porte ce titre
M0537032142,ZOUAVES TENUE DE GUERRE En Marche et Chargeant (titre inscrit),georges-ferdinand-bigot,musée de l'image,2010.5.307 B,212,refusee,,,,,Wikimedia Commons,le musée conserve 2 notices de ce titre et de ce numéro (212) : l'exemplaire visé serait indéterminé
M0537032020,INFANTERIE A L'ATTAQUE (titre inscrit),georges-ferdinand-bigot,musée de l'image,2010.5.251 B,177,refusee,,,,,Wikimedia Commons,le musée conserve 3 notices de ce titre et de ce numéro (177) : l'exemplaire visé serait indéterminé
M0537022590,TYPES des PREMIERS CONTINGENTS / D'INFANTERIE / ARRIVÉS EN FRANCE en 1917 (titre inscrit),georges-ferdinand-bigot,musée de l'image,2006.16.95 B,770,refusee,,,,,Wikimedia Commons,le musée conserve 5 notices de ce titre et de ce numéro (770) : l'exemplaire visé serait indéterminé
M0537004386,INFANTERIE FRANCAISE AVEC CASQUES / & ENGINS DE TRANCHÉES (titre inscrit),georges-ferdinand-bigot,musée de l'image,D 996.1.4234 B,2036,refusee,,,,,Wikimedia Commons,le musée conserve 2 notices de ce titre et de ce numéro (2036) : l'exemplaire visé serait indéterminé
M0537038765,LES ÉTATS-UNIS d'AMÉRIQUE / EN GUERRE AUX COTÉS DES ALLIÉS (1917) (titre inscrit),georges-ferdinand-bigot,musée de l'image,2010.5.5259 B,775,refusee,,,,,Wikimedia Commons,le musée conserve 2 notices de ce titre et de ce numéro (775) : l'exemplaire visé serait indéterminé
M0537032144,EN TIRAILLEURS : Sur le terrain et dans les Tranchées (titre inscrit),georges-ferdinand-bigot,musée de l'image,2010.5.309 B,213,refusee,,,,,Wikimedia Commons,le musée conserve 2 notices de ce titre et de ce numéro (213) : l'exemplaire visé serait indéterminé
M0537029852,ARTILLERIE FRANÇAISE / ancienne tenue et tenue de guerre / PIÈCES DE 90 DE CAMPAGNE / ARTILLERIE LOURDE / CANON / DE 120 LONG  (titre inscrit),georges-ferdinand-bigot,musée de l'image,2010.5.93 B,80,refusee,,,,,Wikimedia Commons,le musée conserve 3 notices de ce titre et de ce numéro (80) : l'exemplaire visé serait indéterminé
M0537032019,INFANTERIE A L'ATTAQUE (titre inscrit),georges-ferdinand-bigot,musée de l'image,2010.5.250 B,177,refusee,,,,,Wikimedia Commons,le musée conserve 3 notices de ce titre et de ce numéro (177) : l'exemplaire visé serait indéterminé
M0537022580,INFANTERIE ITALIENNE Stationnant / et en marche (titre inscrit),georges-ferdinand-bigot,musée de l'image,2006.16.85 B,566,refusee,,,,,Wikimedia Commons,le musée conserve 5 notices de ce titre et de ce numéro (566) : l'exemplaire visé serait indéterminé
M0537031960,ZOUAVES - TENUE DE GUERRE avec et sans capote - CHARGEANT (titre inscrit),georges-ferdinand-bigot,musée de l'image,2010.5.220 B,159,introuvable,,,,,Wikimedia Commons,aucun fichier du fonds ne porte ce titre
M0537029789,INFANTERIE A L'ATTAQUE (titre inscrit),georges-ferdinand-bigot,musée de l'image,2010.5.35 B,17,introuvable,,,,,Wikimedia Commons,aucun fichier du fonds ne porte ce titre
M0537032127,LES 'DIABLES BLEUS' Chasseurs et Artilleurs ALPINS (titre inscrit),georges-ferdinand-bigot,musée de l'image,2010.5.304 B,210,introuvable,,,,,Wikimedia Commons,aucun fichier du fonds ne porte ce titre
M0537022527,ZOUAVES A LA REVUE / TENUE DE GUERRE / AVEC CAPOTE (titre inscrit),georges-ferdinand-bigot,musée de l'image,2006.16.33 B,157,refusee,,,,,Wikimedia Commons,le musée conserve 3 notices de ce titre et de ce numéro (157) : l'exemplaire visé serait indéterminé
M0537032140,ZOUAVES à la Revue TENUE de GUERRE (titre inscrit),georges-ferdinand-bigot,musée de l'image,2010.5.306 B,212,refusee,,,,,Wikimedia Commons,le musée conserve 3 notices de ce titre et de ce numéro (212) : l'exemplaire visé serait indéterminé
M0537031928,INFANTERIE FRANÇAISE AU COMBAT (titre inscrit),georges-ferdinand-bigot,musée de l'image,2010.5.210 B,151,refusee,,,,,Wikimedia Commons,le musée conserve 5 notices de ce titre et de ce numéro (151) : l'exemplaire visé serait indéterminé
M0537038762,INFANTERIE à l'EXERCICE en FRANCE / LES ÉTATS-UNIS / D'AMÉRIQUE / dans la Guerre (titre inscrit),georges-ferdinand-bigot,musée de l'image,2010.5.5256 B,771,refusee,,,,,Wikimedia Commons,le musée conserve 7 notices de ce titre et de ce numéro (771) : l'exemplaire visé serait indéterminé
M0537022524,INFANTERIE FRANÇAISE AU COMBAT (titre inscrit),georges-ferdinand-bigot,musée de l'image,2006.16.30 B,151,refusee,,,,,Wikimedia Commons,le musée conserve 5 notices de ce titre et de ce numéro (151) : l'exemplaire visé serait indéterminé
M0537022532,INFANTERIE A L'ATTAQUE (titre inscrit),georges-ferdinand-bigot,musée de l'image,2006.16.38 B,177,refusee,,,,,Wikimedia Commons,le musée conserve 3 notices de ce titre et de ce numéro (177) : l'exemplaire visé serait indéterminé
M0537031929,INFANTERIE FRANÇAISE AU COMBAT (titre inscrit),georges-ferdinand-bigot,musée de l'image,2010.5.211 B,151,refusee,,,,,Wikimedia Commons,le musée conserve 5 notices de ce titre et de ce numéro (151) : l'exemplaire visé serait indéterminé
M0537022546,ZOUAVES à la Revue TENUE de GUERRE (titre inscrit),georges-ferdinand-bigot,musée de l'image,2006.16.52 B,212,refusee,,,,,Wikimedia Commons,le musée conserve 3 notices de ce titre et de ce numéro (212) : l'exemplaire visé serait indéterminé
M0537022548,EN TIRAILLEURS : Sur le Terrain et dans les Tranchées (titre inscrit),georges-ferdinand-bigot,musée de l'image,2006.16.54 B,213,refusee,,,,,Wikimedia Commons,le musée conserve 2 notices de ce titre et de ce numéro (213) : l'exemplaire visé serait indéterminé
M0537031943,ZOUAVES A LA REVUE / TENUE DE GUERRE / AVEC CAPOTE (titre inscrit),georges-ferdinand-bigot,musée de l'image,2010.5.218 B,157,refusee,,,,,Wikimedia Commons,le musée conserve 3 notices de ce titre et de ce numéro (157) : l'exemplaire visé serait indéterminé
M0537022578,INFANTERIE ITALIENNE A LA / REVUE. (titre inscrit),georges-ferdinand-bigot,musée de l'image,2006.16.83 B,565,refusee,,,,,Wikimedia Commons,le musée conserve 5 notices de ce titre et de ce numéro (565) : l'exemplaire visé serait indéterminé
M0537039056,INFANTERIE ANGLAISE AU COMBAT (titre inscrit),georges-ferdinand-bigot,musée de l'image,2010.5.743 B,592,introuvable,,,,,Wikimedia Commons,aucun fichier du fonds ne porte ce titre
M0537039233,ARTILLERIE ANGLAISE (titre inscrit),georges-ferdinand-bigot,musée de l'image,2010.5.5534 B,2048,refusee,,,,,Wikimedia Commons,le musée conserve 3 notices de ce titre et de ce numéro (2048) : l'exemplaire visé serait indéterminé
M0537039225,CHASSEURS ALLEMANDS AU COMBAT / TENUE DE CAMPAGNE (titre inscrit),georges-ferdinand-bigot,musée de l'image,2010.5.5526 B,2041,introuvable,,,,,Wikimedia Commons,aucun fichier du fonds ne porte ce titre
M0537032143,ZOUAVES TENUE DE GUERRE En Marche et Chargeant (titre inscrit),georges-ferdinand-bigot,musée de l'image,2010.5.308 B,212,refusee,,,,,Wikimedia Commons,le musée conserve 2 notices de ce titre et de ce numéro (212) : l'exemplaire visé serait indéterminé
M0537032138,ZOUAVES à la Revue TENUE de GUERRE (titre inscrit),georges-ferdinand-bigot,musée de l'image,2010.5.305 B,212,refusee,,,,,Wikimedia Commons,le musée conserve 3 notices de ce titre et de ce numéro (212) : l'exemplaire visé serait indéterminé
M0537031941,ZOUAVES A LA REVUE / TENUE DE GUERRE / SANS CAPOTE (titre inscrit),georges-ferdinand-bigot,musée de l'image,2010.5.217 B,156,refusee,,,,,Wikimedia Commons,le musée conserve 3 notices de ce titre et de ce numéro (156) : l'exemplaire visé serait indéterminé
M0537039047,INFANTERIE ITALIENNE A LA / REVUE (titre inscrit),georges-ferdinand-bigot,musée de l'image,2010.5.718 B,565,refusee,,,,,Wikimedia Commons,le musée conserve 5 notices de ce titre et de ce numéro (565) : l'exemplaire visé serait indéterminé
M0537039213,INFANTERIE FRANÇAISE AVEC CASQUES / & ENGINS DE TRANCHÉES (titre inscrit),georges-ferdinand-bigot,musée de l'image,2010.5.5514 B,2036,refusee,,,,,Wikimedia Commons,le musée conserve 2 notices de ce titre et de ce numéro (2036) : l'exemplaire visé serait indéterminé
M0537039086,INFANTERIE ROUMAINE TENUE / DE CAMPAGNE (titre inscrit),georges-ferdinand-bigot,musée de l'image,2010.5.968 B,850,refusee,,,,,Wikimedia Commons,le musée conserve 2 notices de ce titre et de ce numéro (850) : l'exemplaire visé serait indéterminé
M0537039263,INFANTERIE ITALIENNE A LA / REVUE (titre inscrit),georges-ferdinand-bigot,musée de l'image,2010.5.5566 B,565,refusee,,,,,Wikimedia Commons,le musée conserve 5 notices de ce titre et de ce numéro (565) : l'exemplaire visé serait indéterminé
M0537022591,INFANTERIE à l'EXERCICE en FRANCE / LES ÉTATS-UNIS / D'AMÉRIQUE / dans la Guerre (titre inscrit),georges-ferdinand-bigot,musée de l'image,2006.16.96 B,771,refusee,,,,,Wikimedia Commons,le musée conserve 7 notices de ce titre et de ce numéro (771) : l'exemplaire visé serait indéterminé
M0537022526,ZOUAVES A LA REVUE / TENUE DE GUERRE / SANS CAPOTE (titre inscrit),georges-ferdinand-bigot,musée de l'image,2006.16.32 B,156,refusee,,,,,Wikimedia Commons,le musée conserve 3 notices de ce titre et de ce numéro (156) : l'exemplaire visé serait indéterminé
M0537039228,INFANTERIE AUTRICHIENNE AU COMBAT / TENUE DE CAMPAGNE (titre inscrit),georges-ferdinand-bigot,musée de l'image,2010.5.5529 B,2044,introuvable,,,,,Wikimedia Commons,aucun fichier du fonds ne porte ce titre
M0537039234,INFANTERIE RUSSE / AU COMBAT / TENUE DE CAMPAGNE D'ÉTÉ (titre inscrit),georges-ferdinand-bigot,musée de l'image,2010.5.5535 B,2049,refusee,,,,,Wikimedia Commons,le musée conserve 3 notices de ce titre et de ce numéro (2049) : l'exemplaire visé serait indéterminé
M0537038761,TYPES des PREMIERS CONTINGENTS / D'INFANTERIE / ARRIVÉS EN FRANCE en 1917 (titre inscrit),georges-ferdinand-bigot,musée de l'image,2010.5.5255 B,770,refusee,,,,,Wikimedia Commons,le musée conserve 5 notices de ce titre et de ce numéro (770) : l'exemplaire visé serait indéterminé
M0537022547,ZOUAVES En Marche et Chargeant TENUE / DE GUERRE (titre inscrit),georges-ferdinand-bigot,musée de l'image,2006.16.53 B,212,introuvable,,,,,Wikimedia Commons,aucun fichier du fonds ne porte ce titre
M0537039053,INFANTERIE ITALIENNE ARME AU PIED / ET À LA BRETELLE (titre inscrit),georges-ferdinand-bigot,musée de l'image,2010.5.723 B,567,introuvable,,,,,Wikimedia Commons,aucun fichier du fonds ne porte ce titre
M0537039224,INFANTERIE ALLEMANDE au Combat (titre inscrit),georges-ferdinand-bigot,musée de l'image,2010.5.5525 B,2040,introuvable,,,,,Wikimedia Commons,aucun fichier du fonds ne porte ce titre
M0537039231,FANTASSINS ANGLAIS & ÉCOSSAIS au Combat (titre inscrit),georges-ferdinand-bigot,musée de l'image,2010.5.5532 B,2047,refusee,,,,,Wikimedia Commons,le musée conserve 2 notices de ce titre et de ce numéro (2047) : l'exemplaire visé serait indéterminé
M0537039264,INFANTERIE ITALIENNE Stationnant / et en marche (titre inscrit),georges-ferdinand-bigot,musée de l'image,2010.5.5567 B,566,refusee,,,,,Wikimedia Commons,le musée conserve 5 notices de ce titre et de ce numéro (566) : l'exemplaire visé serait indéterminé
M0537042001,INFANTERIE ECOSSAISE (titre inscrit),georges-ferdinand-bigot,musée de l'image,2010.5.1605 B,598,refusee,,,,,Wikimedia Commons,le musée conserve 2 notices de ce titre et de ce numéro (598) : l'exemplaire visé serait indéterminé
M0537022510,ARTILLERIE FRANÇAISE / ancienne tenue et tenue de guerre / PIÈCES DE 90 DE CAMPAGNE / ARTILLERIE LOURDE / CANON / DE 120 LONG  (titre inscrit),georges-ferdinand-bigot,musée de l'image,2006.16.16 B,80,refusee,,,,,Wikimedia Commons,le musée conserve 3 notices de ce titre et de ce numéro (80) : l'exemplaire visé serait indéterminé
M0537039211,INFANTERIE DE LIGNE (TENUE / de CAMPAGNE) (titre inscrit),georges-ferdinand-bigot,musée de l'image,2010.5.5512 B,2035,introuvable,,,,,Wikimedia Commons,aucun fichier du fonds ne porte ce titre
M0537039214,EN PLEIN FEU = INFANTERIE FRANÇAISE / DANS LES TRANCHÉES ET A L'ASSAUT (titre inscrit),georges-ferdinand-bigot,musée de l'image,2010.5.5515 B,2036,refusee,,,,,Wikimedia Commons,le musée conserve 3 notices de ce titre et de ce numéro (2036) : l'exemplaire visé serait indéterminé
M0537039059,INFANTERIE ANGLAISE A LA REVUE L'ARME / A LA BRETELLE (titre inscrit),georges-ferdinand-bigot,musée de l'image,2010.5.746 B,594,introuvable,,,,,Wikimedia Commons,aucun fichier du fonds ne porte ce titre
M0537039049,INFANTERIE ITALIENNE Stationnant / et en marche (titre inscrit),georges-ferdinand-bigot,musée de l'image,2010.5.720 B,566,refusee,,,,,Wikimedia Commons,le musée conserve 5 notices de ce titre et de ce numéro (566) : l'exemplaire visé serait indéterminé
M0537039066,INFANTERIE ECOSSAISE (titre inscrit),georges-ferdinand-bigot,musée de l'image,2010.5.752 B,598,refusee,,,,,Wikimedia Commons,le musée conserve 2 notices de ce titre et de ce numéro (598) : l'exemplaire visé serait indéterminé
M0537039077,TYPES des PREMIERS CONTINGENTS / D'INFANTERIE / ARRIVÉS EN FRANCE en 1917 (titre inscrit),georges-ferdinand-bigot,musée de l'image,2010.5.912 B,770,refusee,,,,,Wikimedia Commons,le musée conserve 5 notices de ce titre et de ce numéro (770) : l'exemplaire visé serait indéterminé
M0537039216,NOS ALPINS LES / DIABLES BLEUS AUX AVANT-POSTES (titre inscrit),georges-ferdinand-bigot,musée de l'image,2010.5.5517 B,2037,introuvable,,,,,Wikimedia Commons,aucun fichier du fonds ne porte ce titre
M0537039221,EN PLEIN FEU / NOS MAGNIFIQUES HÉROS / LES FUSILIERS MARINS / aux luttes épiques de l'Yser (titre inscrit),georges-ferdinand-bigot,musée de l'image,2010.5.5522 B,2038,refusee,,,,,Wikimedia Commons,le musée conserve 2 notices de ce titre et de ce numéro (2038) : l'exemplaire visé serait indéterminé
M0537039048,INFANTERIE ITALIENNE A LA / REVUE (titre inscrit),georges-ferdinand-bigot,musée de l'image,2010.5.719 B,565,refusee,,,,,Wikimedia Commons,le musée conserve 5 notices de ce titre et de ce numéro (565) : l'exemplaire visé serait indéterminé
M0537039078,TYPES des PREMIERS CONTINGENTS / D'INFANTERIE / ARRIVÉS EN FRANCE en 1917 (titre inscrit),georges-ferdinand-bigot,musée de l'image,2010.5.913 B,770,refusee,,,,,Wikimedia Commons,le musée conserve 5 notices de ce titre et de ce numéro (770) : l'exemplaire visé serait indéterminé
M0537039052,INFANTERIE ITALIENNE Stationnant / et en marche (titre inscrit),georges-ferdinand-bigot,musée de l'image,2010.5.722 B,566,refusee,,,,,Wikimedia Commons,le musée conserve 5 notices de ce titre et de ce numéro (566) : l'exemplaire visé serait indéterminé
M0537039226,EN PLEIN FEU : INFANTERIE ALLEMANDE PAR GROUPES (titre inscrit),georges-ferdinand-bigot,musée de l'image,2010.5.5527 B,2041,introuvable,,,,,Wikimedia Commons,aucun fichier du fonds ne porte ce titre
M0537039232,EN / PLEIN FEU : INFANTERIE ANGLAISE & ÉCOSSAISE / DANS LES TRANCHÉES / ET A L'ASSAUT (titre inscrit),georges-ferdinand-bigot,musée de l'image,2010.5.5533 B,2047,refusee,,,,,Wikimedia Commons,le musée conserve 3 notices de ce titre et de ce numéro (2047) : l'exemplaire visé serait indéterminé
M0537039060,"INFANTERIE ANGLAISE DÉFILANT, L'ARME / A LA BRETELLE (titre inscrit)",georges-ferdinand-bigot,musée de l'image,2010.5.747 B,595,introuvable,,,,,Wikimedia Commons,aucun fichier du fonds ne porte ce titre
M0537022579,INFANTERIE ITALIENNE A LA / REVUE. (titre inscrit),georges-ferdinand-bigot,musée de l'image,2006.16.84 B,565,refusee,,,,,Wikimedia Commons,le musée conserve 5 notices de ce titre et de ce numéro (565) : l'exemplaire visé serait indéterminé
M0537039222,NOS BRAVES MARSOUINS (Fusiliers Marins) LES HÉROS DES APRES LUTTES / DE BELGIQUE ET DU NORD (titre inscrit),georges-ferdinand-bigot,musée de l'image,2010.5.5523 B,2039,introuvable,,,,,Wikimedia Commons,aucun fichier du fonds ne porte ce titre
M0537039051,INFANTERIE ITALIENNE Stationnant / et en marche (titre inscrit),georges-ferdinand-bigot,musée de l'image,2010.5.721 B,566,refusee,,,,,Wikimedia Commons,le musée conserve 5 notices de ce titre et de ce numéro (566) : l'exemplaire visé serait indéterminé
M0537039063,INFANTERIE ANGLAISE ARME AU PIED /  & A LA BRETELLE (titre inscrit),georges-ferdinand-bigot,musée de l'image,2010.5.749 B,597,introuvable,,,,,Wikimedia Commons,aucun fichier du fonds ne porte ce titre
M0537039058,INFANTERIE ANGLAISE A LA REVUE / ARME AU PIED (titre inscrit),georges-ferdinand-bigot,musée de l'image,2010.5.745 B,594,introuvable,,,,,Wikimedia Commons,aucun fichier du fonds ne porte ce titre
M0537039223,UN POSTE DE SECOURS SUR LE FRONT FRANÇAIS (titre inscrit),georges-ferdinand-bigot,musée de l'image,2010.5.5524 B,2039,refusee,,,,,Wikimedia Commons,le musée conserve 3 notices de ce titre et de ce numéro (2039) : l'exemplaire visé serait indéterminé
M0537039212,INFANTERIE de LIGNE EN ACTION / TENUE DE CAMPAGNE (titre inscrit),georges-ferdinand-bigot,musée de l'image,2010.5.5513 B,2036,introuvable,,,,,Wikimedia Commons,aucun fichier du fonds ne porte ce titre
M0537039057,INFANTERIE ÉCOSSAISE / - HIGHLANDERS - AU COMBAT (titre inscrit),georges-ferdinand-bigot,musée de l'image,2010.5.744 B,593,refusee,,,,,Wikimedia Commons,le musée conserve 2 notices de ce titre et de ce numéro (593) : l'exemplaire visé serait indéterminé
M0537039219,ARTILLERIE ALPINE EN ACTION (titre inscrit),georges-ferdinand-bigot,musée de l'image,2010.5.5520 B,2038,refusee,,,,,Wikimedia Commons,le musée conserve 2 notices de ce titre et de ce numéro (2038) : l'exemplaire visé serait indéterminé
M0537039079,INFANTERIE à l'EXERCICE en FRANCE / LES ÉTATS-UNIS / D'AMÉRIQUE / dans la Guerre (titre inscrit),georges-ferdinand-bigot,musée de l'image,2010.5.914 B,771,refusee,,,,,Wikimedia Commons,le musée conserve 7 notices de ce titre et de ce numéro (771) : l'exemplaire visé serait indéterminé
M0537039217,INFANTERIE FRANÇAISE / LES HÉROS DES TRANCHÉES / ET CEUX QUI LES SECONDENT (titre inscrit),georges-ferdinand-bigot,musée de l'image,2010.5.5518 B,2037,refusee,,,,,Wikimedia Commons,le musée conserve 3 notices de ce titre et de ce numéro (2037) : l'exemplaire visé serait indéterminé
M0537039065,INFANTERIE ANGLAISE EN AVANT / A LA BAIONNETTE (titre inscrit),georges-ferdinand-bigot,musée de l'image,2010.5.751 B,598,introuvable,,,,,Wikimedia Commons,aucun fichier du fonds ne porte ce titre
M0537039064,INFANTERIE ANGLAISE DÉFILANT / PAS DE ROUTE (titre inscrit),georges-ferdinand-bigot,musée de l'image,2010.5.750 B,597,introuvable,,,,,Wikimedia Commons,aucun fichier du fonds ne porte ce titre
M0537039229,INFANTERIE ITALIENNE en ACTION (titre inscrit),georges-ferdinand-bigot,musée de l'image,2010.5.5530 B,2045,introuvable,,,,,Wikimedia Commons,aucun fichier du fonds ne porte ce titre
M0537039062,"INFANTERIE ÉCOSSAISE A LA REVUE, L'ARME / A LA BRETELLE (titre inscrit)",georges-ferdinand-bigot,musée de l'image,2010.5.748 B,595,introuvable,,,,,Wikimedia Commons,aucun fichier du fonds ne porte ce titre
M0537039220,ARTILLERIE FRANÇAISE / ANCIENNE / ET NOUVELLE / TENUE (titre inscrit),georges-ferdinand-bigot,musée de l'image,2010.5.5521 B,2038,refusee,,,,,Wikimedia Commons,le musée conserve 3 notices de ce titre et de ce numéro (2038) : l'exemplaire visé serait indéterminé
M0537039081,INFANTERIE à l'EXERCICE en FRANCE / LES ÉTATS-UNIS / D'AMÉRIQUE / dans la Guerre (titre inscrit),georges-ferdinand-bigot,musée de l'image,2010.5.916 B,771,refusee,,,,,Wikimedia Commons,le musée conserve 7 notices de ce titre et de ce numéro (771) : l'exemplaire visé serait indéterminé
M0537039080,INFANTERIE à l'EXERCICE en FRANCE / LES ÉTATS-UNIS / D'AMÉRIQUE / dans la Guerre (titre inscrit),georges-ferdinand-bigot,musée de l'image,2010.5.915 B,771,refusee,,,,,Wikimedia Commons,le musée conserve 7 notices de ce titre et de ce numéro (771) : l'exemplaire visé serait indéterminé
M0537005000,La Rivalité des Câm et des Xa / (LÉGENDE TONKINOISE) (titre inscrit),georges-ferdinand-bigot,musée de l'image,D 996.1.4860 A,4237,introuvable,,,,,Wikimedia Commons,aucun fichier du fonds ne porte ce titre
M0537028226,Histoire de TAN et LANG / Légende annamite du BÉTEL et de l’ARÉQUIER (titre inscrit),georges-ferdinand-bigot,musée de l'image,990.1.2633 B ; X B 133,412,introuvable,,,,,Wikimedia Commons,aucun fichier du fonds ne porte ce titre
M0537052168,Histoire de Géant LY-ONG-THAN / LÉGENDE HISTORIQUE DE L'ANNAM (titre inscrit),georges-ferdinand-bigot,musée de l'image,2010.5.12703 B,437,introuvable,,,,,Wikimedia Commons,aucun fichier du fonds ne porte ce titre
M0537004602,La MARGUERITE (Ronde) (titre inscrit),georges-ferdinand-bigot,musée de l'image,D 996.1.4455 B,3117,introuvable,,,,,Wikimedia Commons,aucun fichier du fonds ne porte ce titre
M0537017258,SAINT JOSEPH CHERCHANT UN LOGIS (titre inscrit),georges-ferdinand-bigot,musée de l'image,990.1.631 B ; IV / 127,3129,refusee,,,,,Wikimedia Commons,le musée conserve 2 notices de ce titre et de ce numéro (3129) : l'exemplaire visé serait indéterminé
M0537007687,Légende annamite du poisson TINH (titre inscrit),georges-ferdinand-bigot,musée de l'image,D 996.1.7576 B,3100,introuvable,,,,,Wikimedia Commons,aucun fichier du fonds ne porte ce titre
M0537020249,SAINT JOSEPH CHERCHANT UN LOGIS (titre inscrit),georges-ferdinand-bigot,musée de l'image,990.1.205 B ; I / 203,3129,refusee,,,,,Wikimedia Commons,le musée conserve 2 notices de ce titre et de ce numéro (3129) : l'exemplaire visé serait indéterminé
M0537002157,GOUMIERS ALGERIENS (titre inscrit),georges-ferdinand-bigot,musée de l'image,D 996.1.2069 B,97,introuvable,,,,,Wikimedia Commons,aucun fichier du fonds ne porte ce titre
M0537001348,LA GUERRE DES JEUX (titre inscrit),henry-hennault,musée de l'image,D 996.1.1262 B,408,refusee,,,,,Wikimedia Commons,le musée conserve 2 notices de ce titre et de ce numéro (408) : l'exemplaire visé serait indéterminé
M0537001345,LA GUERRE DES JEUX (titre inscrit),henry-hennault,musée de l'image,D 996.1.1261 B,408,refusee,,,,,Wikimedia Commons,le musée conserve 2 notices de ce titre et de ce numéro (408) : l'exemplaire visé serait indéterminé
M0537043004,REMÈDE contre LE SPLEEN (titre inscrit),henry-hennault,musée de l'image,2010.5.2264 B,340,exacte,"File:Imagerie d'Epinal. N° 340, Remède contre le spleen - estampe - btv1b69389431.jpg",Public domain,Bibliothèque nationale de France,,Wikimedia Commons,"titre retrouvé dans « Imagerie d'Epinal. N° 340, Remède contre le spleen - estampe - btv1b6938943 » ; numéro de planche 340 des deux côtés"
M0537043037,LES MÉTAMORPHOSES DE TOTO / à l'Exposition d'Anvers (titre inscrit),henry-hennault,musée de l'image,2010.5.2281 B,350,introuvable,,,,,Wikimedia Commons,aucun fichier du fonds ne porte ce titre
M0537043126,POUR UNE PETITE SOURIS ! (titre inscrit),henry-hennault,musée de l'image,2010.5.2328 B,377,introuvable,,,,,Wikimedia Commons,aucun fichier du fonds ne porte ce titre
M0537027572,"Toto’s aventuren op de wereldtentoonstelling te Antwerpen. (titre inscrit, néerl.) ; LES MÉTAMORPHOSES DE TOTO / à l'Exposition d'Anvers (titre factice)",henry-hennault,musée de l'image,990.1.2179 B ; VII B 118,118,introuvable,,,,,Wikimedia Commons,aucun fichier du fonds ne porte ce titre
M0537007874,LE CHAT & LE RENARD / Fable de la Fontaine (titre inscrit),henry-hennault,musée de l'image,D 996.1.7766 B,401,refusee,,,,,Wikimedia Commons,le musée conserve 3 notices de ce titre et de ce numéro (401) : l'exemplaire visé serait indéterminé
M0537026546,UNE ARRESTATION DE PANDORE (titre inscrit),henry-hennault,musée de l'image,2008.21.438 B,150,introuvable,,,,,Wikimedia Commons,aucun fichier du fonds ne porte ce titre
M0537007654,Le Portrait Enchanté (titre inscrit),henry-hennault,musée de l'image,D 996.1.7543 B,3066,refusee,,,,,Wikimedia Commons,le musée conserve 2 notices de ce titre et de ce numéro (3066) : l'exemplaire visé serait indéterminé
M0537007711,La MOUCHE (titre inscrit),henry-hennault,musée de l'image,D 996.1.7600 B,3150,refusee,,,,,Wikimedia Commons,titre trop court ou trop commun pour être probant
M0537026523,Le Mandarin Ka-Li-Ko (titre inscrit),henry-hennault,musée de l'image,2008.21.415 B,107,refusee,,,,,Wikimedia Commons,titre trop court ou trop commun pour être probant
M0537007690,LIPHANTES LE FOURBE (titre inscrit),henry-hennault,musée de l'image,D 996.1.7579 B,3103,introuvable,,,,,Wikimedia Commons,aucun fichier du fonds ne porte ce titre
M0537026200,LE CHAT & LE RENARD / Fable de la Fontaine (titre inscrit),henry-hennault,musée de l'image,2008.21.98 B,401,refusee,,,,,Wikimedia Commons,le musée conserve 3 notices de ce titre et de ce numéro (401) : l'exemplaire visé serait indéterminé
M0537026297,LE PLUMET de BALDAQUIN (titre inscrit),henry-hennault,musée de l'image,2008.21.193 B,126,introuvable,,,,,Wikimedia Commons,aucun fichier du fonds ne porte ce titre
M0537027578,"Remedie tegen het Spleen. (titre inscrit, néerl.) ; Remède contre le spleen (titre traduit)",henry-hennault,musée de l'image,990.1.2185 B ; VII B 124,124,introuvable,,,,,Wikimedia Commons,aucun fichier du fonds ne porte ce titre
M0537007689,LE FILLEUL du CHEVALIER : (titre inscrit),henry-hennault,musée de l'image,D 996.1.7578 B,3102,introuvable,,,,,Wikimedia Commons,aucun fichier du fonds ne porte ce titre
M0537007673,JEAN LE BOSSU (titre inscrit),henry-hennault,musée de l'image,D 996.1.7562 B,3081,introuvable,,,,,Wikimedia Commons,aucun fichier du fonds ne porte ce titre
M0537007653,Le Portrait Enchanté (titre inscrit),henry-hennault,musée de l'image,D 996.1.7542 B,3066,refusee,,,,,Wikimedia Commons,le musée conserve 2 notices de ce titre et de ce numéro (3066) : l'exemplaire visé serait indéterminé
M0537043137,AVENTURES DE DEUX PETITS MOINEAUX (titre inscrit),henry-hennault,musée de l'image,2010.5.2336 B,381,introuvable,,,,,Wikimedia Commons,aucun fichier du fonds ne porte ce titre
M0537026201,LE CHAT & LE RENARD / Fable de la Fontaine (titre inscrit),henry-hennault,musée de l'image,2008.21.99 B,401,refusee,,,,,Wikimedia Commons,le musée conserve 3 notices de ce titre et de ce numéro (401) : l'exemplaire visé serait indéterminé
M0537027580,"DE HEMDEN VAN MARKIES DE CALIBRAN. (titre inscrit, néerl.) ; Les chemises du marquis de Calibran (titre traduit)",henry-hennault,musée de l'image,990.1.2187 B ; VII B 126,126,introuvable,,,,,Wikimedia Commons,aucun fichier du fonds ne porte ce titre
M0537007577,Le Coq et le Chat / fable par *** (titre inscrit),henry-hennault,musée de l'image,D 996.1.7466 B,3004,introuvable,,,,,Wikimedia Commons,aucun fichier du fonds ne porte ce titre
M0537026533,LECTURE & POT-AU-FEU (titre inscrit),henry-hennault,musée de l'image,2008.21.425 B,122,exacte,"File:Série aux armes d'Epinal. N° 122, Histoires & scènes humoristiques, contes moraux, merveilleux. Lecture & pot-au-feu - estampe - btv1b69388109.jpg",Public domain,Bibliothèque nationale de France,,Wikimedia Commons,"titre retrouvé dans « Série aux armes d'Epinal. N° 122, Histoires & scènes humoristiques, contes  » ; numéro de planche 122 des deux côtés"
M0537026534,PIERROT & LA LUNE / (Fin du “Clair de la Lune”) (titre inscrit),henry-hennault,musée de l'image,2008.21.426 B,123,refusee,,,,,Wikimedia Commons,le musée conserve 2 notices de ce titre et de ce numéro (123) : l'exemplaire visé serait indéterminé
M0537027911,PIERROT & LA LUNE / (Fin du “Clair de la Lune”) (titre inscrit),henry-hennault,musée de l'image,990.1.2431 B ; IX B 18,123,refusee,,,,,Wikimedia Commons,le musée conserve 2 notices de ce titre et de ce numéro (123) : l'exemplaire visé serait indéterminé
M0537053601,"SAINT HUBERT, / PATRON DES CHASSEURS ET DES ARDENNES. 44 (titre inscrit)",joseph-hussenot,musée de l'image,2010.5.14136 B,,introuvable,,,,,Wikimedia Commons,aucun fichier du fonds ne porte ce titre
M0537053634,SAINTE BARBE / VIERGE ET MARTYRE. / 99 (titre inscrit),joseph-hussenot,musée de l'image,2010.5.14169 B,,introuvable,,,,,Wikimedia Commons,aucun fichier du fonds ne porte ce titre
M0537036443,PROCESSION DE LA STE. VIERGE. (titre inscrit),joseph-hussenot,musée de l'image,2010.5.4745 B,,introuvable,,,,,Wikimedia Commons,aucun fichier du fonds ne porte ce titre
M0537055075,JOLIETTE. 424 (titre inscrit),joseph-hussenot,musée de l'image,2010.5.15611 B,,introuvable,,,,,Wikimedia Commons,aucun fichier du fonds ne porte ce titre
M0537055026,FRA-DIAVOLO-LE BANDIT. 175 (titre inscrit),joseph-hussenot,musée de l'image,2010.5.15562 B,,introuvable,,,,,Wikimedia Commons,aucun fichier du fonds ne porte ce titre
M0537070350,"STE. CLAIRE 204 (titre inscrit fr., esp., all.)",joseph-hussenot,musée de l'image,2019.1.114 A,,introuvable,,,,,Wikimedia Commons,aucun fichier du fonds ne porte ce titre
M0537055042,GRAND CARNAVAL DE PARIS. N. 234. (titre inscrit),joseph-hussenot,musée de l'image,2010.5.15578 B,,introuvable,,,,,Wikimedia Commons,aucun fichier du fonds ne porte ce titre
M0537053557,INTÉRIEUR / DE NAZARETH. 59 (titre inscrit),joseph-hussenot,musée de l'image,2010.5.14091 B,,introuvable,,,,,Wikimedia Commons,aucun fichier du fonds ne porte ce titre
M0537070299,SAINT ROCH (COMPLAINTE). MALGRÉ LA BATAILLE. 488 (titre inscrit),joseph-hussenot,musée de l'image,2019.1.63 B,,introuvable,,,,,Wikimedia Commons,aucun fichier du fonds ne porte ce titre
M0537053286,"SAINT JOSEPH, / ÉPOUX DE LA VIERGE MARIE. / 43 (titre inscrit) (fr., esp)",joseph-hussenot,musée de l'image,2010.5.13820 C,,introuvable,,,,,Wikimedia Commons,aucun fichier du fonds ne porte ce titre
M0537054761,LA MEUNIÈRE. 106 (titre inscrit),joseph-hussenot,musée de l'image,2010.5.15296 A,,introuvable,,,,,Wikimedia Commons,aucun fichier du fonds ne porte ce titre
M0537044367,LES AGES DE LA VIE HUMAINE. 563 (titre inscrit),joseph-hussenot,musée de l'image,2010.5.6839 B,,introuvable,,,,,Wikimedia Commons,aucun fichier du fonds ne porte ce titre
M0537054754,Monsieur et Madame DENIS. 307 (titre inscrit),joseph-hussenot,musée de l'image,2010.5.15289 A,,introuvable,,,,,Wikimedia Commons,aucun fichier du fonds ne porte ce titre
M0537054769,"IL PLEUT, BERGÈRE. 309. (titre inscrit)",joseph-hussenot,musée de l'image,2010.5.15304 A,,introuvable,,,,,Wikimedia Commons,aucun fichier du fonds ne porte ce titre
M0537054753,Monsieur et Madame DENIS. 107 (titre inscrit),joseph-hussenot,musée de l'image,2010.5.15288 A,,introuvable,,,,,Wikimedia Commons,aucun fichier du fonds ne porte ce titre
M0537029902,LA MEUNIERE. 491 (titre inscrit),joseph-hussenot,musée de l'image,D 996.1.8413 B,,introuvable,,,,,Wikimedia Commons,aucun fichier du fonds ne porte ce titre
M0537054701,"L'AVARICE.  / 1. (titre inscrit, fr., all.)",joseph-hussenot,musée de l'image,2010.5.15237 A,,refusee,,,,,Wikimedia Commons,titre trop court ou trop commun pour être probant
M0537054832,JÉRUSALEM DÉLIVRÉE. Scènes de Chevalerie. (titre inscrit),joseph-hussenot,musée de l'image,2010.5.15367 B,,introuvable,,,,,Wikimedia Commons,aucun fichier du fonds ne porte ce titre
M0537055394,HISTOIRE DE CHARLES. 2 (titre inscrit),joseph-hussenot,musée de l'image,2010.5.15930 B,,introuvable,,,,,Wikimedia Commons,aucun fichier du fonds ne porte ce titre
M0537053467,SAINTS DIVERS. 13 (titre inscrit) ; planche de sainetés (titre factice),joseph-hussenot,musée de l'image,2010.5.14001 B,,refusee,,,,,Wikimedia Commons,le musée conserve 2 notices de ce titre sans numéro de planche : l'exemplaire visé serait indéterminé
M0537053468,SAINTS DIVERS. 13 (titre inscrit) ; planche de sainetés (titre factice),joseph-hussenot,musée de l'image,2010.5.14002 B,,refusee,,,,,Wikimedia Commons,le musée conserve 2 notices de ce titre sans numéro de planche : l'exemplaire visé serait indéterminé
M0537008550,MONSIEUR ET MADAME DENIS. 439 (titre inscrit),joseph-hussenot,musée de l'image,D 996.1.8418 B,,introuvable,,,,,Wikimedia Commons,aucun fichier du fonds ne porte ce titre
M0537054784,LE RENARD ET LES RAISINS. 519 (titre inscrit),joseph-hussenot,musée de l'image,2010.5.15319 B,,introuvable,,,,,Wikimedia Commons,aucun fichier du fonds ne porte ce titre
M0537001338,JEU DE MARELLE FRANCO - BRITANNIQUE N° 1709 (titre inscrit),louis-morinet,musée de l'image,D 996.1.1253 B,30,refusee,,,,,Wikimedia Commons,le musée conserve 2 notices de ce titre et de ce numéro (30) : l'exemplaire visé serait indéterminé
M0537003059,Les 'PEPERES' ... En PERMISSION (titre inscrit),louis-morinet,musée de l'image,D 996.1.2970 B,152,refusee,,,,,Wikimedia Commons,le musée conserve 2 notices de ce titre et de ce numéro (152) : l'exemplaire visé serait indéterminé
M0537002211,INFANTERIE FRANÇAISE / EN AVANT ! ... CHARGEZ ! (titre inscrit),louis-morinet,musée de l'image,D 996.1.2123 B,150,refusee,,,,,Wikimedia Commons,le musée conserve 3 notices de ce titre et de ce numéro (150) : l'exemplaire visé serait indéterminé
M0537002273,INFANTERIE FRANÇAISE / SE PROTÉGEANT CONTRE GAZ SUFFOCANTS ET ASPHYXIANTS  (titre inscrit),louis-morinet,musée de l'image,D 996.1.2185 B,214,refusee,,,,,Wikimedia Commons,le musée conserve 2 notices de ce titre et de ce numéro (214) : l'exemplaire visé serait indéterminé
M0537002158,APPRENTIS SOLDATS / Les ÉCLAIREURS de FRANCE 'BOY=SCOUTS' (titre inscrit),louis-morinet,musée de l'image,D 996.1.2070 B,98,refusee,,,,,Wikimedia Commons,le musée conserve 3 notices de ce titre et de ce numéro (98) : l'exemplaire visé serait indéterminé
M0537002150,LA 'NOUBA' MUSIQUE INDIGÈNE DES TIRAILLEURS ALGÉRIENS (titre inscrit),louis-morinet,musée de l'image,D 996.1.2062 B,83,refusee,,,,,Wikimedia Commons,le musée conserve 3 notices de ce titre et de ce numéro (83) : l'exemplaire visé serait indéterminé
M0537004353,LES PETITS POILUS DE LA CLASSE 1935 / (ASPECT SIMPLE) (titre inscrit),louis-morinet,musée de l'image,D 996.1.4201 B,3,refusee,,,,,Wikimedia Commons,le musée conserve 2 notices de ce titre et de ce numéro (3) : l'exemplaire visé serait indéterminé
M0537015574,LE DOMINO / DES ALLIÉS (titre inscrit),louis-morinet,musée de l'image,2001.3.81 B,4,refusee,,,,,Wikimedia Commons,le musée conserve 3 notices de ce titre et de ce numéro (4) : l'exemplaire visé serait indéterminé
M0537014792,AUTOUR D'UN POSTE DE SECOURS / AMÉRICAIN (titre inscrit),louis-morinet,musée de l'image,2002.1.16 B,774,refusee,,,,,Wikimedia Commons,le musée conserve 6 notices de ce titre et de ce numéro (774) : l'exemplaire visé serait indéterminé
M0537004341,LES GAZ ASPHYXIANTS (titre inscrit),louis-morinet,musée de l'image,D 996.1.4189 B,11,refusee,,,,,Wikimedia Commons,le musée conserve 3 notices de ce titre et de ce numéro (11) : l'exemplaire visé serait indéterminé
M0537002213,La RELÈVE ou POILUS Retour des TRANCHÉES (titre inscrit),louis-morinet,musée de l'image,D 996.1.2125 B,153,refusee,,,,,Wikimedia Commons,le musée conserve 2 notices de ce titre et de ce numéro (153) : l'exemplaire visé serait indéterminé
M0537002451,"- GUERRE DE 1914 - CONTINGENTS HINDOUS / qui ont pris part, dans les Corps Anglais, aux combats du Nord (titre inscrit)",louis-morinet,musée de l'image,D 996.1.2363 B,599,refusee,,,,,Wikimedia Commons,le musée conserve 3 notices de ce titre et de ce numéro (599) : l'exemplaire visé serait indéterminé
M0537004336,LE KRONPRINZ / LE PANTIN / BOCHE (titre inscrit),louis-morinet,musée de l'image,D 996.1.4184 B,8,refusee,,,,,Wikimedia Commons,le musée conserve 4 notices de ce titre et de ce numéro (8) : l'exemplaire visé serait indéterminé
M0537004496,LE CARROUSEL DES PETITS ALLIÉS (titre inscrit),louis-morinet,musée de l'image,D 996.1.4349 B,10,refusee,,,,,Wikimedia Commons,le musée conserve 3 notices de ce titre et de ce numéro (10) : l'exemplaire visé serait indéterminé
M0537004516,Le POILU-TYPE (titre inscrit),louis-morinet,musée de l'image,D 996.1.4369 B,17,refusee,,,,,Wikimedia Commons,le musée conserve 2 notices de ce titre et de ce numéro (17) : l'exemplaire visé serait indéterminé
M0537004348,POUPÉES à HABILLER / - COSTUMES DES ALLIÉS de la GRANDE GUERRE -. (titre inscrit),louis-morinet,musée de l'image,D 996.1.4196 B,33,refusee,,,,,Wikimedia Commons,le musée conserve 3 notices de ce titre et de ce numéro (33) : l'exemplaire visé serait indéterminé
M0537004505,La 5me Arme : PARC D'AVIATION (titre inscrit),louis-morinet,musée de l'image,D 996.1.4358 B,20,introuvable,,,,,Wikimedia Commons,aucun fichier du fonds ne porte ce titre
M0537007768,TABLEAUX HUMORISTIQUES / à animer à l'aide des doigts (titre inscrit),louis-morinet,musée de l'image,D 996.1.7658 B,5,refusee,,,,,Wikimedia Commons,le musée conserve 3 notices de ce titre et de ce numéro (5) : l'exemplaire visé serait indéterminé
M0537004355,PRÉPARATION MILITAIRE Les Eclaireurs de France / 'BOY-SCOUTS' (titre inscrit),louis-morinet,musée de l'image,D 996.1.4203 B,5,refusee,,,,,Wikimedia Commons,le musée conserve 2 notices de ce titre et de ce numéro (5) : l'exemplaire visé serait indéterminé
M0537004328,LA MAISON DU PASSEUR / MODESTE DEMEURE / DÉSORMAIS CÉLÈBRE (titre inscrit),louis-morinet,musée de l'image,D 996.1.4176 B,3,refusee,,,,,Wikimedia Commons,le musée conserve 3 notices de ce titre et de ce numéro (3) : l'exemplaire visé serait indéterminé
M0537004352,CAMBRIOLAGE MILITAIRE / LES DÉMÉNAGEURS (ASPECT SIMPLE) (titre inscrit),louis-morinet,musée de l'image,D 996.1.4200 B,2,refusee,,,,,Wikimedia Commons,le musée conserve 2 notices de ce titre et de ce numéro (2) : l'exemplaire visé serait indéterminé
M0537004501,SON VIEUX BON DIEU EN 5 PERSONNES / A BASCULE ou plutôt à ... BOUSCULE ! ... Ainsi soit-il ! (titre inscrit),louis-morinet,musée de l'image,D 996.1.4354 B,16,refusee,,,,,Wikimedia Commons,le musée conserve 2 notices de ce titre et de ce numéro (16) : l'exemplaire visé serait indéterminé
M0537004344,A L'ÉTAT-MAJOR DU GÉNÉRAL JOFFRE (titre inscrit),louis-morinet,musée de l'image,D 996.1.4192 B,13,refusee,,,,,Wikimedia Commons,le musée conserve 2 notices de ce titre et de ce numéro (13) : l'exemplaire visé serait indéterminé
M0537004357,LES 'PÉPÈRES' EN PERMISSION (titre inscrit),louis-morinet,musée de l'image,D 996.1.4205 B,8,introuvable,,,,,Wikimedia Commons,aucun fichier du fonds ne porte ce titre
M0537004495,LE CARROUSEL DES PETITS ALLIÉS (titre inscrit),louis-morinet,musée de l'image,D 996.1.4348 B,10,refusee,,,,,Wikimedia Commons,le musée conserve 3 notices de ce titre et de ce numéro (10) : l'exemplaire visé serait indéterminé
M0537004349,POUPÉES à HABILLER / - COSTUMES NATIONAUX / LES PLUS CARACTÉRISTIQUES des FEMMES des PAYS ALLIÉS - (titre inscrit),louis-morinet,musée de l'image,D 996.1.4197 B,34,refusee,,,,,Wikimedia Commons,le musée conserve 2 notices de ce titre et de ce numéro (34) : l'exemplaire visé serait indéterminé
M0537004494,Notre MERVEILLEUX 75 : La Terreur des Boches (titre inscrit),louis-morinet,musée de l'image,D 996.1.4347 B,9,refusee,,,,,Wikimedia Commons,le musée conserve 2 notices de ce titre et de ce numéro (9) : l'exemplaire visé serait indéterminé
M0537004503,VERS LA VICTOIRE / EN AVANT ... EN AVANT !!! (titre inscrit),louis-morinet,musée de l'image,D 996.1.4356 B,18,refusee,,,,,Wikimedia Commons,le musée conserve 2 notices de ce titre et de ce numéro (18) : l'exemplaire visé serait indéterminé
M0537004346,BARAQUEMENTS ANGLAIS / A L'ARRIÈRE DU FRONT (titre inscrit),louis-morinet,musée de l'image,D 996.1.4194 B,15,refusee,,,,,Wikimedia Commons,le musée conserve 2 notices de ce titre et de ce numéro (15) : l'exemplaire visé serait indéterminé
M0537004506,PRÉPARATION MILITAIRE LES ÉCLAIREURS DE FRANCE / 'BOY-SCOUTS' (titre inscrit),louis-morinet,musée de l'image,D 996.1.4359 B,21,introuvable,,,,,Wikimedia Commons,aucun fichier du fonds ne porte ce titre
M0537017526,LE KRONPRINZ / LE PANTIN / BOCHE (titre inscrit),louis-morinet,musée de l'image,990.1.1056 B ; V / 158,8,refusee,,,,,Wikimedia Commons,le musée conserve 4 notices de ce titre et de ce numéro (8) : l'exemplaire visé serait indéterminé
M0537014975,LES AMÉRICAINS EN FRANCE / UN CAMP D'INSTRUCTION (titre inscrit),louis-morinet,musée de l'image,2002.14.27 B,9,introuvable,,,,,Wikimedia Commons,aucun fichier du fonds ne porte ce titre
M0537004499,UNE AMBULANCE SUR LE FRONT (titre inscrit),louis-morinet,musée de l'image,D 996.1.4352 B,14,refusee,,,,,Wikimedia Commons,le musée conserve 2 notices de ce titre et de ce numéro (14) : l'exemplaire visé serait indéterminé
M0537004340,LES GAZ ASPHYXIANTS (titre inscrit),louis-morinet,musée de l'image,D 996.1.4188 B,11,refusee,,,,,Wikimedia Commons,le musée conserve 3 notices de ce titre et de ce numéro (11) : l'exemplaire visé serait indéterminé
M0537004356,POILUS RETOUR DES TRANCHÉES (titre inscrit),louis-morinet,musée de l'image,D 996.1.4204 B,6,introuvable,,,,,Wikimedia Commons,aucun fichier du fonds ne porte ce titre
M0537004509,LE BOUQUET NATIONAL / Les Costumes de Melle Lili (titre inscrit),louis-morinet,musée de l'image,D 996.1.4362 B,86,refusee,,,,,Wikimedia Commons,le musée conserve 3 notices de ce titre et de ce numéro (86) : l'exemplaire visé serait indéterminé
M0537004507,NOS BRAVES FUSILIERS MARINS en Belgique (titre inscrit),louis-morinet,musée de l'image,D 996.1.4360 B,22,introuvable,,,,,Wikimedia Commons,aucun fichier du fonds ne porte ce titre
M0537016774,INFANTERIE / AMÉRICAINE DANS UN / CAMP D'INSTRUCTION (titre inscrit),louis-morinet,musée de l'image,2005.8.10 B,773,refusee,,,,,Wikimedia Commons,le musée conserve 3 notices de ce titre et de ce numéro (773) : l'exemplaire visé serait indéterminé
M0537004411,MES PETITS POUSSINS DEVIENDRONT COQS (titre inscrit),louis-morinet,musée de l'image,D 996.1.4259 B,2100,refusee,,,,,Wikimedia Commons,le musée conserve 2 notices de ce titre et de ce numéro (2100) : l'exemplaire visé serait indéterminé
M0537004333,LE  DÉLASSEMENT DES TRANCHÉES / ET LE DIVERTISSEMENT DES PETITS POILUS DES / DEUX SEXES / CARTES & TRANSFORMATIONS / faites pour exécuter un tour de prestidigitation (titre inscrit),louis-morinet,musée de l'image,D 996.1.4181 B,6,refusee,,,,,Wikimedia Commons,le musée conserve 2 notices de ce titre et de ce numéro (6) : l'exemplaire visé serait indéterminé
M0537003989,La GARDE du DRAPEAU (titre inscrit),louis-morinet,musée de l'image,D 996.1.3824 B,40,refusee,,,,,Wikimedia Commons,le musée conserve 2 notices de ce titre et de ce numéro (40) : l'exemplaire visé serait indéterminé
M0537017525,LES MARIONNETTES / DU PANTIN (titre inscrit),louis-morinet,musée de l'image,990.1.1055 B ; V / 157,7,refusee,,,,,Wikimedia Commons,le musée conserve 3 notices de ce titre et de ce numéro (7) : l'exemplaire visé serait indéterminé
M0537004508,TÊTES DE BOCHES (titre inscrit),louis-morinet,musée de l'image,D 996.1.4361 B,23,refusee,,,,,Wikimedia Commons,le musée conserve 2 notices de ce titre et de ce numéro (23) : l'exemplaire visé serait indéterminé
M0537004504,L'HÉROIQUE PEUPLE SERBE / défendant pied à pied le sol national. (titre inscrit),louis-morinet,musée de l'image,D 996.1.4357 B,19,introuvable,,,,,Wikimedia Commons,aucun fichier du fonds ne porte ce titre
M0537004327,MESSE CÉLÉBRÉE SUR LE FRONT (titre inscrit),louis-morinet,musée de l'image,D 996.1.4175 B,2,refusee,,,,,Wikimedia Commons,le musée conserve 2 notices de ce titre et de ce numéro (2) : l'exemplaire visé serait indéterminé
M0537004497,UNE ATTAQUE A LA BAïONNETTE (titre inscrit),louis-morinet,musée de l'image,D 996.1.4350 B,12,refusee,,,,,Wikimedia Commons,le musée conserve 2 notices de ce titre et de ce numéro (12) : l'exemplaire visé serait indéterminé
M0537004345,LA MORT DU CLAIRON (titre inscrit),louis-morinet,musée de l'image,D 996.1.4193 B,14,introuvable,,,,,Wikimedia Commons,aucun fichier du fonds ne porte ce titre
M0537004337,LE KRONPRINZ / LE PANTIN / BOCHE (titre inscrit),louis-morinet,musée de l'image,D 996.1.4185 B,8,refusee,,,,,Wikimedia Commons,le musée conserve 4 notices de ce titre et de ce numéro (8) : l'exemplaire visé serait indéterminé
M0537004398,LA GARDE DU DRAPEAU (titre inscrit),louis-morinet,musée de l'image,D 996.1.4246 B,2039,introuvable,,,,,Wikimedia Commons,aucun fichier du fonds ne porte ce titre
M0537004493,UNE REVUE SUR LE FRONT OÙ LE GÉNÉRAL JOFFRE REMET DES DÉCORATIONS / DEVANT LE PRÉSIDENT DE LA RÉPUBLIQUE ET LE MINISTRE DE LA GUERRE (titre inscrit),louis-morinet,musée de l'image,D 996.1.4346 B,8,refusee,,,,,Wikimedia Commons,le musée conserve 2 notices de ce titre et de ce numéro (8) : l'exemplaire visé serait indéterminé
M0537004385,TYPES DIVERS DE GLORIEUX POILUS (titre inscrit),louis-morinet,musée de l'image,D 996.1.4233 B,2035,introuvable,,,,,Wikimedia Commons,aucun fichier du fonds ne porte ce titre
M0537004334,LES MARIONNETTES / DU PANTIN (titre inscrit),louis-morinet,musée de l'image,D 996.1.4182 B,7,refusee,,,,,Wikimedia Commons,le musée conserve 3 notices de ce titre et de ce numéro (7) : l'exemplaire visé serait indéterminé
M0537004502,VERS LA VICTOIRE / EN AVANT ... EN AVANT !!! (titre inscrit),louis-morinet,musée de l'image,D 996.1.4355 B,18,refusee,,,,,Wikimedia Commons,le musée conserve 2 notices de ce titre et de ce numéro (18) : l'exemplaire visé serait indéterminé
M0537004330,UN CAMP HINDOU (titre inscrit),louis-morinet,musée de l'image,D 996.1.4178 B,4,refusee,,,,,Wikimedia Commons,le musée conserve 2 notices de ce titre et de ce numéro (4) : l'exemplaire visé serait indéterminé
M0537004498,NOS POILUS DANS LA FORÊT D'ARGONNE (titre inscrit),louis-morinet,musée de l'image,D 996.1.4351 B,13,refusee,,,,,Wikimedia Commons,le musée conserve 2 notices de ce titre et de ce numéro (13) : l'exemplaire visé serait indéterminé
M0537004338,KAMERAD ! (titre inscrit),louis-morinet,musée de l'image,D 996.1.4186 B,9,refusee,,,,,Wikimedia Commons,titre trop court ou trop commun pour être probant
M0537004335,LES MARIONNETTES / DU PANTIN (titre inscrit),louis-morinet,musée de l'image,D 996.1.4183 B,7,refusee,,,,,Wikimedia Commons,le musée conserve 3 notices de ce titre et de ce numéro (7) : l'exemplaire visé serait indéterminé
M0537004332,LE  DÉLASSEMENT DES TRANCHÉES / ET LE DIVERTISSEMENT DES PETITS POILUS DES / DEUX SEXES / CARTES & TRANSFORMATIONS / faites pour exécuter un tour de prestidigitation (titre inscrit),louis-morinet,musée de l'image,D 996.1.4180 B,6,refusee,,,,,Wikimedia Commons,le musée conserve 2 notices de ce titre et de ce numéro (6) : l'exemplaire visé serait indéterminé
M0537031930,Les 'PEPERES' ... En PERMISSION (titre inscrit),louis-morinet,musée de l'image,2010.5.212 B,152,refusee,,,,,Wikimedia Commons,le musée conserve 2 notices de ce titre et de ce numéro (152) : l'exemplaire visé serait indéterminé
M0537004331,TABLEAUX HUMORISTIQUES / à animer à l'aide des doigts (titre inscrit),louis-morinet,musée de l'image,D 996.1.4179 B,5,refusee,,,,,Wikimedia Commons,le musée conserve 3 notices de ce titre et de ce numéro (5) : l'exemplaire visé serait indéterminé
M0537029880,APPRENTIS SOLDATS / Les ÉCLAIREURS de FRANCE 'BOY=SCOUTS' (titre inscrit),louis-morinet,musée de l'image,2010.5.117 B,98,refusee,,,,,Wikimedia Commons,le musée conserve 3 notices de ce titre et de ce numéro (98) : l'exemplaire visé serait indéterminé
M0537004500,UNE SALLE D'AMBULANCE / DE LA CROIX-ROUGE : (titre inscrit),louis-morinet,musée de l'image,D 996.1.4353 B,15,refusee,,,,,Wikimedia Commons,le musée conserve 3 notices de ce titre et de ce numéro (15) : l'exemplaire visé serait indéterminé
M0537004354,CHARGE DE COSAQUES / TERREUR DES BOCHES / ASPECT SIMPLE (titre inscrit),louis-morinet,musée de l'image,D 996.1.4202 B,4,refusee,,,,,Wikimedia Commons,le musée conserve 2 notices de ce titre et de ce numéro (4) : l'exemplaire visé serait indéterminé
M0537029854,LA 'NOUBA' MUSIQUE INDIGÈNE DES TIRAILLEURS ALGÉRIENS (titre inscrit),louis-morinet,musée de l'image,2010.5.95 B,83,refusee,,,,,Wikimedia Commons,le musée conserve 3 notices de ce titre et de ce numéro (83) : l'exemplaire visé serait indéterminé
M0537004412,GRAINES DE POILUS (titre inscrit),louis-morinet,musée de l'image,D 996.1.4260 B,2101,refusee,,,,,Wikimedia Commons,le musée conserve 2 notices de ce titre et de ce numéro (2101) : l'exemplaire visé serait indéterminé
M0537014793,POUPÉES à HABILLER / - COSTUMES DES ALLIÉS de la GRANDE GUERRE -. (titre inscrit),louis-morinet,musée de l'image,2002.1.17 B,33,refusee,,,,,Wikimedia Commons,le musée conserve 3 notices de ce titre et de ce numéro (33) : l'exemplaire visé serait indéterminé
M0537004329,LA MAISON DU PASSEUR / MODESTE DEMEURE / DÉSORMAIS CÉLÈBRE (titre inscrit),louis-morinet,musée de l'image,D 996.1.4177 B,3,refusee,,,,,Wikimedia Commons,le musée conserve 3 notices de ce titre et de ce numéro (3) : l'exemplaire visé serait indéterminé
M0537038764,AUTOUR D'UN POSTE DE SECOURS / AMÉRICAIN (titre inscrit),louis-morinet,musée de l'image,2010.5.5258 B,774,refusee,,,,,Wikimedia Commons,le musée conserve 6 notices de ce titre et de ce numéro (774) : l'exemplaire visé serait indéterminé
M0537022523,INFANTERIE FRANÇAISE / EN AVANT ! ... CHARGEZ !(titre inscrit),louis-morinet,musée de l'image,2006.16.29 B,150,refusee,,,,,Wikimedia Commons,le musée conserve 3 notices de ce titre et de ce numéro (150) : l'exemplaire visé serait indéterminé
M0537038763,INFANTERIE / AMÉRICAINE DANS UN / CAMP D'INSTRUCTION (titre inscrit),louis-morinet,musée de l'image,2010.5.5257 B,773,refusee,,,,,Wikimedia Commons,le musée conserve 3 notices de ce titre et de ce numéro (773) : l'exemplaire visé serait indéterminé
M0537031926,INFANTERIE FRANÇAISE EN AVANT ! ... CHARGEZ !(titre inscrit),louis-morinet,musée de l'image,2010.5.208 B,150,refusee,,,,,Wikimedia Commons,le musée conserve 3 notices de ce titre et de ce numéro (150) : l'exemplaire visé serait indéterminé
M0537026780,JEU DE MARELLE FRANCO - BRITANNIQUE N° 1709 (titre inscrit),louis-morinet,musée de l'image,990.1.842 B ; VI / 320,30,refusee,,,,,Wikimedia Commons,le musée conserve 2 notices de ce titre et de ce numéro (30) : l'exemplaire visé serait indéterminé
M0537029853,LA 'NOUBA' MUSIQUE INDIGÈNE DES TIRAILLEURS ALGÉRIENS (titre inscrit),louis-morinet,musée de l'image,2010.5.94 B,83,refusee,,,,,Wikimedia Commons,le musée conserve 3 notices de ce titre et de ce numéro (83) : l'exemplaire visé serait indéterminé
M0537029813,LA GARDE DU DRAPEAU (titre inscrit),louis-morinet,musée de l'image,2010.5.57 B,40,refusee,,,,,Wikimedia Commons,le musée conserve 2 notices de ce titre et de ce numéro (40) : l'exemplaire visé serait indéterminé
M0537022593,AUTOUR D'UN POSTE DE SECOURS / AMÉRICAIN (titre inscrit),louis-morinet,musée de l'image,2006.16.98 B,774,refusee,,,,,Wikimedia Commons,le musée conserve 6 notices de ce titre et de ce numéro (774) : l'exemplaire visé serait indéterminé
M0537028318,LE LOTO NATIONAL / 1914 - DANS LA GRANDE GUERRE - 1918 / DE GRANDS CHEFS FRANCAIS (titre inscrit),louis-morinet,musée de l'image,990.1.864 C ; IV JB / 15,1718,refusee,,,,,Wikimedia Commons,le musée conserve 2 notices de ce titre et de ce numéro (1718) : l'exemplaire visé serait indéterminé
M0537029879,APPRENTIS SOLDATS / Les ÉCLAIREURS de FRANCE 'BOY=SCOUTS' (titre inscrit),louis-morinet,musée de l'image,2010.5.116 B,98,refusee,,,,,Wikimedia Commons,le musée conserve 3 notices de ce titre et de ce numéro (98) : l'exemplaire visé serait indéterminé
M0537038755,ARRIVÉE DES AMÉRICAINS / EN FRANCE / HYMNE NATIONAL & ARMÉS / DES ÉTATS-UNIS (titre inscrit),louis-morinet,musée de l'image,2010.5.5254 B,769,refusee,,,,,Wikimedia Commons,le musée conserve 2 notices de ce titre et de ce numéro (769) : l'exemplaire visé serait indéterminé
M0537031667,"MES PETITS POUSSINS DEVIENDRONT COQS (titre inscrit, fr.)",louis-morinet,musée de l'image,2010.5.5539 B,2100,refusee,,,,,Wikimedia Commons,le musée conserve 2 notices de ce titre et de ce numéro (2100) : l'exemplaire visé serait indéterminé
M0537026421,"- GUERRE DE 1914 - CONTINGENTS HINDOUS / qui ont pris part, dans les Corps Anglais, aux combats du Nord (titre inscrit)",louis-morinet,musée de l'image,2008.21.314 B,599,refusee,,,,,Wikimedia Commons,le musée conserve 3 notices de ce titre et de ce numéro (599) : l'exemplaire visé serait indéterminé
M0537039154,LE  DÉLASSEMENT DES TRANCHÉES / ET LE DIVERTISSEMENT DES PETITS POILUS DES / DEUX SEXES / CARTES À TRANSFORMATIONS / faites pour exécuter un tour de prestidigitation (titre inscrit),louis-morinet,musée de l'image,2010.5.5456 B,6,introuvable,,,,,Wikimedia Commons,aucun fichier du fonds ne porte ce titre
M0537039195,LA MAISON DU PASSEUR (titre inscrit),louis-morinet,musée de l'image,2010.5.5496 B,28,introuvable,,,,,Wikimedia Commons,aucun fichier du fonds ne porte ce titre
M0537031932,La RELÈVE ou POILUS Retour des TRANCHÉES (titre inscrit),louis-morinet,musée de l'image,2010.5.213 B,153,refusee,,,,,Wikimedia Commons,le musée conserve 2 notices de ce titre et de ce numéro (153) : l'exemplaire visé serait indéterminé
M0537039196,MA CANTINE / DRAPEAUX & / TENUES DE GUERRE / DE SIX DES / NATIONS ALLIÉES (titre inscrit),louis-morinet,musée de l'image,2010.5.5497 B,80,refusee,,,,,Wikimedia Commons,le musée conserve 2 notices de ce titre et de ce numéro (80) : l'exemplaire visé serait indéterminé
M0537032145,INFANTERIE FRANÇAISE / SE PROTÉGEANT CONTRE GAZ SUFFOCANTS ET ASPHYXIANTS (titre inscrit),louis-morinet,musée de l'image,2010.5.310 B,214,refusee,,,,,Wikimedia Commons,le musée conserve 2 notices de ce titre et de ce numéro (214) : l'exemplaire visé serait indéterminé
M0537039082,INFANTERIE / AMÉRICAINE DANS UN / CAMP D'INSTRUCTION (titre inscrit),louis-morinet,musée de l'image,2010.5.917 B,773,refusee,,,,,Wikimedia Commons,le musée conserve 3 notices de ce titre et de ce numéro (773) : l'exemplaire visé serait indéterminé
M0537039169,POUPÉES à HABILLER / - COSTUMES NATIONAUX / LES PLUS CARACTÉRISTIQUES des FEMMES des PAYS ALLIÉS - (titre inscrit),louis-morinet,musée de l'image,2010.5.5471 B,34,refusee,,,,,Wikimedia Commons,le musée conserve 2 notices de ce titre et de ce numéro (34) : l'exemplaire visé serait indéterminé
M0537039168,POUPÉES à HABILLER / - COSTUMES DES ALLIÉS de la GRANDE GUERRE - (titre inscrit),louis-morinet,musée de l'image,2010.5.5470 B,33,refusee,,,,,Wikimedia Commons,le musée conserve 3 notices de ce titre et de ce numéro (33) : l'exemplaire visé serait indéterminé
M0537039177,L'OISEAU DE PROIE ! (titre inscrit),louis-morinet,musée de l'image,2010.5.5479 B,2,introuvable,,,,,Wikimedia Commons,aucun fichier du fonds ne porte ce titre
M0537039173,CHARGE DE COSAQUES / TERREUR DES BOCHES / ASPECT SIMPLE (titre inscrit),louis-morinet,musée de l'image,2010.5.5475 B,4,refusee,,,,,Wikimedia Commons,le musée conserve 2 notices de ce titre et de ce numéro (4) : l'exemplaire visé serait indéterminé
M0537039179,LE DOMINO / DES ALLIÉS (titre inscrit),louis-morinet,musée de l'image,2010.5.5481 B,4,refusee,,,,,Wikimedia Commons,le musée conserve 3 notices de ce titre et de ce numéro (4) : l'exemplaire visé serait indéterminé
M0537039083,AUTOUR D'UN POSTE DE SECOURS / AMÉRICAIN (titre inscrit),louis-morinet,musée de l'image,2010.5.918 B,774,refusee,,,,,Wikimedia Commons,le musée conserve 6 notices de ce titre et de ce numéro (774) : l'exemplaire visé serait indéterminé
M0537039197,LE BOUQUET NATIONAL / Les Costumes de Melle Lili (titre inscrit),louis-morinet,musée de l'image,2010.5.5498 B,86,refusee,,,,,Wikimedia Commons,le musée conserve 3 notices de ce titre et de ce numéro (86) : l'exemplaire visé serait indéterminé
M0537039188,NOS POILUS DANS LA FORÊT D'ARGONNE (titre inscrit),louis-morinet,musée de l'image,2010.5.5489 B,13,refusee,,,,,Wikimedia Commons,le musée conserve 2 notices de ce titre et de ce numéro (13) : l'exemplaire visé serait indéterminé
M0537039185,Notre MERVEILLEUX 75 : La Terreur des Boches (titre inscrit),louis-morinet,musée de l'image,2010.5.5486 B,9,refusee,,,,,Wikimedia Commons,le musée conserve 2 notices de ce titre et de ce numéro (9) : l'exemplaire visé serait indéterminé
M0537039149,MESSE CÉLÉBRÉE SUR LE FRONT (titre inscrit),louis-morinet,musée de l'image,2010.5.5452 B,2,refusee,,,,,Wikimedia Commons,le musée conserve 2 notices de ce titre et de ce numéro (2) : l'exemplaire visé serait indéterminé
M0537039163,CUISINES ROULANTES : HALTE-DÉJEUNER (titre inscrit),louis-morinet,musée de l'image,2010.5.5465 B,17,introuvable,,,,,Wikimedia Commons,aucun fichier du fonds ne porte ce titre
M0537039148,LES ZEPPELINS SUR PARIS (titre inscrit),louis-morinet,musée de l'image,2010.5.5451 B,1,introuvable,,,,,Wikimedia Commons,aucun fichier du fonds ne porte ce titre
M0537039174,PRÉPARATION MILITAIRE Les Eclaireurs de France / 'BOY-SCOUTS' (titre inscrit),louis-morinet,musée de l'image,2010.5.5476 B,5,refusee,,,,,Wikimedia Commons,le musée conserve 2 notices de ce titre et de ce numéro (5) : l'exemplaire visé serait indéterminé
M0537039183,ITALIENS BERSAGLIERS / ET CHASSEURS ALPINS COMBATTANT DANS LE TRENTIN (titre inscrit),louis-morinet,musée de l'image,2010.5.5484 B,7,introuvable,,,,,Wikimedia Commons,aucun fichier du fonds ne porte ce titre
M0537039085,AUTOUR D'UN POSTE DE SECOURS / AMÉRICAIN (titre inscrit),louis-morinet,musée de l'image,2010.5.920 B,774,refusee,,,,,Wikimedia Commons,le musée conserve 6 notices de ce titre et de ce numéro (774) : l'exemplaire visé serait indéterminé
M0537039175,CONVOI DE PRISONNIERS BOCHES (titre inscrit),louis-morinet,musée de l'image,2010.5.5477 B,7,introuvable,,,,,Wikimedia Commons,aucun fichier du fonds ne porte ce titre
M0537039151,UN CAMP HINDOU (titre inscrit),louis-morinet,musée de l'image,2010.5.5454 B,4,refusee,,,,,Wikimedia Commons,le musée conserve 2 notices de ce titre et de ce numéro (4) : l'exemplaire visé serait indéterminé
M0537039189,UNE AMBULANCE SUR LE FRONT (titre inscrit),louis-morinet,musée de l'image,2010.5.5490 B,14,refusee,,,,,Wikimedia Commons,le musée conserve 2 notices de ce titre et de ce numéro (14) : l'exemplaire visé serait indéterminé
M0537039155,LE KRONPRINZ / LE PANTIN / BOCHE (titre inscrit),louis-morinet,musée de l'image,2010.5.5457 B,8,refusee,,,,,Wikimedia Commons,le musée conserve 4 notices de ce titre et de ce numéro (8) : l'exemplaire visé serait indéterminé
M0537039158,LES GAZ ASPHYXIANTS (titre inscrit),louis-morinet,musée de l'image,2010.5.5460 B,11,refusee,,,,,Wikimedia Commons,le musée conserve 3 notices de ce titre et de ce numéro (11) : l'exemplaire visé serait indéterminé
M0537039193,TÊTES DE BOCHES (titre inscrit),louis-morinet,musée de l'image,2010.5.5494 B,23,refusee,,,,,Wikimedia Commons,le musée conserve 2 notices de ce titre et de ce numéro (23) : l'exemplaire visé serait indéterminé
M0537039076,ARRIVÉE DES AMÉRICAINS / EN FRANCE / HYMNE NATIONAL & ARMES / DES ÉTATS-UNIS (titre inscrit),louis-morinet,musée de l'image,2010.5.911 B,769,refusee,,,,,Wikimedia Commons,le musée conserve 2 notices de ce titre et de ce numéro (769) : l'exemplaire visé serait indéterminé
M0537039191,SON VIEUX BON DIEU EN 5 PERSONNES / A BASCULE ou plutôt à ... BOUSCULE !... Ainsi soit-il ! (titre inscrit),louis-morinet,musée de l'image,2010.5.5492 B,16,refusee,,,,,Wikimedia Commons,le musée conserve 2 notices de ce titre et de ce numéro (16) : l'exemplaire visé serait indéterminé
M0537039176,LA GARDE-ROBE DU KAISER (titre inscrit),louis-morinet,musée de l'image,2010.5.5478 B,1,introuvable,,,,,Wikimedia Commons,aucun fichier du fonds ne porte ce titre
M0537039237,LE LOTO NATIONAL / 1914 - DANS LA GRANDE GUERRE - 1918 / DE GRANDS CHEFS FRANÇAIS (titre inscrit),louis-morinet,musée de l'image,2010.5.5538 B,1718,refusee,,,,,Wikimedia Commons,le musée conserve 2 notices de ce titre et de ce numéro (1718) : l'exemplaire visé serait indéterminé
M0537039178,LES FRANÇAIS EN ALSACE (titre inscrit),louis-morinet,musée de l'image,2010.5.5480 B,3,introuvable,,,,,Wikimedia Commons,aucun fichier du fonds ne porte ce titre
M0537039182,SUR LE FRONT : Les POILUS de 1914-1915 (titre inscrit),louis-morinet,musée de l'image,2010.5.5483 B,6,introuvable,,,,,Wikimedia Commons,aucun fichier du fonds ne porte ce titre
M0537039235,UN VRAI / MONSTRE / LE 'TANK' BRITANNIQUE dit : ' CRÊME / DE MENTHE ' /  qu'aucun obstacle ne peut arrêter et qui broie tout (titre inscrit),louis-morinet,musée de l'image,2010.5.5536 B,2051,introuvable,,,,,Wikimedia Commons,aucun fichier du fonds ne porte ce titre
M0537039162,FOURS ROULANTS / BOULANGERIE MILITAIRE / SUR LE FRONT (titre inscrit),louis-morinet,musée de l'image,2010.5.5464 B,16,introuvable,,,,,Wikimedia Commons,aucun fichier du fonds ne porte ce titre
M0537039152,TABLEAUX HUMORISTIQUES / à animer à l'aide des doigts (titre inscrit),louis-morinet,musée de l'image,2010.5.5455 B,5,refusee,,,,,Wikimedia Commons,le musée conserve 3 notices de ce titre et de ce numéro (5) : l'exemplaire visé serait indéterminé
M0537039186,LE CARROUSEL DES PETITS ALLIÉS (titre inscrit),louis-morinet,musée de l'image,2010.5.5487 B,10,refusee,,,,,Wikimedia Commons,le musée conserve 3 notices de ce titre et de ce numéro (10) : l'exemplaire visé serait indéterminé
M0537039190,UNE SALLE D'AMBULANCE / DE LA CROIX-ROUGE (titre inscrit),louis-morinet,musée de l'image,2010.5.5491 B,15,refusee,,,,,Wikimedia Commons,le musée conserve 3 notices de ce titre et de ce numéro (15) : l'exemplaire visé serait indéterminé
M0537039164,PETITS ENNEMIS EN ROBES COURTES / à opposer bonne contre mauvaise graine (titre inscrit),louis-morinet,musée de l'image,2010.5.5466 B,18,introuvable,,,,,Wikimedia Commons,aucun fichier du fonds ne porte ce titre
M0537039150,LA MAISON DU PASSEUR / MODESTE DEMEURE / DÉSORMAIS CÉLÈBRE (titre inscrit),louis-morinet,musée de l'image,2010.5.5453 B,3,refusee,,,,,Wikimedia Commons,le musée conserve 3 notices de ce titre et de ce numéro (3) : l'exemplaire visé serait indéterminé
M0537039187,UNE ATTAQUE À LA BAÏONNETTE (titre inscrit),louis-morinet,musée de l'image,2010.5.5488 B,12,refusee,,,,,Wikimedia Commons,le musée conserve 2 notices de ce titre et de ce numéro (12) : l'exemplaire visé serait indéterminé
M0537039171,CAMBRIOLAGE MILITAIRE / LES DÉMÉNAGEURS (ASPECT SIMPLE) (titre inscrit),louis-morinet,musée de l'image,2010.5.5473 B,2,refusee,,,,,Wikimedia Commons,le musée conserve 2 notices de ce titre et de ce numéro (2) : l'exemplaire visé serait indéterminé
M0537039172,LES PETITS POILUS DE LA CLASSE 1935 (ASPECT / SIMPLE) (titre inscrit),louis-morinet,musée de l'image,2010.5.5474 B,3,refusee,,,,,Wikimedia Commons,le musée conserve 2 notices de ce titre et de ce numéro (3) : l'exemplaire visé serait indéterminé
M0537039192,Le POILU-TYPE (titre inscrit),louis-morinet,musée de l'image,2010.5.5493 B,17,refusee,,,,,Wikimedia Commons,le musée conserve 2 notices de ce titre et de ce numéro (17) : l'exemplaire visé serait indéterminé
M0537039084,AUTOUR D'UN POSTE DE SECOURS / AMÉRICAIN (titre inscrit),louis-morinet,musée de l'image,2010.5.919 B,774,refusee,,,,,Wikimedia Commons,le musée conserve 6 notices de ce titre et de ce numéro (774) : l'exemplaire visé serait indéterminé
M0537039156,KAMERAD ! (titre inscrit),louis-morinet,musée de l'image,2010.5.5458 B,9,refusee,,,,,Wikimedia Commons,titre trop court ou trop commun pour être probant
M0537039161,BARAQUEMENTS ANGLAIS / A L'ARRIÈRE DU FRONT (titre inscrit),louis-morinet,musée de l'image,2010.5.5463 B,15,refusee,,,,,Wikimedia Commons,le musée conserve 2 notices de ce titre et de ce numéro (15) : l'exemplaire visé serait indéterminé
M0537039165,JEU DE MARELLE FRANCO - BRITANNIQUE (titre inscrit),louis-morinet,musée de l'image,2010.5.5467 B,1709,introuvable,,,,,Wikimedia Commons,aucun fichier du fonds ne porte ce titre
M0537039236,GRAINES DE POILUS (titre inscrit),louis-morinet,musée de l'image,2010.5.5537 B,2101,refusee,,,,,Wikimedia Commons,le musée conserve 2 notices de ce titre et de ce numéro (2101) : l'exemplaire visé serait indéterminé
M0537039067,"- GUERRE DE 1914 - CONTINGENTS HINDOUS / qui ont pris part, dans les Corps Anglais, aux combats du Nord (titre inscrit)",louis-morinet,musée de l'image,2010.5.753 B,599,refusee,,,,,Wikimedia Commons,le musée conserve 3 notices de ce titre et de ce numéro (599) : l'exemplaire visé serait indéterminé
M0537039184,UNE REVUE SUR LE FRONT OÙ LE GÉNÉRAL JOFFRE REMET DES DÉCORATIONS / DEVANT LE PRÉSIDENT DE LA RÉPUBLIQUE ET LE MINISTRE DE LA GUERRE (titre inscrit),louis-morinet,musée de l'image,2010.5.5485 B,8,refusee,,,,,Wikimedia Commons,le musée conserve 2 notices de ce titre et de ce numéro (8) : l'exemplaire visé serait indéterminé
M0537039160,A L'ÉTAT-MAJOR DU GÉNÉRAL JOFFRE (titre inscrit),louis-morinet,musée de l'image,2010.5.5462 B,13,refusee,,,,,Wikimedia Commons,le musée conserve 2 notices de ce titre et de ce numéro (13) : l'exemplaire visé serait indéterminé
M0537039194,OMBRES HUMORISTIQUES ANIMÉES (titre inscrit),louis-morinet,musée de l'image,2010.5.5495 B,24,introuvable,,,,,Wikimedia Commons,aucun fichier du fonds ne porte ce titre
M0537004358,- INFANTERIE FRANCAISE A LA REVUE - (titre inscrit),louis-morinet,musée de l'image,D 996.1.4206 B,2000,introuvable,,,,,Wikimedia Commons,aucun fichier du fonds ne porte ce titre
M0537072640,LE BOUQUET NATIONAL / Les Costumes de Melle Lili (titre inscrit),louis-morinet,musée de l'image,2020.17.8 B,86,refusee,,,,,Wikimedia Commons,le musée conserve 3 notices de ce titre et de ce numéro (86) : l'exemplaire visé serait indéterminé
M0537072635,UNE SALLE D'AMBULANCE / DE LA CROIX-ROUGE : (titre inscrit),louis-morinet,musée de l'image,2020.17.3 B,15,refusee,,,,,Wikimedia Commons,le musée conserve 3 notices de ce titre et de ce numéro (15) : l'exemplaire visé serait indéterminé
M0537072639,MA CANTINE / DRAPEAUX & / TENUES DE GUERRE / DE SIX DES / NATIONS ALLIÉES (titre inscrit),louis-morinet,musée de l'image,2020.17.7 B,80,refusee,,,,,Wikimedia Commons,le musée conserve 2 notices de ce titre et de ce numéro (80) : l'exemplaire visé serait indéterminé
M0537072633,LE DOMINO / DES ALLIÉS (titre inscrit),louis-morinet,musée de l'image,2020.17.1 B,4,refusee,,,,,Wikimedia Commons,le musée conserve 3 notices de ce titre et de ce numéro (4) : l'exemplaire visé serait indéterminé
M0022071780,"Poupées. Ankleidefiguren. (titre inscrit, français, allemand) ; Poupées. Poupées à habiller. (titre traduit)",rene-ackermann,musée Westercamp,2022.1.3315.0 ; 1036 (n° de lithographie) ; 1910 (n° de pochette),1036,introuvable,,,,,Wikimedia Commons,aucun fichier du fonds ne porte ce titre
M0022071785,"Poupées. Neue ankleidefiguren. (titre inscrit, français, allemand) ; Poupées. Nouvelles poupées à habiller. (titre traduit)",rene-ackermann,musée Westercamp,2022.1.3317.0 ; 1198 (n° de lithographie) ; 1979 (n° de pochette),1198,refusee,,,,,Wikimedia Commons,numéros de planche différents (1198 contre 1202)
M0022071764,"Poupées à découper. (titre inscrit, français, anglais, allemand, espagnol, italien)",rene-ackermann,musée Westercamp,2022.1.3303.0 ; 1493 (n° de lithographie) ; 6178 (n° de pochette),1493,introuvable,,,,,Wikimedia Commons,aucun fichier du fonds ne porte ce titre
M0022071775,"Poupées à découper. (titre inscrit, français, anglais, allemand, espagnol, italien)",rene-ackermann,musée Westercamp,2022.1.3311.0 ; 1039 (n° de lithographie) ; 6184 (n° de pochette),1039,refusee,,,,,Wikimedia Commons,le musée conserve 3 notices de ce titre et de ce numéro (1039) : l'exemplaire visé serait indéterminé
M0022071773,"Poupées à découper. (titre inscrit, français, anglais, allemand, espagnol, italien)",rene-ackermann,musée Westercamp,2022.1.3310.0 ; 1039 (n° de lithographie) ; 1890 (n° de pochette),1039,refusee,,,,,Wikimedia Commons,le musée conserve 3 notices de ce titre et de ce numéro (1039) : l'exemplaire visé serait indéterminé
M0022071777,"Poupées à découper. (titre inscrit, français, anglais, allemand, espagnol, italien)",rene-ackermann,musée Westercamp,2022.1.3312 ; 1039 (n° de lithographie) ; 6185 (n° de pochette),1039,refusee,,,,,Wikimedia Commons,le musée conserve 3 notices de ce titre et de ce numéro (1039) : l'exemplaire visé serait indéterminé
M0022071779,"Neue Ankleidefiguren. (titre inscrit, allemand) ; Nouvelles poupées à habiller. (titre traduit)",rene-ackermann,musée Westercamp,2022.1.3314.0 ; 1037 (n° de lithographie) ; 6186 (n° de pochette),1037,refusee,,,,,Wikimedia Commons,le musée conserve 2 notices de ce titre et de ce numéro (1037) : l'exemplaire visé serait indéterminé
M0022071778,"Neue Ankleidefiguren.. (titre inscrit, allemand) ; Nouvelles poupées à habiller. (titre traduit)",rene-ackermann,musée Westercamp,2022.1.3313 ; 1037 (n° de lithographie) ; 1906 (n° de pochette),1037,refusee,,,,,Wikimedia Commons,le musée conserve 2 notices de ce titre et de ce numéro (1037) : l'exemplaire visé serait indéterminé
